Point_ID,Heap_Position,NP_Neighbors,FHE_Neighbors,Diff_Neighbors,NP_Core,FHE_Core,Diff_Core,NP_Label,FHE_Label_Heap,FHE_Label_Orig
0,1893,43.0000,44.0000,1.0000,0.0000,0.0000,0.0000,1.0000,2424.3238,2424
1,1897,49.0000,49.0000,0.0000,0.0000,0.0000,0.0000,1.0000,2424.5036,2424
2,2210,182.0000,182.0000,0.0000,1.0000,1.0000,0.0000,1.0000,2424.5065,2424
3,2067,174.0000,174.0000,0.0000,1.0000,1.0000,0.0000,1.0000,2424.5337,2424
4,2102,78.0000,78.0000,0.0000,1.0000,1.0000,0.0000,1.0000,2424.4381,2424
5,2211,181.0000,181.0000,0.0000,1.0000,1.0000,0.0000,1.0000,2424.6167,2424
6,2214,155.0000,155.0000,0.0000,1.0000,1.0000,0.0000,1.0000,2424.5894,2424
7,2164,189.0000,189.0000,0.0000,1.0000,1.0000,0.0000,1.0000,2424.4772,2424
8,2195,39.0000,39.0000,0.0000,0.0000,-0.0000,0.0000,1.0000,2424.6179,2424
9,2163,189.0000,189.0000,0.0000,1.0000,1.0000,0.0000,1.0000,2424.6064,2424
10,2320,159.0000,159.0000,0.0000,1.0000,1.0000,0.0000,1.0000,2424.5343,2424
11,2188,191.0000,191.0000,0.0000,1.0000,1.0000,0.0000,1.0000,2424.4905,2424
12,2072,173.0000,173.0000,0.0000,1.0000,1.0000,0.0000,1.0000,2424.4362,2424
13,2078,146.0000,146.0000,0.0000,1.0000,1.0000,0.0000,1.0000,2424.4838,2424
14,2180,189.0000,189.0000,0.0000,1.0000,1.0000,0.0000,1.0000,2424.6517,2424
15,1906,40.0000,40.0000,0.0000,0.0000,-0.0000,0.0000,1.0000,2424.4198,2424
16,2119,187.0000,187.0000,0.0000,1.0000,1.0000,0.0000,1.0000,2424.5550,2424
17,2200,189.0000,189.0000,0.0000,1.0000,1.0000,0.0000,1.0000,2424.6357,2424
18,2105,148.0000,149.0000,1.0000,1.0000,1.0000,0.0000,1.0000,2424.7130,2424
19,2254,148.0000,148.0000,0.0000,1.0000,1.0000,0.0000,1.0000,2424.5084,2424
20,2223,185.0000,185.0000,0.0000,1.0000,1.0000,0.0000,1.0000,2424.5055,2424
21,2185,190.0000,190.0000,0.0000,1.0000,1.0000,0.0000,1.0000,2424.4876,2424
22,2042,169.0000,169.0000,0.0000,1.0000,1.0000,0.0000,1.0000,2424.4170,2424
23,2018,40.0000,40.0000,0.0000,0.0000,-0.0000,0.0000,1.0000,2424.4804,2424
24,2151,187.0000,187.0000,0.0000,1.0000,1.0000,0.0000,1.0000,2424.4758,2424
25,2208,184.0000,185.0000,1.0000,1.0000,1.0000,0.0000,1.0000,2424.4821,2424
26,2354,115.0000,117.0000,2.0000,1.0000,1.0000,0.0000,1.0000,2424.4994,2424
27,2128,193.0000,193.0000,0.0000,1.0000,1.0000,0.0000,1.0000,2424.6497,2424
28,2146,189.0000,189.0000,0.0000,1.0000,1.0000,0.0000,1.0000,2424.7181,2424
29,2321,147.0000,147.0000,0.0000,1.0000,1.0000,0.0000,1.0000,2424.5714,2424
30,2033,58.0000,58.0000,0.0000,1.0000,1.0000,0.0000,1.0000,2424.3773,2424
31,2244,180.0000,180.0000,0.0000,1.0000,1.0000,0.0000,1.0000,2424.5092,2424
32,2044,164.0000,164.0000,0.0000,1.0000,1.0000,0.0000,1.0000,2424.4063,2424
33,2207,11.0000,11.0000,0.0000,0.0000,0.0000,0.0000,1.0000,2424.5767,2424
34,2071,176.0000,176.0000,0.0000,1.0000,1.0000,0.0000,1.0000,2424.4443,2424
35,2088,170.0000,170.0000,0.0000,1.0000,1.0000,0.0000,1.0000,2424.4629,2424
36,2199,188.0000,188.0000,0.0000,1.0000,1.0000,0.0000,1.0000,2424.5174,2424
37,2250,158.0000,158.0000,0.0000,1.0000,1.0000,0.0000,1.0000,2424.5630,2424
38,2120,182.0000,182.0000,0.0000,1.0000,1.0000,0.0000,1.0000,2424.4924,2424
39,2080,172.0000,172.0000,0.0000,1.0000,1.0000,0.0000,1.0000,2424.5118,2424
40,2070,172.0000,172.0000,0.0000,1.0000,1.0000,0.0000,1.0000,2424.4443,2424
41,2083,169.0000,169.0000,0.0000,1.0000,1.0000,0.0000,1.0000,2424.4673,2424
42,2131,193.0000,193.0011,0.0011,1.0000,1.0000,0.0000,1.0000,2424.4571,2424
43,2020,138.0000,138.0000,0.0000,1.0000,1.0000,0.0000,1.0000,2424.3831,2424
44,2409,40.0000,40.0000,0.0000,0.0000,0.0000,0.0000,1.0000,2424.5423,2424
45,2492,44.0000,44.0000,0.0000,0.0000,0.0000,0.0000,1.0000,2424.4770,2424
46,2069,164.0000,164.0000,0.0000,1.0000,1.0000,0.0000,1.0000,2424.4542,2424
47,2533,34.0000,34.0000,0.0000,0.0000,-0.0000,0.0000,1.0000,2424.4602,2424
48,2161,189.0000,189.0000,0.0000,1.0000,1.0000,0.0000,1.0000,2424.4856,2424
49,2117,184.0000,185.0000,1.0000,1.0000,1.0000,0.0000,1.0000,2424.4750,2424
50,2133,163.0000,163.0000,0.0000,1.0000,1.0000,0.0000,1.0000,2424.4742,2424
51,2761,20.0000,20.0000,0.0000,0.0000,0.0000,0.0000,1.0000,2424.4065,2424
52,2384,6.0000,6.0000,0.0000,0.0000,0.0000,0.0000,0.0000,-0.0349,-1
53,2159,192.0000,192.0000,0.0000,1.0000,1.0000,0.0000,1.0000,2424.4781,2424
54,2296,68.0000,68.0000,0.0000,1.0000,1.0000,0.0000,1.0000,2424.5026,2424
55,2216,171.0000,171.0000,0.0000,1.0000,1.0000,0.0000,1.0000,2424.4977,2424
56,1966,62.0000,62.0000,0.0000,1.0000,1.0000,0.0000,1.0000,2424.2854,2424
57,2189,150.0000,150.0000,0.0000,1.0000,1.0000,0.0000,1.0000,2424.5384,2424
58,2439,38.0000,38.0000,0.0000,0.0000,-0.0000,0.0000,1.0000,2424.4499,2424
59,2053,85.0000,85.0000,0.0000,1.0000,1.0000,0.0000,1.0000,2424.4018,2424
60,1615,12.0000,12.0000,0.0000,0.0000,0.0000,0.0000,0.0000,0.0230,-1
61,1982,62.0000,62.0000,0.0000,1.0000,1.0000,0.0000,1.0000,2424.3920,2424
62,2476,42.0000,42.0000,0.0000,0.0000,-0.0000,0.0000,1.0000,2424.6177,2424
63,2114,155.0000,155.0000,0.0000,1.0000,1.0000,0.0000,1.0000,2424.4496,2424
64,2123,176.0000,177.0000,1.0000,1.0000,1.0000,0.0000,1.0000,2424.6364,2424
65,2026,132.0000,132.0000,0.0000,1.0000,1.0000,0.0000,1.0000,2424.6360,2424
66,2169,190.0000,190.0000,0.0000,1.0000,1.0000,0.0000,1.0000,2424.5314,2424
67,2032,32.0000,32.0000,0.0000,0.0000,0.0000,0.0000,1.0000,2424.3825,2424
68,2076,134.0000,134.0000,0.0000,1.0000,1.0000,0.0000,1.0000,2424.5435,2424
69,2101,88.0000,88.0000,0.0000,1.0000,1.0000,0.0000,1.0000,2424.4542,2424
70,2090,175.0000,175.0000,0.0000,1.0000,1.0000,0.0000,1.0000,2424.4819,2424
71,2096,121.0000,121.0000,0.0000,1.0000,1.0000,0.0000,1.0000,2424.5691,2424
72,2005,47.0000,47.0000,0.0000,0.0000,-0.0000,0.0000,1.0000,2424.6838,2424
73,2292,62.0000,62.0000,0.0000,1.0000,1.0000,0.0000,1.0000,2424.4900,2424
74,2191,181.0000,181.0000,0.0000,1.0000,1.0000,0.0000,1.0000,2424.4851,2424
75,2581,10.0000,10.0000,0.0000,0.0000,-0.0000,0.0000,1.0000,2424.4801,2424
76,2150,189.0000,190.0000,1.0000,1.0000,1.0000,0.0000,1.0000,2424.5977,2424
77,2329,59.0000,59.0000,0.0000,1.0000,1.0000,0.0000,1.0000,2424.7714,2424
78,2212,166.0000,166.0000,0.0000,1.0000,1.0000,0.0000,1.0000,2424.4903,2424
79,2246,174.0000,174.0000,0.0000,1.0000,1.0000,0.0000,1.0000,2424.5880,2424
80,2049,122.0000,122.0000,0.0000,1.0000,1.0000,0.0000,1.0000,2424.4169,2424
81,2098,163.0000,163.0000,0.0000,1.0000,1.0000,0.0000,1.0000,2424.4650,2424
82,2168,189.0000,189.0000,0.0000,1.0000,1.0000,0.0000,1.0000,2424.4814,2424
83,2271,12.0000,13.0000,1.0000,0.0000,-0.0000,0.0000,1.0000,2424.4820,2424
84,2202,185.0000,185.0000,0.0000,1.0000,1.0000,0.0000,1.0000,2424.6503,2424
85,2304,120.0000,121.0000,1.0000,1.0000,1.0000,0.0000,1.0000,2424.5140,2424
86,1976,75.0000,75.0000,0.0000,1.0000,1.0000,0.0000,1.0000,2424.3693,2424
87,2065,140.0000,140.0000,0.0000,1.0000,1.0000,0.0000,1.0000,2424.4236,2424
88,2480,24.0000,24.0000,0.0000,0.0000,0.0000,0.0000,1.0000,2424.4996,2424
89,2247,162.0000,162.0000,0.0000,1.0000,1.0000,0.0000,1.0000,2424.5780,2424
90,2155,189.0000,189.0000,0.0000,1.0000,1.0000,0.0000,1.0000,2424.4875,2424
91,2230,153.0000,153.0000,0.0000,1.0000,1.0000,0.0000,1.0000,2424.4894,2424
92,2125,186.0000,186.0000,0.0000,1.0000,1.0000,0.0000,1.0000,2424.4630,2424
93,2278,156.0000,157.0000,1.0000,1.0000,1.0000,0.0000,1.0000,2424.5184,2424
94,2038,80.0000,80.0000,0.0000,1.0000,1.0000,0.0000,1.0000,2424.3925,2424
95,2147,189.0000,189.0000,0.0000,1.0000,1.0000,0.0000,1.0000,2424.4792,2424
96,2178,174.0000,174.0000,0.0000,1.0000,1.0000,0.0000,1.0000,2424.5928,2424
97,2025,108.0000,109.0000,1.0000,1.0000,1.0000,0.0000,1.0000,2424.3556,2424
98,2138,191.0000,191.0000,0.0000,1.0000,1.0000,0.0000,1.0000,2424.4710,2424
99,2324,105.0000,105.0011,0.0011,1.0000,1.0000,0.0000,1.0000,2424.6431,2424
100,1983,18.0000,18.0000,0.0000,0.0000,0.0000,0.0000,1.0000,2424.1619,2424
101,1780,10.0000,10.0000,0.0000,0.0000,-0.0000,0.0000,0.0000,-0.0376,-1
102,2167,189.0000,189.0000,0.0000,1.0000,1.0000,0.0000,1.0000,2424.4967,2424
103,2190,144.0000,144.0000,0.0000,1.0000,1.0000,0.0000,1.0000,2424.5295,2424
104,2015,36.0000,36.0000,0.0000,0.0000,-0.0000,0.0000,1.0000,2424.5535,2424
105,2174,191.0000,191.0000,0.0000,1.0000,1.0000,0.0000,1.0000,2424.6263,2424
106,2479,54.0000,54.0000,0.0000,1.0000,1.0000,0.0000,1.0000,2424.5789,2424
107,2451,53.0000,53.0000,0.0000,1.0000,1.0000,0.0000,1.0000,2424.4416,2424
108,2287,142.0000,142.0000,0.0000,1.0000,1.0000,0.0000,1.0000,2424.5130,2424
109,1800,27.0000,27.0000,0.0000,0.0000,-0.0000,0.0000,1.0000,2424.3700,2424
110,2170,190.0000,190.0000,0.0000,1.0000,1.0000,0.0000,1.0000,2424.4877,2424
111,2140,190.0000,190.0000,0.0000,1.0000,1.0000,0.0000,1.0000,2424.4643,2424
112,2356,56.0000,56.0000,0.0000,1.0000,1.0000,0.0000,1.0000,2424.4550,2424
113,2054,127.0000,127.0000,0.0000,1.0000,1.0000,0.0000,1.0000,2424.4285,2424
114,2242,147.0000,147.0000,0.0000,1.0000,1.0000,0.0000,1.0000,2424.6670,2424
115,2196,191.0000,191.0000,0.0000,1.0000,1.0000,0.0000,1.0000,2424.5656,2424
116,2182,191.0000,191.0000,0.0000,1.0000,1.0000,0.0000,1.0000,2424.5397,2424
117,2136,192.0000,192.0000,0.0000,1.0000,1.0000,0.0000,1.0000,2424.4636,2424
118,2193,185.0000,185.0000,0.0000,1.0000,1.0000,0.0000,1.0000,2424.4815,2424
119,2330,59.0000,59.0000,0.0000,1.0000,1.0000,0.0000,1.0000,2424.4664,2424
120,2066,128.0000,128.0000,0.0000,1.0000,1.0000,0.0000,1.0000,2424.5532,2424
121,1763,8.0000,8.0000,0.0000,0.0000,0.0000,0.0000,0.0000,0.2147,-1
122,2094,37.0000,37.0000,0.0000,0.0000,-0.0000,0.0000,1.0000,2424.4273,2424
123,2624,30.0000,30.0000,0.0000,0.0000,0.0000,0.0000,1.0000,2424.4939,2424
124,1996,54.0000,54.0000,0.0000,1.0000,1.0000,0.0000,1.0000,2424.2874,2424
125,2141,189.0000,189.0000,0.0000,1.0000,1.0000,0.0000,1.0000,2424.5475,2424
126,2166,189.0000,190.0000,1.0000,1.0000,1.0000,0.0000,1.0000,2424.5135,2424
127,2229,185.0000,185.0000,0.0000,1.0000,1.0000,0.0000,1.0000,2424.5117,2424
128,2137,169.0000,169.0000,0.0000,1.0000,1.0000,0.0000,1.0000,2424.5350,2424
129,2186,4.0000,4.0000,0.0000,0.0000,-0.0000,0.0000,0.0000,-0.0330,-1
130,2941,4.0000,4.0000,0.0000,0.0000,-0.0000,0.0000,0.0000,0.0386,-1
131,2506,45.0000,45.0000,0.0000,0.0000,-0.0000,0.0000,1.0000,2424.5358,2424
132,2236,180.0000,180.0000,0.0000,1.0000,1.0000,0.0000,1.0000,2424.5084,2424
133,2243,182.0000,182.0000,0.0000,1.0000,1.0000,0.0000,1.0000,2424.5967,2424
134,2366,39.0000,40.0000,1.0000,0.0000,0.0000,0.0000,1.0000,2424.4776,2424
135,2012,94.0000,94.0000,0.0000,1.0000,1.0000,0.0000,1.0000,2424.3864,2424
136,2282,97.0000,97.0000,0.0000,1.0000,1.0000,0.0000,1.0000,2424.5242,2424
137,2318,117.0000,117.0000,0.0000,1.0000,1.0000,0.0000,1.0000,2424.5031,2424
138,2205,123.0000,123.0000,0.0000,1.0000,1.0000,0.0000,1.0000,2424.4877,2424
139,2110,176.0000,176.0000,0.0000,1.0000,1.0000,0.0000,1.0000,2424.4643,2424
140,2301,136.0000,136.0000,0.0000,1.0000,1.0000,0.0000,1.0000,2424.5399,2424
141,1980,61.0000,61.0000,0.0000,1.0000,1.0000,0.0000,1.0000,2424.4302,2424
142,2360,95.0000,96.0000,1.0000,1.0000,1.0000,0.0000,1.0000,2424.5029,2424
143,2349,42.0000,42.0000,0.0000,0.0000,-0.0000,0.0000,1.0000,2424.4507,2424
144,2108,176.0000,176.0000,0.0000,1.0000,1.0000,0.0000,1.0000,2424.5480,2424
145,2160,190.0000,190.0000,0.0000,1.0000,1.0000,0.0000,1.0000,2424.4768,2424
146,2248,158.0000,158.0000,0.0000,1.0000,1.0000,0.0000,1.0000,2424.4953,2424
147,2226,185.0000,185.0000,0.0000,1.0000,1.0000,0.0000,1.0000,2424.4942,2424
148,2062,147.0000,147.0000,0.0000,1.0000,1.0000,0.0000,1.0000,2424.6598,2424
149,2153,193.0000,193.0000,0.0000,1.0000,1.0000,0.0000,1.0000,2424.4761,2424
150,2171,189.0000,190.0000,1.0000,1.0000,1.0000,0.0000,1.0000,2424.5430,2424
151,1965,61.0000,61.0000,0.0000,1.0000,1.0000,0.0000,1.0000,2424.0732,2424
152,2225,183.0000,183.0000,0.0000,1.0000,1.0000,0.0000,1.0000,2424.4946,2424
153,1956,40.0000,40.0000,0.0000,0.0000,-0.0000,0.0000,1.0000,2424.3296,2424
154,2122,137.0000,137.0000,0.0000,1.0000,1.0000,0.0000,1.0000,2424.4682,2424
155,1467,36.0000,36.0000,0.0000,0.0000,-0.0000,0.0000,8.0000,1996.5923,1997
156,2194,173.0000,173.0000,0.0000,1.0000,1.0000,0.0000,1.0000,2424.4996,2424
157,1988,40.0000,40.0000,0.0000,0.0000,0.0000,0.0000,1.0000,2424.3827,2424
158,2165,194.0000,194.0000,0.0000,1.0000,1.0000,0.0000,1.0000,2424.4948,2424
159,2064,125.0000,125.0000,0.0000,1.0000,1.0000,0.0000,1.0000,2424.4097,2424
160,2397,32.0000,32.0000,0.0000,0.0000,-0.0000,0.0000,1.0000,2424.4472,2424
161,2335,138.0000,138.0000,0.0000,1.0000,1.0000,0.0000,1.0000,2424.6371,2424
162,2374,88.0000,88.0000,0.0000,1.0000,1.0000,0.0000,1.0000,2424.5781,2424
163,2060,134.0000,134.0000,0.0000,1.0000,1.0000,0.0000,1.0000,2424.6557,2424
164,2262,76.0000,76.0000,0.0000,1.0000,1.0000,0.0000,1.0000,2424.5157,2424
165,2343,142.0000,142.0000,0.0000,1.0000,1.0000,0.0000,1.0000,2424.5010,2424
166,2035,29.0000,29.0000,0.0000,0.0000,-0.0000,0.0000,1.0000,2424.4816,2424
167,1928,47.0000,47.0000,0.0000,0.0000,0.0000,0.0000,1.0000,2424.2781,2424
168,2099,92.0000,92.0000,0.0000,1.0000,1.0000,0.0000,1.0000,2424.4615,2424
169,2266,97.0000,97.0000,0.0000,1.0000,1.0000,0.0000,1.0000,2424.4899,2424
170,2142,166.0000,166.0000,0.0000,1.0000,1.0000,0.0000,1.0000,2424.4541,2424
171,2077,82.0000,82.0000,0.0000,1.0000,1.0000,0.0000,1.0000,2424.5047,2424
172,2373,141.0000,141.0000,0.0000,1.0000,1.0000,0.0000,1.0000,2424.5110,2424
173,2109,169.0000,169.0000,0.0000,1.0000,1.0000,0.0000,1.0000,2424.5789,2424
174,2158,188.0000,188.0000,0.0000,1.0000,1.0000,0.0000,1.0000,2424.4601,2424
175,2410,52.0000,52.0000,0.0000,1.0000,1.0000,0.0000,1.0000,2424.5038,2424
176,2219,171.0000,171.0000,0.0000,1.0000,1.0000,0.0000,1.0000,2424.6094,2424
177,2029,70.0000,70.0000,0.0000,1.0000,1.0000,0.0000,1.0000,2424.5455,2424
178,2139,144.0000,144.0000,0.0000,1.0000,1.0000,0.0000,1.0000,2424.4624,2424
179,2204,145.0000,145.0000,0.0000,1.0000,1.0000,0.0000,1.0000,2424.4999,2424
180,1726,21.0000,21.0000,0.0000,0.0000,-0.0000,0.0000,1.0000,2424.0598,2424
181,2093,176.0000,176.0000,0.0000,1.0000,1.0000,0.0000,1.0000,2424.5163,2424
182,2011,121.0000,121.0000,0.0000,1.0000,1.0000,0.0000,1.0000,2424.3711,2424
183,2298,46.0000,46.0000,0.0000,0.0000,0.0000,0.0000,1.0000,2424.4478,2424
184,2145,68.0000,70.0000,2.0000,1.0000,1.0000,0.0000,1.0000,2424.4787,2424
185,2283,161.0000,161.0000,0.0000,1.0000,1.0000,0.0000,1.0000,2424.4973,2424
186,2172,190.0000,190.0000,0.0000,1.0000,1.0000,0.0000,1.0000,2424.4856,2424
187,2149,186.0000,186.0000,0.0000,1.0000,1.0000,0.0000,1.0000,2424.5463,2424
188,2332,38.0000,38.0000,0.0000,0.0000,0.0000,0.0000,1.0000,2424.5782,2424
189,2107,159.0000,159.0000,0.0000,1.0000,1.0000,0.0000,1.0000,2424.5191,2424
190,2051,170.0000,170.0000,0.0000,1.0000,1.0000,0.0000,1.0000,2424.6064,2424
191,1989,4.0000,4.0000,0.0000,0.0000,0.0000,0.0000,0.0000,-0.0359,-1
192,2085,183.0000,184.0000,1.0000,1.0000,1.0000,0.0000,1.0000,2424.4536,2424
193,2118,183.0000,183.0000,0.0000,1.0000,1.0000,0.0000,1.0000,2424.4883,2424
194,2355,139.0000,139.0000,0.0000,1.0000,1.0000,0.0000,1.0000,2424.6726,2424
195,2345,54.0000,54.0000,0.0000,1.0000,1.0000,0.0000,1.0000,2424.4734,2424
196,2392,11.0000,11.0000,0.0000,0.0000,-0.0000,0.0000,0.0000,-0.0319,-1
197,2261,173.0000,173.0000,0.0000,1.0000,1.0000,0.0000,1.0000,2424.5176,2424
198,2058,158.0000,159.0000,1.0000,1.0000,1.0000,0.0000,1.0000,2424.4147,2424
199,2115,179.0000,179.0000,0.0000,1.0000,1.0000,0.0000,1.0000,2424.4727,2424
200,2240,182.0000,182.0000,0.0000,1.0000,1.0000,0.0000,1.0000,2424.5133,2424
201,2154,187.0000,187.0000,0.0000,1.0000,1.0000,0.0000,1.0000,2424.5130,2424
202,2148,188.0000,189.0000,1.0000,1.0000,1.0000,0.0000,1.0000,2424.6830,2424
203,2342,46.0000,46.0000,0.0000,0.0000,-0.0000,0.0000,1.0000,2424.5127,2424
204,1876,34.0000,34.0000,0.0000,0.0000,-0.0000,0.0000,1.0000,2424.3509,2424
205,2197,183.0000,183.0000,0.0000,1.0000,1.0000,0.0000,1.0000,2424.4637,2424
206,2217,172.0000,172.0000,0.0000,1.0000,1.0000,0.0000,1.0000,2424.6133,2424
207,2228,71.0000,72.0000,1.0000,1.0000,1.0000,0.0000,1.0000,2424.5066,2424
208,1987,35.0000,35.0000,0.0000,0.0000,0.0000,0.0000,1.0000,2424.4164,2424
209,2124,186.0000,186.0000,0.0000,1.0000,1.0000,0.0000,1.0000,2424.4714,2424
210,2268,169.0000,169.0000,0.0000,1.0000,1.0000,0.0000,1.0000,2424.5134,2424
211,2232,167.0000,167.0000,0.0000,1.0000,1.0000,0.0000,1.0000,2424.5907,2424
212,2134,189.0000,189.0000,0.0000,1.0000,1.0000,0.0000,1.0000,2424.5955,2424
213,2177,184.0000,184.0000,0.0000,1.0000,1.0000,0.0000,1.0000,2424.6348,2424
214,2270,169.0000,169.0000,0.0000,1.0000,1.0000,0.0000,1.0000,2424.5226,2424
215,2089,166.0000,166.0000,0.0000,1.0000,1.0000,0.0000,1.0000,2424.4493,2424
216,2152,189.0000,189.0000,0.0000,1.0000,1.0000,0.0000,1.0000,2424.4819,2424
217,2156,188.0000,188.0000,0.0000,1.0000,1.0000,0.0000,1.0000,2424.5277,2424
218,1927,46.0000,46.0000,0.0000,0.0000,-0.0000,0.0000,1.0000,2424.4522,2424
219,2263,169.0000,169.0000,0.0000,1.0000,1.0000,0.0000,1.0000,2424.5087,2424
220,2209,183.0000,183.0000,0.0000,1.0000,1.0000,0.0000,1.0000,2424.4870,2424
221,2130,188.0000,188.0000,0.0000,1.0000,1.0000,0.0000,1.0000,2424.4690,2424
222,2176,188.0000,188.0000,0.0000,1.0000,1.0000,0.0000,1.0000,2424.4890,2424
223,2022,75.0000,76.0000,1.0000,1.0000,1.0000,0.0000,1.0000,2424.4330,2424
224,2237,172.0000,172.0000,0.0000,1.0000,1.0000,0.0000,1.0000,2424.4858,2424
225,2399,62.0000,62.0000,0.0000,1.0000,1.0000,0.0000,1.0000,2424.5866,2424
226,2037,38.0000,38.0000,0.0000,0.0000,0.0000,0.0000,1.0000,2424.4228,2424
227,2127,13.0000,13.0000,0.0000,0.0000,0.0000,0.0000,8.0000,1996.5920,1997
228,2045,64.0000,64.0000,0.0000,1.0000,1.0000,0.0000,1.0000,2424.4123,2424
229,2311,147.0000,147.0000,0.0000,1.0000,1.0000,0.0000,1.0000,2424.6010,2424
230,2081,169.0000,169.0000,0.0000,1.0000,1.0000,0.0000,1.0000,2424.4951,2424
231,2252,180.0000,180.0000,0.0000,1.0000,1.0000,0.0000,1.0000,2424.5103,2424
232,2843,12.0000,12.0000,0.0000,0.0000,0.0000,0.0000,1.0000,2424.4341,2424
233,2385,34.0000,34.0000,0.0000,0.0000,-0.0000,0.0000,1.0000,2424.4985,2424
234,2009,131.0000,131.0000,0.0000,1.0000,1.0000,0.0000,1.0000,2424.3504,2424
235,2129,32.0000,32.0000,0.0000,0.0000,-0.0000,0.0000,1.0000,2424.6521,2424
236,2103,186.0000,186.0000,0.0000,1.0000,1.0000,0.0000,1.0000,2424.5832,2424
237,2016,116.0000,116.0000,0.0000,1.0000,1.0000,0.0000,1.0000,2424.3917,2424
238,2859,15.0000,15.0000,0.0000,0.0000,-0.0000,0.0000,1.0000,2424.3649,2424
239,2086,125.0000,125.0000,0.0000,1.0000,1.0000,0.0000,1.0000,2424.6755,2424
240,2523,33.0000,33.0000,0.0000,0.0000,0.0000,0.0000,1.0000,2424.5482,2424
241,1914,39.0000,39.0000,0.0000,0.0000,0.0000,0.0000,1.0000,2424.3169,2424
242,2079,181.0000,181.0000,0.0000,1.0000,1.0000,0.0000,1.0000,2424.4550,2424
243,2106,166.0000,166.0000,0.0000,1.0000,1.0000,0.0000,1.0000,2424.4614,2424
244,2367,33.0000,33.0000,0.0000,0.0000,-0.0000,0.0000,1.0000,2424.4805,2424
245,2434,63.0000,63.0000,0.0000,1.0000,1.0000,0.0000,1.0000,2424.4586,2424
246,2241,134.0000,134.0000,0.0000,1.0000,1.0000,0.0000,1.0000,2424.4938,2424
247,1885,13.0000,13.0000,0.0000,0.0000,-0.0000,0.0000,0.0000,-0.0240,-1
248,1997,56.0000,56.0000,0.0000,1.0000,1.0000,0.0000,1.0000,2424.4672,2424
249,2569,37.0000,37.0000,0.0000,0.0000,0.0000,0.0000,1.0000,2424.5118,2424
250,1887,41.0000,41.0000,0.0000,0.0000,-0.0000,0.0000,1.0000,2424.5180,2424
251,2068,145.0000,145.0000,0.0000,1.0000,1.0000,0.0000,1.0000,2424.4409,2424
252,1606,14.0000,14.0000,0.0000,0.0000,-0.0000,0.0000,1.0000,2424.3735,2424
253,2644,31.0000,32.0000,1.0000,0.0000,0.0000,0.0000,1.0000,2424.5483,2424
254,2530,26.0000,26.0000,0.0000,0.0000,-0.0000,0.0000,1.0000,2424.5033,2424
255,2542,36.0000,36.0000,0.0000,0.0000,0.0000,0.0000,1.0000,2424.5193,2424
256,1871,18.0000,18.0000,0.0000,0.0000,0.0000,0.0000,1.0000,2424.2001,2424
257,2284,165.0000,165.0000,0.0000,1.0000,1.0000,0.0000,1.0000,2424.6322,2424
258,1790,7.0000,7.0000,0.0000,0.0000,0.0000,0.0000,0.0000,-0.0279,-1
259,2184,176.0000,176.0000,0.0000,1.0000,1.0000,0.0000,1.0000,2424.4726,2424
260,2375,78.0000,78.0000,0.0000,1.0000,1.0000,0.0000,1.0000,2424.5359,2424
261,2315,129.0000,129.0000,0.0000,1.0000,1.0000,0.0000,1.0000,2424.4927,2424
262,2218,184.0000,184.0000,0.0000,1.0000,1.0000,0.0000,1.0000,2424.6546,2424
263,1999,47.0000,47.0000,0.0000,0.0000,0.0000,0.0000,1.0000,2424.4282,2424
264,2286,95.0000,95.0000,0.0000,1.0000,1.0000,0.0000,1.0000,2424.5119,2424
265,2265,173.0000,173.0000,0.0000,1.0000,1.0000,0.0000,1.0000,2424.5314,2424
266,2201,147.0000,147.0000,0.0000,1.0000,1.0000,0.0000,1.0000,2424.6087,2424
267,2039,147.0000,147.0000,0.0000,1.0000,1.0000,0.0000,1.0000,2424.4087,2424
268,2135,188.0000,188.0000,0.0000,1.0000,1.0000,0.0000,1.0000,2424.4752,2424
269,1978,49.0000,49.0000,0.0000,0.0000,-0.0000,0.0000,1.0000,2424.4670,2424
270,2055,174.0000,174.0000,0.0000,1.0000,1.0000,0.0000,1.0000,2424.4037,2424
271,2144,183.0000,183.0000,0.0000,1.0000,1.0000,0.0000,1.0000,2424.4666,2424
272,2227,181.0000,181.0000,0.0000,1.0000,1.0000,0.0000,1.0000,2424.5596,2424
273,1971,58.0000,58.0000,0.0000,1.0000,1.0000,0.0000,1.0000,2424.2953,2424
274,1743,11.0000,11.0000,0.0000,0.0000,0.0000,0.0000,1.0000,2424.2008,2424
275,2181,178.0000,178.0000,0.0000,1.0000,1.0000,0.0000,1.0000,2424.5715,2424
276,2034,135.0000,135.0000,0.0000,1.0000,1.0000,0.0000,1.0000,2424.3930,2424
277,2233,183.0000,183.0000,0.0000,1.0000,1.0000,0.0000,1.0000,2424.5215,2424
278,2277,165.0000,165.0000,0.0000,1.0000,1.0000,0.0000,1.0000,2424.5842,2424
279,2183,193.0000,193.0000,0.0000,1.0000,1.0000,0.0000,1.0000,2424.5881,2424
280,2175,75.0000,75.0000,0.0000,1.0000,1.0000,0.0000,1.0000,2424.4496,2424
281,2095,173.0000,173.0000,0.0000,1.0000,1.0000,0.0000,1.0000,2424.6605,2424
282,2393,88.0000,88.0000,0.0000,1.0000,1.0000,0.0000,1.0000,2424.4828,2424
283,2092,178.0000,178.0000,0.0000,1.0000,1.0000,0.0000,1.0000,2424.4800,2424
284,2215,187.0000,187.0000,0.0000,1.0000,1.0000,0.0000,1.0000,2424.5735,2424
285,2308,11.0000,11.0000,0.0000,0.0000,0.0000,0.0000,1.0000,2424.4812,2424
286,2235,182.0000,182.0000,0.0000,1.0000,1.0000,0.0000,1.0000,2424.5778,2424
287,2187,187.0000,187.0000,0.0000,1.0000,1.0000,0.0000,1.0000,2424.5270,2424
288,2041,166.0000,166.0000,0.0000,1.0000,1.0000,0.0000,1.0000,2424.4103,2424
289,2198,189.0000,189.0000,0.0000,1.0000,1.0000,0.0000,1.0000,2424.4759,2424
290,2143,173.0000,173.0000,0.0000,1.0000,1.0000,0.0000,1.0000,2424.4607,2424
291,2306,143.0000,143.0000,0.0000,1.0000,1.0000,0.0000,1.0000,2424.5829,2424
292,2222,183.0000,183.0000,0.0000,1.0000,1.0000,0.0000,1.0000,2424.4962,2424
293,2213,182.0000,182.0000,0.0000,1.0000,1.0000,0.0000,1.0000,2424.6973,2424
294,2276,165.0000,165.0000,0.0000,1.0000,1.0000,0.0000,1.0000,2424.5255,2424
295,1954,38.0000,38.0000,0.0000,0.0000,0.0000,0.0000,1.0000,2424.4060,2424
296,2179,180.0000,180.0000,0.0000,1.0000,1.0000,0.0000,1.0000,2424.4959,2424
297,2251,177.0000,177.0000,0.0000,1.0000,1.0000,0.0000,1.0000,2424.5251,2424
298,1901,46.0000,46.0000,0.0000,0.0000,0.0000,0.0000,1.0000,2424.5553,2424
299,2014,98.0000,98.0000,0.0000,1.0000,1.0000,0.0000,1.0000,2424.3905,2424
300,497,264.0000,264.0000,0.0000,1.0000,1.0000,0.0000,2.0000,609.8217,610
301,490,264.0000,264.0000,0.0000,1.0000,1.0000,0.0000,2.0000,609.8321,610
302,379,258.0000,258.0000,0.0000,1.0000,1.0000,0.0000,2.0000,609.7602,610
303,568,261.0000,261.0000,0.0000,1.0000,1.0000,0.0000,2.0000,609.8786,610
304,421,15.0000,15.0000,0.0000,0.0000,-0.0000,0.0000,0.0000,-0.0363,-1
305,667,13.0000,13.0000,0.0000,0.0000,0.0000,0.0000,0.0000,-0.0336,-1
306,579,265.0000,265.0000,0.0000,1.0000,1.0000,0.0000,2.0000,609.9188,610
307,441,68.0000,68.0000,0.0000,1.0000,1.0000,0.0000,2.0000,609.7862,610
308,542,258.0000,258.0000,0.0000,1.0000,1.0000,0.0000,2.0000,609.8541,610
309,468,264.0000,264.0000,0.0000,1.0000,1.0000,0.0000,2.0000,609.8394,610
310,335,53.0000,53.0000,0.0000,1.0000,1.0000,0.0000,2.0000,609.7948,610
311,351,264.0000,264.0000,0.0000,1.0000,1.0000,0.0000,2.0000,609.8759,610
312,398,70.0000,70.0000,0.0000,1.0000,1.0000,0.0000,2.0000,609.7477,610
313,654,257.0000,257.0000,0.0000,1.0000,1.0000,0.0000,2.0000,609.9390,610
314,578,258.0000,258.0000,0.0000,1.0000,1.0000,0.0000,2.0000,609.9471,610
315,575,260.0000,260.0000,0.0000,1.0000,1.0000,0.0000,2.0000,609.8673,610
316,611,250.0000,250.0000,0.0000,1.0000,1.0000,0.0000,2.0000,609.9140,610
317,562,258.0000,258.0000,0.0000,1.0000,1.0000,0.0000,2.0000,609.8922,610
318,440,263.0000,263.0000,0.0000,1.0000,1.0000,0.0000,2.0000,609.8961,610
319,473,264.0000,264.0000,0.0000,1.0000,1.0000,0.0000,2.0000,609.8412,610
320,391,264.0000,264.0000,0.0000,1.0000,1.0000,0.0000,2.0000,609.8135,610
321,446,260.0000,260.0000,0.0000,1.0000,1.0000,0.0000,2.0000,609.8231,610
322,592,202.0000,202.0000,0.0000,1.0000,1.0000,0.0000,2.0000,609.8910,610
323,653,261.0000,261.0000,0.0000,1.0000,1.0000,0.0000,2.0000,609.9211,610
324,531,261.0000,261.0000,0.0000,1.0000,1.0000,0.0000,2.0000,610.0818,610
325,353,260.0000,260.0000,0.0000,1.0000,1.0000,0.0000,2.0000,609.7513,610
326,467,264.0000,264.0000,0.0000,1.0000,1.0000,0.0000,2.0000,609.8208,610
327,666,35.0000,35.0000,0.0000,0.0000,-0.0000,0.0000,14.0000,936.0604,936
328,452,217.0000,217.0000,0.0000,1.0000,1.0000,0.0000,2.0000,610.0054,610
329,494,264.0000,264.0000,0.0000,1.0000,1.0000,0.0000,2.0000,610.1125,610
330,638,261.0000,261.0000,0.0000,1.0000,1.0000,0.0000,2.0000,609.9178,610
331,403,261.0000,261.0000,0.0000,1.0000,1.0000,0.0000,2.0000,609.7517,610
332,378,261.0000,261.0000,0.0000,1.0000,1.0000,0.0000,2.0000,609.8135,610
333,572,261.0000,261.0000,0.0000,1.0000,1.0000,0.0000,2.0000,609.8948,610
334,589,264.0000,264.0000,0.0000,1.0000,1.0000,0.0000,2.0000,609.8813,610
335,620,247.0000,247.0000,0.0000,1.0000,1.0000,0.0000,2.0000,610.0472,610
336,547,247.0000,247.0000,0.0000,1.0000,1.0000,0.0000,2.0000,609.8570,610
337,511,237.0000,237.0000,0.0000,1.0000,1.0000,0.0000,2.0000,609.9196,610
338,383,251.0000,251.0000,0.0000,1.0000,1.0000,0.0000,2.0000,609.7512,610
339,596,258.0000,259.0000,1.0000,1.0000,1.0000,0.0000,2.0000,609.9611,610
340,462,258.0000,258.0000,0.0000,1.0000,1.0000,0.0000,2.0000,609.8448,610
341,521,261.0000,261.0000,0.0000,1.0000,1.0000,0.0000,2.0000,609.8992,610
342,523,259.0000,259.0000,0.0000,1.0000,1.0000,0.0000,2.0000,609.8801,610
343,393,243.0000,243.0000,0.0000,1.0000,1.0000,0.0000,2.0000,609.7602,610
344,621,222.0000,222.0000,0.0000,1.0000,1.0000,0.0000,2.0000,610.0169,610
345,536,264.0000,264.0000,0.0000,1.0000,1.0000,0.0000,2.0000,609.9503,610
346,419,265.0000,265.0000,0.0000,1.0000,1.0000,0.0000,2.0000,609.7692,610
347,459,255.0000,255.0000,0.0000,1.0000,1.0000,0.0000,2.0000,609.9194,610
348,631,264.0000,264.0000,0.0000,1.0000,1.0000,0.0000,2.0000,609.9729,610
349,336,33.0000,33.0000,0.0000,0.0000,0.0000,0.0000,2.0000,609.7841,610
350,584,257.0000,257.0000,0.0000,1.0000,1.0000,0.0000,2.0000,609.8898,610
351,458,264.0000,264.0000,0.0000,1.0000,1.0000,0.0000,2.0000,609.9538,610
352,407,258.0000,258.0000,0.0000,1.0000,1.0000,0.0000,2.0000,609.8801,610
353,566,260.0000,260.0000,0.0000,1.0000,1.0000,0.0000,2.0000,609.9371,610
354,658,35.0000,35.0000,0.0000,0.0000,0.0000,0.0000,2.0000,610.0873,610
355,372,45.0000,45.0000,0.0000,0.0000,-0.0000,0.0000,2.0000,609.6860,610
356,537,264.0000,264.0000,0.0000,1.0000,1.0000,0.0000,2.0000,609.8763,610
357,479,261.0000,261.0000,0.0000,1.0000,1.0000,0.0000,2.0000,610.0578,610
358,386,263.0000,263.0000,0.0000,1.0000,1.0000,0.0000,2.0000,609.9087,610
359,582,77.0000,77.0000,0.0000,1.0000,1.0000,0.0000,2.0000,609.8634,610
360,451,261.0000,261.0000,0.0000,1.0000,1.0000,0.0000,2.0000,609.9107,610
361,569,246.0000,246.0000,0.0000,1.0000,1.0000,0.0000,2.0000,609.9757,610
362,632,261.0000,261.0000,0.0000,1.0000,1.0000,0.0000,2.0000,609.9583,610
363,656,258.0000,258.0000,0.0000,1.0000,1.0000,0.0000,2.0000,609.9113,610
364,642,256.0000,256.0000,0.0000,1.0000,1.0000,0.0000,2.0000,609.9042,610
365,577,259.0000,259.0000,0.0000,1.0000,1.0000,0.0000,2.0000,609.9350,610
366,387,252.0000,252.0000,0.0000,1.0000,1.0000,0.0000,2.0000,609.7526,610
367,399,264.0000,264.0000,0.0000,1.0000,1.0000,0.0000,2.0000,609.7753,610
368,410,25.0000,25.0000,0.0000,0.0000,-0.0000,0.0000,2.0000,609.8404,610
369,608,263.0000,263.0000,0.0000,1.0000,1.0000,0.0000,2.0000,609.9679,610
370,606,259.0000,259.0000,0.0000,1.0000,1.0000,0.0000,2.0000,609.9077,610
371,541,258.0000,258.0000,0.0000,1.0000,1.0000,0.0000,2.0000,609.9485,610
372,597,253.0000,253.0000,0.0000,1.0000,1.0000,0.0000,2.0000,609.8981,610
373,551,225.0000,225.0000,0.0000,1.0000,1.0000,0.0000,2.0000,609.8814,610
374,613,57.0000,57.0000,0.0000,1.0000,1.0000,0.0000,2.0000,609.9083,610
375,576,261.0000,261.0000,0.0000,1.0000,1.0000,0.0000,2.0000,609.9341,610
376,486,258.0000,258.0000,0.0000,1.0000,1.0000,0.0000,2.0000,609.8108,610
377,625,250.0000,250.0000,0.0000,1.0000,1.0000,0.0000,2.0000,609.9081,610
378,622,261.0000,261.0000,0.0000,1.0000,1.0000,0.0000,2.0000,609.9202,610
379,657,48.0000,48.0000,0.0000,0.0000,0.0000,0.0000,14.0000,936.0977,936
380,619,261.0000,261.0000,0.0000,1.0000,1.0000,0.0000,2.0000,610.0015,610
381,533,85.0000,85.0000,0.0000,1.0000,1.0000,0.0000,2.0000,610.1794,610
382,432,6.0000,6.0000,0.0000,0.0000,-0.0000,0.0000,0.0000,-0.0292,-1
383,333,9.0000,9.0000,0.0000,0.0000,-0.0000,0.0000,0.0000,-0.0099,-1
384,339,225.0000,225.0000,0.0000,1.0000,1.0000,0.0000,2.0000,609.7550,610
385,555,261.0000,261.0000,0.0000,1.0000,1.0000,0.0000,2.0000,609.9410,610
386,570,216.0000,216.0000,0.0000,1.0000,1.0000,0.0000,2.0000,610.0606,610
387,445,258.0000,258.0000,0.0000,1.0000,1.0000,0.0000,2.0000,609.8444,610
388,502,264.0000,264.0000,0.0000,1.0000,1.0000,0.0000,2.0000,609.9988,610
389,437,258.0000,258.0000,0.0000,1.0000,1.0000,0.0000,2.0000,609.8196,610
390,418,264.0000,264.0000,0.0000,1.0000,1.0000,0.0000,2.0000,609.7682,610
391,487,264.0000,264.0000,0.0000,1.0000,1.0000,0.0000,2.0000,609.8277,610
392,647,223.0000,223.0000,0.0000,1.0000,1.0000,0.0000,2.0000,609.9112,610
393,522,263.0000,263.0000,0.0000,1.0000,1.0000,0.0000,2.0000,609.8867,610
394,571,265.0000,265.0000,0.0000,1.0000,1.0000,0.0000,2.0000,610.0052,610
395,573,81.0000,81.0000,0.0000,1.0000,1.0000,0.0000,2.0000,609.9337,610
396,574,253.0000,253.0000,0.0000,1.0000,1.0000,0.0000,2.0000,609.9886,610
397,554,261.0000,261.0000,0.0000,1.0000,1.0000,0.0000,2.0000,609.8500,610
398,345,259.0000,259.0000,0.0000,1.0000,1.0000,0.0000,2.0000,609.7248,610
399,635,257.0000,257.0000,0.0000,1.0000,1.0000,0.0000,2.0000,609.9224,610
400,540,39.0000,39.0000,0.0000,0.0000,-0.0000,0.0000,2.0000,609.8977,610
401,405,265.0000,265.0000,0.0000,1.0000,1.0000,0.0000,2.0000,609.7726,610
402,660,248.0000,248.0000,0.0000,1.0000,1.0000,0.0000,2.0000,609.9191,610
403,363,256.0000,256.0000,0.0000,1.0000,1.0000,0.0000,2.0000,609.7388,610
404,337,69.0000,69.0000,0.0000,1.0000,1.0000,0.0000,2.0000,609.7559,610
405,659,50.0000,50.0000,0.0000,1.0000,1.0000,0.0000,2.0000,609.9287,610
406,617,265.0000,265.0000,0.0000,1.0000,1.0000,0.0000,2.0000,610.0861,610
407,601,259.0000,259.0000,0.0000,1.0000,1.0000,0.0000,2.0000,609.8988,610
408,382,261.0000,261.0000,0.0000,1.0000,1.0000,0.0000,2.0000,609.8096,610
409,425,259.0000,259.0000,0.0000,1.0000,1.0000,0.0000,2.0000,609.7942,610
410,567,39.0000,39.0000,0.0000,0.0000,-0.0000,0.0000,2.0000,610.0321,610
411,652,261.0000,261.0000,0.0000,1.0000,1.0000,0.0000,2.0000,610.1255,610
412,433,258.0000,258.0000,0.0000,1.0000,1.0000,0.0000,2.0000,609.8045,610
413,349,239.0000,239.0000,0.0000,1.0000,1.0000,0.0000,2.0000,609.7581,610
414,595,264.0000,264.0000,0.0000,1.0000,1.0000,0.0000,2.0000,609.9001,610
415,366,264.0000,264.0000,0.0000,1.0000,1.0000,0.0000,2.0000,609.7502,610
416,630,257.0000,257.0000,0.0000,1.0000,1.0000,0.0000,2.0000,609.9276,610
417,483,264.0000,264.0000,0.0000,1.0000,1.0000,0.0000,2.0000,609.9050,610
418,627,264.0000,264.0000,0.0000,1.0000,1.0000,0.0000,2.0000,609.9255,610
419,639,248.0000,248.0000,0.0000,1.0000,1.0000,0.0000,2.0000,609.9170,610
420,369,260.0000,260.0000,0.0000,1.0000,1.0000,0.0000,2.0000,609.7763,610
421,550,132.0000,132.0000,0.0000,1.0000,1.0000,0.0000,2.0000,609.9078,610
422,424,97.0000,97.0000,0.0000,1.0000,1.0000,0.0000,2.0000,609.8112,610
423,633,263.0000,263.0000,0.0000,1.0000,1.0000,0.0000,2.0000,609.9261,610
424,481,264.0000,264.0000,0.0000,1.0000,1.0000,0.0000,2.0000,609.8227,610
425,585,241.0000,241.0000,0.0000,1.0000,1.0000,0.0000,2.0000,609.9129,610
426,348,263.0000,263.0000,0.0000,1.0000,1.0000,0.0000,2.0000,609.8652,610
427,420,259.0000,260.0000,1.0000,1.0000,1.0000,0.0000,2.0000,609.7588,610
428,352,252.0000,252.0000,0.0000,1.0000,1.0000,0.0000,2.0000,609.7155,610
429,543,259.0000,259.0000,0.0000,1.0000,1.0000,0.0000,2.0000,609.8669,610
430,396,261.0000,261.0000,0.0000,1.0000,1.0000,0.0000,2.0000,609.8692,610
431,358,258.0000,258.0000,0.0000,1.0000,1.0000,0.0000,2.0000,609.7624,610
432,368,260.0000,260.0000,0.0000,1.0000,1.0000,0.0000,2.0000,609.7627,610
433,591,70.0000,71.0000,1.0000,1.0000,1.0000,0.0000,2.0000,609.9423,610
434,634,258.0000,258.0000,0.0000,1.0000,1.0000,0.0000,2.0000,609.9172,610
435,355,264.0000,264.0000,0.0000,1.0000,1.0000,0.0000,2.0000,609.7395,610
436,392,264.0000,264.0000,0.0000,1.0000,1.0000,0.0000,2.0000,609.7625,610
437,476,264.0000,264.0000,0.0000,1.0000,1.0000,0.0000,2.0000,610.0881,610
438,609,52.0000,52.0000,0.0000,1.0000,1.0000,0.0000,2.0000,609.9167,610
439,514,248.0000,248.0000,0.0000,1.0000,1.0000,0.0000,2.0000,609.8467,610
440,356,258.0000,258.0000,0.0000,1.0000,1.0000,0.0000,2.0000,609.7221,610
441,520,259.0000,259.0000,0.0000,1.0000,1.0000,0.0000,2.0000,609.8498,610
442,637,257.0000,257.0000,0.0000,1.0000,1.0000,0.0000,2.0000,610.0414,610
443,454,245.0000,245.0000,0.0000,1.0000,1.0000,0.0000,2.0000,609.8317,610
444,505,27.0000,27.0000,0.0000,0.0000,-0.0000,0.0000,2.0000,609.7808,610
445,525,239.0000,239.0000,0.0000,1.0000,1.0000,0.0000,2.0000,609.9307,610
446,664,79.0000,79.0000,0.0000,1.0000,1.0000,0.0000,2.0000,610.0389,610
447,552,228.0000,229.0000,1.0000,1.0000,1.0000,0.0000,2.0000,609.8663,610
448,526,211.0000,211.0000,0.0000,1.0000,1.0000,0.0000,2.0000,609.8773,610
449,414,261.0000,261.0000,0.0000,1.0000,1.0000,0.0000,2.0000,609.7589,610
450,580,250.0000,250.0000,0.0000,1.0000,1.0000,0.0000,2.0000,610.0808,610
451,461,261.0000,261.0000,0.0000,1.0000,1.0000,0.0000,2.0000,609.8392,610
452,472,47.0000,47.0000,0.0000,0.0000,0.0000,0.0000,2.0000,610.0039,610
453,381,35.0000,35.0000,0.0000,0.0000,0.0000,0.0000,2.0000,609.6939,610
454,528,261.0000,261.0000,0.0000,1.0000,1.0000,0.0000,2.0000,609.8777,610
455,605,160.0000,160.0000,0.0000,1.0000,1.0000,0.0000,2.0000,609.8901,610
456,377,258.0000,258.0000,0.0000,1.0000,1.0000,0.0000,2.0000,609.7512,610
457,469,258.0000,258.0000,0.0000,1.0000,1.0000,0.0000,2.0000,609.8337,610
458,510,264.0000,264.0000,0.0000,1.0000,1.0000,0.0000,2.0000,609.8819,610
459,549,264.0000,264.0000,0.0000,1.0000,1.0000,0.0000,2.0000,610.0036,610
460,558,265.0000,265.0000,0.0000,1.0000,1.0000,0.0000,2.0000,609.8831,610
461,400,261.0000,261.0000,0.0000,1.0000,1.0000,0.0000,2.0000,609.7491,610
462,530,38.0000,38.0000,0.0000,0.0000,0.0000,0.0000,2.0000,609.9849,610
463,583,63.0000,63.0000,0.0000,1.0000,1.0000,0.0000,2.0000,609.9144,610
464,477,247.0000,247.0000,0.0000,1.0000,1.0000,0.0000,2.0000,609.9036,610
465,431,265.0000,265.0000,0.0000,1.0000,1.0000,0.0000,2.0000,609.8141,610
466,402,264.0000,264.0000,0.0000,1.0000,1.0000,0.0000,2.0000,609.7713,610
467,442,260.0000,260.0000,0.0000,1.0000,1.0000,0.0000,2.0000,609.8553,610
468,553,28.0000,28.0000,0.0000,0.0000,0.0000,0.0000,2.0000,610.0468,610
469,563,256.0000,256.0000,0.0000,1.0000,1.0000,0.0000,2.0000,609.8712,610
470,338,37.0000,37.0000,0.0000,0.0000,0.0000,0.0000,2.0000,610.0533,610
471,434,226.0000,226.0000,0.0000,1.0000,1.0000,0.0000,2.0000,609.8482,610
472,496,263.0000,264.0000,1.0000,1.0000,1.0000,0.0000,2.0000,609.8968,610
473,588,160.0000,160.0000,0.0000,1.0000,1.0000,0.0000,2.0000,609.9277,610
474,371,257.0000,257.0000,0.0000,1.0000,1.0000,0.0000,2.0000,609.7580,610
475,557,258.0000,258.0000,0.0000,1.0000,1.0000,0.0000,2.0000,609.9091,610
476,509,248.0000,248.0000,0.0000,1.0000,1.0000,0.0000,2.0000,609.9327,610
477,409,56.0000,56.0000,0.0000,1.0000,1.0000,0.0000,2.0000,609.7623,610
478,538,258.0000,258.0000,0.0000,1.0000,1.0000,0.0000,2.0000,609.8743,610
479,498,263.0000,263.0000,0.0000,1.0000,1.0000,0.0000,2.0000,609.9986,610
480,453,261.0000,261.0000,0.0000,1.0000,1.0000,0.0000,2.0000,609.9068,610
481,641,258.0000,258.0000,0.0000,1.0000,1.0000,0.0000,2.0000,609.9141,610
482,587,28.0000,28.0000,0.0000,0.0000,-0.0000,0.0000,2.0000,609.9762,610
483,602,261.0000,261.0000,0.0000,1.0000,1.0000,0.0000,2.0000,609.9236,610
484,564,257.0000,257.0000,0.0000,1.0000,1.0000,0.0000,2.0000,609.8810,610
485,448,261.0000,261.0000,0.0000,1.0000,1.0000,0.0000,2.0000,609.8195,610
486,618,259.0000,259.0000,0.0000,1.0000,1.0000,0.0000,2.0000,609.9775,610
487,556,258.0000,258.0000,0.0000,1.0000,1.0000,0.0000,2.0000,609.8625,610
488,489,205.0000,205.0000,0.0000,1.0000,1.0000,0.0000,2.0000,609.8258,610
489,429,258.0000,258.0000,0.0000,1.0000,1.0000,0.0000,2.0000,609.8291,610
490,470,263.0000,263.0000,0.0000,1.0000,1.0000,0.0000,2.0000,609.8221,610
491,449,261.0000,261.0000,0.0000,1.0000,1.0000,0.0000,2.0000,609.8912,610
492,465,260.0000,260.0000,0.0000,1.0000,1.0000,0.0000,2.0000,609.8276,610
493,411,264.0000,264.0000,0.0000,1.0000,1.0000,0.0000,2.0000,609.7798,610
494,534,264.0000,264.0000,0.0000,1.0000,1.0000,0.0000,2.0000,609.9899,610
495,663,168.0000,168.0000,0.0000,1.0000,1.0000,0.0000,2.0000,610.0450,610
496,495,264.0000,264.0000,0.0000,1.0000,1.0000,0.0000,2.0000,609.8192,610
497,646,28.0000,28.0000,0.0000,0.0000,0.0000,0.0000,2.0000,609.8497,610
498,545,30.0000,30.0000,0.0000,0.0000,0.0000,0.0000,2.0000,609.8267,610
499,438,258.0000,258.0000,0.0000,1.0000,1.0000,0.0000,2.0000,609.8196,610
500,388,261.0000,261.0000,0.0000,1.0000,1.0000,0.0000,2.0000,610.0082,610
501,389,261.0000,261.0000,0.0000,1.0000,1.0000,0.0000,2.0000,609.8658,610
502,515,258.0000,258.0000,0.0000,1.0000,1.0000,0.0000,2.0000,609.9061,610
503,436,264.0000,264.0000,0.0000,1.0000,1.0000,0.0000,2.0000,609.8297,610
504,527,262.0000,262.0000,0.0000,1.0000,1.0000,0.0000,2.0000,610.0355,610
505,501,264.0000,264.0000,0.0000,1.0000,1.0000,0.0000,2.0000,609.8645,610
506,524,27.0000,27.0000,0.0000,0.0000,0.0000,0.0000,2.0000,609.8178,610
507,519,57.0000,57.0000,0.0000,1.0000,1.0000,0.0000,2.0000,609.9363,610
508,422,63.0000,63.0000,0.0000,1.0000,1.0000,0.0000,2.0000,609.6927,610
509,607,257.0000,257.0000,0.0000,1.0000,1.0000,0.0000,2.0000,610.0300,610
510,401,264.0000,264.0000,0.0000,1.0000,1.0000,0.0000,2.0000,609.8591,610
511,350,261.0000,261.0000,0.0000,1.0000,1.0000,0.0000,2.0000,609.7236,610
512,354,26.0000,26.0000,0.0000,0.0000,-0.0000,0.0000,2.0000,609.8404,610
513,427,261.0000,261.0000,0.0000,1.0000,1.0000,0.0000,2.0000,609.8838,610
514,593,37.0000,37.0000,0.0000,0.0000,-0.0000,0.0000,2.0000,609.8353,610
515,359,248.0000,248.0000,0.0000,1.0000,1.0000,0.0000,2.0000,609.7458,610
516,560,258.0000,258.0000,0.0000,1.0000,1.0000,0.0000,2.0000,609.8751,610
517,376,259.0000,259.0000,0.0000,1.0000,1.0000,0.0000,2.0000,609.7525,610
518,598,256.0000,256.0000,0.0000,1.0000,1.0000,0.0000,2.0000,609.8937,610
519,518,257.0000,257.0000,0.0000,1.0000,1.0000,0.0000,2.0000,609.8543,610
520,636,248.0000,248.0000,0.0000,1.0000,1.0000,0.0000,2.0000,609.9169,610
521,662,217.0000,217.0000,0.0000,1.0000,1.0000,0.0000,2.0000,609.9116,610
522,475,264.0000,264.0000,0.0000,1.0000,1.0000,0.0000,2.0000,609.8319,610
523,443,264.0000,264.0000,0.0000,1.0000,1.0000,0.0000,2.0000,609.8181,610
524,385,264.0000,264.0000,0.0000,1.0000,1.0000,0.0000,2.0000,609.7955,610
525,346,240.0000,240.0000,0.0000,1.0000,1.0000,0.0000,2.0000,609.9061,610
526,390,260.0000,260.0000,0.0000,1.0000,1.0000,0.0000,2.0000,609.7594,610
527,375,258.0000,258.0000,0.0000,1.0000,1.0000,0.0000,2.0000,609.7620,610
528,586,63.0000,63.0000,0.0000,1.0000,1.0000,0.0000,2.0000,609.9652,610
529,565,261.0000,261.0000,0.0000,1.0000,1.0000,0.0000,2.0000,609.8810,610
530,428,263.0000,263.0000,0.0000,1.0000,1.0000,0.0000,2.0000,609.8293,610
531,517,261.0000,261.0000,0.0000,1.0000,1.0000,0.0000,2.0000,609.8534,610
532,347,57.0000,57.0000,0.0000,1.0000,1.0000,0.0000,2.0000,609.7492,610
533,561,264.0000,264.0000,0.0000,1.0000,1.0000,0.0000,2.0000,609.8594,610
534,616,259.0000,259.0000,0.0000,1.0000,1.0000,0.0000,2.0000,609.9195,610
535,649,258.0000,258.0000,0.0000,1.0000,1.0000,0.0000,2.0000,609.9349,610
536,373,252.0000,252.0000,0.0000,1.0000,1.0000,0.0000,2.0000,609.8343,610
537,394,264.0000,264.0000,0.0000,1.0000,1.0000,0.0000,2.0000,609.7517,610
538,500,265.0000,265.0000,0.0000,1.0000,1.0000,0.0000,2.0000,609.8307,610
539,628,259.0000,259.0000,0.0000,1.0000,1.0000,0.0000,2.0000,609.9264,610
540,603,257.0000,258.0000,1.0000,1.0000,1.0000,0.0000,2.0000,609.9736,610
541,430,247.0000,247.0000,0.0000,1.0000,1.0000,0.0000,2.0000,609.8199,610
542,614,264.0000,264.0000,0.0000,1.0000,1.0000,0.0000,2.0000,609.9173,610
543,546,263.0000,263.0000,0.0000,1.0000,1.0000,0.0000,2.0000,609.9066,610
544,499,264.0000,264.0000,0.0000,1.0000,1.0000,0.0000,2.0000,609.8302,610
545,413,261.0000,261.0000,0.0000,1.0000,1.0000,0.0000,2.0000,609.7611,610
546,650,261.0000,261.0000,0.0000,1.0000,1.0000,0.0000,2.0000,609.9998,610
547,426,222.0000,222.0000,0.0000,1.0000,1.0000,0.0000,2.0000,609.7680,610
548,362,261.0000,261.0000,0.0000,1.0000,1.0000,0.0000,2.0000,609.7360,610
549,539,30.0000,30.0000,0.0000,0.0000,-0.0000,0.0000,2.0000,609.9222,610
550,504,94.0000,94.0000,0.0000,1.0000,1.0000,0.0000,2.0000,609.8143,610
551,463,261.0000,261.0000,0.0000,1.0000,1.0000,0.0000,2.0000,609.8287,610
552,512,261.0000,261.0000,0.0000,1.0000,1.0000,0.0000,2.0000,609.9182,610
553,508,264.0000,264.0000,0.0000,1.0000,1.0000,0.0000,2.0000,609.9617,610
554,365,259.0000,259.0000,0.0000,1.0000,1.0000,0.0000,2.0000,609.8933,610
555,594,264.0000,264.0000,0.0000,1.0000,1.0000,0.0000,2.0000,609.9091,610
556,492,264.0000,264.0000,0.0000,1.0000,1.0000,0.0000,2.0000,609.8125,610
557,488,264.0000,264.0000,0.0000,1.0000,1.0000,0.0000,2.0000,609.8860,610
558,484,264.0000,264.0000,0.0000,1.0000,1.0000,0.0000,2.0000,609.8310,610
559,456,261.0000,261.0000,0.0000,1.0000,1.0000,0.0000,2.0000,609.8302,610
560,435,261.0000,261.0000,0.0000,1.0000,1.0000,0.0000,2.0000,609.8179,610
561,623,259.0000,259.0000,0.0000,1.0000,1.0000,0.0000,2.0000,610.0634,610
562,406,222.0000,222.0000,0.0000,1.0000,1.0000,0.0000,2.0000,609.7623,610
563,506,264.0000,264.0000,0.0000,1.0000,1.0000,0.0000,2.0000,609.8340,610
564,590,259.0000,259.0000,0.0000,1.0000,1.0000,0.0000,2.0000,609.9115,610
565,532,264.0000,264.0000,0.0000,1.0000,1.0000,0.0000,2.0000,609.8659,610
566,412,17.0000,17.0000,0.0000,0.0000,-0.0000,0.0000,2.0000,609.7072,610
567,645,258.0000,258.0000,0.0000,1.0000,1.0000,0.0000,2.0000,609.9722,610
568,612,259.0000,260.0000,1.0000,1.0000,1.0000,0.0000,2.0000,609.9208,610
569,364,263.0000,263.0000,0.0000,1.0000,1.0000,0.0000,2.0000,609.7461,610
570,334,63.0000,63.0000,0.0000,1.0000,1.0000,0.0000,2.0000,609.7177,610
571,610,89.0000,89.0000,0.0000,1.0000,1.0000,0.0000,2.0000,609.9261,610
572,415,264.0000,264.0000,0.0000,1.0000,1.0000,0.0000,2.0000,609.8128,610
573,482,155.0000,156.0000,1.0000,1.0000,1.0000,0.0000,2.0000,609.8282,610
574,447,261.0000,261.0000,0.0000,1.0000,1.0000,0.0000,2.0000,609.8237,610
575,357,234.0000,234.0000,0.0000,1.0000,1.0000,0.0000,2.0000,609.8448,610
576,624,260.0000,260.0000,0.0000,1.0000,1.0000,0.0000,2.0000,609.9333,610
577,544,264.0000,264.0000,0.0000,1.0000,1.0000,0.0000,2.0000,609.8571,610
578,640,261.0000,261.0000,0.0000,1.0000,1.0000,0.0000,2.0000,609.9075,610
579,648,258.0000,258.0000,0.0000,1.0000,1.0000,0.0000,2.0000,610.0033,610
580,460,239.0000,240.0000,1.0000,1.0000,1.0000,0.0000,2.0000,609.9296,610
581,493,260.0000,260.0000,0.0000,1.0000,1.0000,0.0000,2.0000,610.1816,610
582,342,220.0000,220.0000,0.0000,1.0000,1.0000,0.0000,2.0000,609.7162,610
583,464,264.0000,264.0000,0.0000,1.0000,1.0000,0.0000,2.0000,609.8399,610
584,416,258.0000,258.0000,0.0000,1.0000,1.0000,0.0000,2.0000,609.7654,610
585,360,258.0000,258.0000,0.0000,1.0000,1.0000,0.0000,2.0000,609.7413,610
586,491,264.0000,264.0000,0.0000,1.0000,1.0000,0.0000,2.0000,609.9760,610
587,408,253.0000,253.0000,0.0000,1.0000,1.0000,0.0000,2.0000,609.7780,610
588,529,261.0000,261.0000,0.0000,1.0000,1.0000,0.0000,2.0000,609.8524,610
589,444,259.0000,259.0000,0.0000,1.0000,1.0000,0.0000,2.0000,609.8236,610
590,423,206.0000,206.0000,0.0000,1.0000,1.0000,0.0000,2.0000,609.8176,610
591,332,25.0000,25.0000,0.0000,0.0000,0.0000,0.0000,2.0000,609.8568,610
592,478,261.0000,261.0000,0.0000,1.0000,1.0000,0.0000,2.0000,609.8392,610
593,599,218.0000,218.0000,0.0000,1.0000,1.0000,0.0000,2.0000,609.8914,610
594,516,264.0000,264.0000,0.0000,1.0000,1.0000,0.0000,2.0000,609.8637,610
595,367,261.0000,261.0000,0.0000,1.0000,1.0000,0.0000,2.0000,609.7683,610
596,604,264.0000,264.0000,0.0000,1.0000,1.0000,0.0000,2.0000,609.9790,610
597,395,264.0000,264.0000,0.0000,1.0000,1.0000,0.0000,2.0000,609.8031,610
598,559,261.0000,261.0000,0.0000,1.0000,1.0000,0.0000,2.0000,609.8851,610
599,668,12.0000,13.0000,1.0000,0.0000,-0.0000,0.0000,0.0000,-0.0346,-1
600,548,261.0000,261.0000,0.0000,1.0000,1.0000,0.0000,2.0000,609.8621,610
601,480,258.0000,258.0000,0.0000,1.0000,1.0000,0.0000,2.0000,609.9139,610
602,404,258.0000,258.0000,0.0000,1.0000,1.0000,0.0000,2.0000,609.7479,610
603,341,251.0000,251.0000,0.0000,1.0000,1.0000,0.0000,2.0000,609.7087,610
604,417,261.0000,261.0000,0.0000,1.0000,1.0000,0.0000,2.0000,609.8722,610
605,503,264.0000,264.0000,0.0000,1.0000,1.0000,0.0000,2.0000,609.8989,610
606,507,265.0000,265.0000,0.0000,1.0000,1.0000,0.0000,2.0000,609.8231,610
607,384,247.0000,247.0000,0.0000,1.0000,1.0000,0.0000,2.0000,609.8103,610
608,380,260.0000,260.0000,0.0000,1.0000,1.0000,0.0000,2.0000,609.8252,610
609,626,258.0000,258.0000,0.0000,1.0000,1.0000,0.0000,2.0000,609.9107,610
610,535,261.0000,261.0000,0.0000,1.0000,1.0000,0.0000,2.0000,609.8795,610
611,397,258.0000,258.0000,0.0000,1.0000,1.0000,0.0000,2.0000,609.7468,610
612,474,81.0000,81.0000,0.0000,1.0000,1.0000,0.0000,2.0000,609.8203,610
613,370,264.0000,264.0000,0.0000,1.0000,1.0000,0.0000,2.0000,609.7844,610
614,513,231.0000,232.0000,1.0000,1.0000,1.0000,0.0000,2.0000,609.8343,610
615,471,264.0000,264.0000,0.0000,1.0000,1.0000,0.0000,2.0000,609.8226,610
616,4248,92.0000,92.0000,0.0000,1.0000,1.0000,0.0000,3.0000,4224.2174,4224
617,4058,183.0000,183.0000,0.0000,1.0000,1.0000,0.0000,3.0000,4224.2120,4224
618,3965,208.0000,208.0000,0.0000,1.0000,1.0000,0.0000,3.0000,4224.4034,4224
619,3817,43.0000,43.0000,0.0000,0.0000,0.0000,0.0000,3.0000,4224.1625,4224
620,3843,135.0000,135.0000,0.0000,1.0000,1.0000,0.0000,3.0000,4224.1574,4224
621,4032,33.0000,33.0000,0.0000,0.0000,0.0000,0.0000,3.0000,4224.2424,4224
622,3788,200.0000,200.0000,0.0000,1.0000,1.0000,0.0000,3.0000,4224.1673,4224
623,4020,32.0000,32.0000,0.0000,0.0000,-0.0000,0.0000,3.0000,4224.1694,4224
624,4186,154.0000,154.0000,0.0000,1.0000,1.0000,0.0000,3.0000,4224.3177,4224
625,3736,208.0000,208.0000,0.0000,1.0000,1.0000,0.0000,3.0000,4224.1950,4224
626,3786,211.0000,211.0000,0.0000,1.0000,1.0000,0.0000,3.0000,4224.1652,4224
627,3854,204.0000,204.0000,0.0000,1.0000,1.0000,0.0000,3.0000,4224.1724,4224
628,3695,201.0000,201.0000,0.0000,1.0000,1.0000,0.0000,3.0000,4224.1354,4224
629,4148,172.0000,172.0000,0.0000,1.0000,1.0000,0.0000,3.0000,4224.2048,4224
630,3777,199.0000,199.0000,0.0000,1.0000,1.0000,0.0000,3.0000,4224.2058,4224
631,3708,198.0000,198.0000,0.0000,1.0000,1.0000,0.0000,3.0000,4224.1711,4224
632,3492,67.0000,67.0000,0.0000,1.0000,1.0000,0.0000,3.0000,4224.0486,4224
633,3691,168.0000,168.0000,0.0000,1.0000,1.0000,0.0000,3.0000,4224.1379,4224
634,4306,33.0000,33.0000,0.0000,0.0000,0.0000,0.0000,3.0000,4224.2161,4224
635,3945,198.0000,198.0000,0.0000,1.0000,1.0000,0.0000,3.0000,4224.1999,4224
636,4297,42.0000,42.0000,0.0000,0.0000,-0.0000,0.0000,3.0000,4224.1710,4224
637,3485,129.0000,129.0000,0.0000,1.0000,1.0000,0.0000,3.0000,4224.1724,4224
638,3830,215.0000,215.0000,0.0000,1.0000,1.0000,0.0000,3.0000,4224.2835,4224
639,3841,209.0000,209.0000,0.0000,1.0000,1.0000,0.0000,3.0000,4224.2454,4224
640,3940,152.0000,152.0000,0.0000,1.0000,1.0000,0.0000,3.0000,4224.2068,4224
641,4000,207.0000,208.0000,1.0000,1.0000,1.0000,0.0000,3.0000,4224.2034,4224
642,3687,199.0000,199.0000,0.0000,1.0000,1.0000,0.0000,3.0000,4224.1358,4224
643,3495,129.0000,129.0000,0.0000,1.0000,1.0000,0.0000,3.0000,4224.0470,4224
644,3845,216.0000,216.0000,0.0000,1.0000,1.0000,0.0000,3.0000,4224.3077,4224
645,3921,122.0000,122.0000,0.0000,1.0000,1.0000,0.0000,3.0000,4224.2877,4224
646,3848,214.0000,214.0000,0.0000,1.0000,1.0000,0.0000,3.0000,4224.1872,4224
647,3616,181.0000,181.0000,0.0000,1.0000,1.0000,0.0000,3.0000,4224.1458,4224
648,3766,149.0000,149.0000,0.0000,1.0000,1.0000,0.0000,3.0000,4224.1687,4224
649,3822,52.0000,52.0000,0.0000,1.0000,1.0000,0.0000,3.0000,4224.1715,4224
650,3625,27.0000,27.0000,0.0000,0.0000,-0.0000,0.0000,3.0000,4224.1662,4224
651,3359,27.0000,27.0000,0.0000,0.0000,0.0000,0.0000,3.0000,4224.0107,4224
652,3670,195.0000,195.0000,0.0000,1.0000,1.0000,0.0000,3.0000,4224.1235,4224
653,3778,41.0000,41.0000,0.0000,0.0000,-0.0000,0.0000,3.0000,4224.1742,4224
654,3780,212.0000,212.0000,0.0000,1.0000,1.0000,0.0000,3.0000,4224.3309,4224
655,3938,212.0000,212.0000,0.0000,1.0000,1.0000,0.0000,3.0000,4224.3157,4224
656,3698,194.0000,194.0000,0.0000,1.0000,1.0000,0.0000,3.0000,4224.1503,4224
657,3839,209.0000,209.0000,0.0000,1.0000,1.0000,0.0000,3.0000,4224.1677,4224
658,3658,137.0000,137.0000,0.0000,1.0000,1.0000,0.0000,3.0000,4224.0999,4224
659,3542,52.0000,52.0000,0.0000,1.0000,1.0000,0.0000,3.0000,4224.0936,4224
660,3903,174.0000,174.0000,0.0000,1.0000,1.0000,0.0000,3.0000,4224.3816,4224
661,3840,212.0000,212.0000,0.0000,1.0000,1.0000,0.0000,3.0000,4224.1834,4224
662,3971,203.0000,204.0000,1.0000,1.0000,1.0000,0.0000,3.0000,4224.2170,4224
663,4239,65.0000,65.0000,0.0000,1.0000,1.0000,0.0000,3.0000,4224.2185,4224
664,3431,59.0000,59.0000,0.0000,1.0000,1.0000,0.0000,3.0000,4224.0018,4224
665,3496,140.0000,140.0000,0.0000,1.0000,1.0000,0.0000,3.0000,4224.0808,4224
666,3752,79.0000,79.0000,0.0000,1.0000,1.0000,0.0000,3.0000,4224.1194,4224
667,3675,76.0000,76.0000,0.0000,1.0000,1.0000,0.0000,3.0000,4224.1855,4224
668,4155,152.0000,152.0000,0.0000,1.0000,1.0000,0.0000,3.0000,4224.2150,4224
669,3637,46.0000,46.0000,0.0000,0.0000,0.0000,0.0000,3.0000,4224.1648,4224
670,3862,209.0000,209.0000,0.0000,1.0000,1.0000,0.0000,3.0000,4224.1892,4224
671,3480,125.0000,125.0000,0.0000,1.0000,1.0000,0.0000,3.0000,4223.9348,4224
672,3881,214.0000,214.0000,0.0000,1.0000,1.0000,0.0000,3.0000,4224.1827,4224
673,3810,189.0000,189.0000,0.0000,1.0000,1.0000,0.0000,3.0000,4224.2676,4224
674,4131,178.0000,178.0000,0.0000,1.0000,1.0000,0.0000,3.0000,4224.2682,4224
675,3380,46.0000,46.0000,0.0000,0.0000,-0.0000,0.0000,3.0000,4224.3049,4224
676,4063,192.0000,192.0000,0.0000,1.0000,1.0000,0.0000,3.0000,4224.2938,4224
677,3482,124.0000,125.0000,1.0000,1.0000,1.0000,0.0000,3.0000,4224.1367,4224
678,3811,214.0000,214.0000,0.0000,1.0000,1.0000,0.0000,3.0000,4224.1657,4224
679,3739,210.0000,211.0000,1.0000,1.0000,1.0000,0.0000,3.0000,4224.2414,4224
680,3922,34.0000,34.0000,0.0000,0.0000,-0.0000,0.0000,3.0000,4224.2511,4224
681,3596,162.0000,162.0000,0.0000,1.0000,1.0000,0.0000,3.0000,4224.2043,4224
682,3887,211.0000,211.0000,0.0000,1.0000,1.0000,0.0000,3.0000,4224.2610,4224
683,4090,142.0000,142.0000,0.0000,1.0000,1.0000,0.0000,3.0000,4224.1922,4224
684,3772,206.0000,206.0000,0.0000,1.0000,1.0000,0.0000,3.0000,4224.2721,4224
685,4033,195.0000,195.0000,0.0000,1.0000,1.0000,0.0000,3.0000,4224.1711,4224
686,3963,191.0000,191.0000,0.0000,1.0000,1.0000,0.0000,3.0000,4224.2150,4224
687,3674,87.0000,87.0000,0.0000,1.0000,1.0000,0.0000,3.0000,4224.1030,4224
688,3929,212.0000,212.0000,0.0000,1.0000,1.0000,0.0000,3.0000,4224.1998,4224
689,4251,92.0000,92.0000,0.0000,1.0000,1.0000,0.0000,3.0000,4224.2217,4224
690,4007,199.0000,199.0000,0.0000,1.0000,1.0000,0.0000,3.0000,4224.2183,4224
691,3375,14.0000,14.0000,0.0000,0.0000,0.0000,0.0000,3.0000,4224.0096,4224
692,3997,174.0000,174.0000,0.0000,1.0000,1.0000,0.0000,3.0000,4224.1877,4224
693,3628,186.0000,186.0000,0.0000,1.0000,1.0000,0.0000,3.0000,4224.1915,4224
694,3773,151.0000,151.0000,0.0000,1.0000,1.0000,0.0000,3.0000,4224.1572,4224
695,3889,142.0000,142.0000,0.0000,1.0000,1.0000,0.0000,3.0000,4224.2089,4224
696,3867,208.0000,208.0000,0.0000,1.0000,1.0000,0.0000,3.0000,4224.1884,4224
697,3745,210.0000,210.0000,0.0000,1.0000,1.0000,0.0000,3.0000,4224.1607,4224
698,3861,214.0000,214.0000,0.0000,1.0000,1.0000,0.0000,3.0000,4224.1709,4224
699,3985,196.0000,196.0000,0.0000,1.0000,1.0000,0.0000,3.0000,4224.1805,4224
700,4233,104.0000,104.0000,0.0000,1.0000,1.0000,0.0000,3.0000,4224.1924,4224
701,3860,209.0000,209.0000,0.0000,1.0000,1.0000,0.0000,3.0000,4224.1806,4224
702,3448,99.0000,99.0000,0.0000,1.0000,1.0000,0.0000,3.0000,4223.9807,4224
703,3910,98.0000,98.0000,0.0000,1.0000,1.0000,0.0000,3.0000,4224.1979,4224
704,4136,172.0000,173.0000,1.0000,1.0000,1.0000,0.0000,3.0000,4224.2718,4224
705,4137,178.0000,178.0000,0.0000,1.0000,1.0000,0.0000,3.0000,4224.2008,4224
706,3570,160.0000,161.0000,1.0000,1.0000,1.0000,0.0000,3.0000,4224.0874,4224
707,3433,41.0000,41.0000,0.0000,0.0000,0.0000,0.0000,3.0000,4224.0366,4224
708,3980,28.0000,28.0000,0.0000,0.0000,0.0000,0.0000,3.0000,4224.1854,4224
709,3747,210.0000,210.0000,0.0000,1.0000,1.0000,0.0000,3.0000,4224.1649,4224
710,4081,187.0000,187.0000,0.0000,1.0000,1.0000,0.0000,3.0000,4224.2582,4224
711,4095,170.0000,170.0000,0.0000,1.0000,1.0000,0.0000,3.0000,4224.2125,4224
712,3461,56.0000,56.0000,0.0000,1.0000,1.0000,0.0000,3.0000,4223.9087,4224
713,3801,184.0000,184.0000,0.0000,1.0000,1.0000,0.0000,3.0000,4224.1692,4224
714,3468,89.0000,90.0000,1.0000,1.0000,1.0000,0.0000,3.0000,4224.0429,4224
715,3643,168.0000,168.0000,0.0000,1.0000,1.0000,0.0000,3.0000,4224.0811,4224
716,3964,209.0000,209.0000,0.0000,1.0000,1.0000,0.0000,3.0000,4224.3095,4224
717,3866,215.0000,215.0000,0.0000,1.0000,1.0000,0.0000,3.0000,4224.2383,4224
718,3769,207.0000,207.0000,0.0000,1.0000,1.0000,0.0000,3.0000,4224.1749,4224
719,3819,217.0000,217.0000,0.0000,1.0000,1.0000,0.0000,3.0000,4224.1779,4224
720,3582,86.0000,87.0000,1.0000,1.0000,1.0000,0.0000,3.0000,4224.1514,4224
721,3800,216.0000,216.0000,0.0000,1.0000,1.0000,0.0000,3.0000,4224.1689,4224
722,3853,215.0000,215.0000,0.0000,1.0000,1.0000,0.0000,3.0000,4224.1719,4224
723,3849,214.0000,214.0000,0.0000,1.0000,1.0000,0.0000,3.0000,4224.1726,4224
724,3827,215.0000,215.0000,0.0000,1.0000,1.0000,0.0000,3.0000,4224.2198,4224
725,3554,104.0000,105.0000,1.0000,1.0000,1.0000,0.0000,3.0000,4224.0245,4224
726,3710,108.0000,108.0000,0.0000,1.0000,1.0000,0.0000,3.0000,4224.2739,4224
727,4126,42.0000,42.0000,0.0000,0.0000,-0.0000,0.0000,3.0000,4224.2438,4224
728,3755,201.0000,201.0000,0.0000,1.0000,1.0000,0.0000,3.0000,4224.1534,4224
729,3618,182.0000,182.0000,0.0000,1.0000,1.0000,0.0000,3.0000,4224.0790,4224
730,3825,151.0000,151.0000,0.0000,1.0000,1.0000,0.0000,3.0000,4224.1681,4224
731,4193,129.0000,129.0000,0.0000,1.0000,1.0000,0.0000,3.0000,4224.2930,4224
732,3771,213.0000,213.0000,0.0000,1.0000,1.0000,0.0000,3.0000,4224.1669,4224
733,3762,183.0000,183.0000,0.0000,1.0000,1.0000,0.0000,3.0000,4224.2246,4224
734,4037,200.0000,200.0000,0.0000,1.0000,1.0000,0.0000,3.0000,4224.2164,4224
735,3807,204.0000,204.0000,0.0000,1.0000,1.0000,0.0000,3.0000,4224.2768,4224
736,3995,196.0000,196.0000,0.0000,1.0000,1.0000,0.0000,3.0000,4224.1901,4224
737,4249,75.0000,75.0000,0.0000,1.0000,1.0000,0.0000,3.0000,4224.2229,4224
738,3572,100.0000,100.0000,0.0000,1.0000,1.0000,0.0000,3.0000,4224.1803,4224
739,4065,25.0000,25.0000,0.0000,0.0000,0.0000,0.0000,3.0000,4224.1336,4224
740,3388,48.0000,48.0000,0.0000,0.0000,-0.0000,0.0000,3.0000,4224.1512,4224
741,4111,8.0000,8.0000,0.0000,0.0000,0.0000,0.0000,0.0000,-0.0279,-1
742,3802,196.0000,196.0000,0.0000,1.0000,1.0000,0.0000,3.0000,4224.2199,4224
743,3941,209.0000,209.0000,0.0000,1.0000,1.0000,0.0000,3.0000,4224.3381,4224
744,3667,150.0000,151.0000,1.0000,1.0000,1.0000,0.0000,3.0000,4224.1359,4224
745,4035,200.0000,200.0000,0.0000,1.0000,1.0000,0.0000,3.0000,4224.1917,4224
746,3844,196.0000,197.0000,1.0000,1.0000,1.0000,0.0000,3.0000,4224.1829,4224
747,3838,141.0000,141.0000,0.0000,1.0000,1.0000,0.0000,3.0000,4224.1691,4224
748,3928,135.0000,135.0000,0.0000,1.0000,1.0000,0.0000,3.0000,4224.2340,4224
749,3815,188.0000,189.0000,1.0000,1.0000,1.0000,0.0000,3.0000,4224.2540,4224
750,4055,119.0000,119.0000,0.0000,1.0000,1.0000,0.0000,3.0000,4224.1989,4224
751,3779,189.0000,189.0000,0.0000,1.0000,1.0000,0.0000,3.0000,4224.2005,4224
752,3868,213.0000,213.0000,0.0000,1.0000,1.0000,0.0000,3.0000,4224.2152,4224
753,3759,157.0000,157.0000,0.0000,1.0000,1.0000,0.0000,3.0000,4224.1708,4224
754,3665,162.0000,162.0000,0.0000,1.0000,1.0000,0.0000,3.0000,4224.1227,4224
755,3619,67.0000,67.0000,0.0000,1.0000,1.0000,0.0000,3.0000,4224.0751,4224
756,3894,210.0000,210.0000,0.0000,1.0000,1.0000,0.0000,3.0000,4224.2286,4224
757,4159,139.0000,139.0000,0.0000,1.0000,1.0000,0.0000,3.0000,4224.1880,4224
758,3491,42.0000,42.0000,0.0000,0.0000,0.0000,0.0000,3.0000,4224.0985,4224
759,3975,208.0000,208.0000,0.0000,1.0000,1.0000,0.0000,3.0000,4224.3485,4224
760,3918,197.0000,197.0000,0.0000,1.0000,1.0000,0.0000,3.0000,4224.2105,4224
761,3947,205.0000,206.0000,1.0000,1.0000,1.0000,0.0000,3.0000,4224.2208,4224
762,3552,37.0000,37.0000,0.0000,0.0000,0.0000,0.0000,3.0000,4224.1792,4224
763,4068,59.0000,59.0000,0.0000,1.0000,1.0000,0.0000,3.0000,4224.1897,4224
764,4263,5.0000,5.0000,0.0000,0.0000,0.0000,0.0000,0.0000,0.0050,-1
765,3935,188.0000,188.0000,0.0000,1.0000,1.0000,0.0000,3.0000,4224.2327,4224
766,3607,126.0000,127.0000,1.0000,1.0000,1.0000,0.0000,3.0000,4224.0451,4224
767,3396,58.0000,58.0000,0.0000,1.0000,1.0000,0.0000,3.0000,4223.8852,4224
768,4002,208.0000,208.0000,0.0000,1.0000,1.0000,0.0000,3.0000,4224.1989,4224
769,3805,205.0000,205.0000,0.0000,1.0000,1.0000,0.0000,3.0000,4224.1628,4224
770,3426,23.0000,23.0000,0.0000,0.0000,0.0000,0.0000,3.0000,4224.0823,4224
771,3804,145.0000,145.0000,0.0000,1.0000,1.0000,0.0000,3.0000,4224.1744,4224
772,3812,217.0000,217.0000,0.0000,1.0000,1.0000,0.0000,3.0000,4224.1668,4224
773,3697,193.0000,193.0000,0.0000,1.0000,1.0000,0.0000,3.0000,4224.1430,4224
774,4174,170.0000,170.0000,0.0000,1.0000,1.0000,0.0000,3.0000,4224.2968,4224
775,3746,207.0000,207.0000,0.0000,1.0000,1.0000,0.0000,3.0000,4224.2281,4224
776,3683,198.0000,198.0000,0.0000,1.0000,1.0000,0.0000,3.0000,4224.1127,4224
777,3914,213.0000,213.0000,0.0000,1.0000,1.0000,0.0000,3.0000,4224.1817,4224
778,3727,201.0000,201.0000,0.0000,1.0000,1.0000,0.0000,3.0000,4224.1595,4224
779,3652,175.0000,175.0000,0.0000,1.0000,1.0000,0.0000,3.0000,4224.1008,4224
780,3690,198.0000,199.0000,1.0000,1.0000,1.0000,0.0000,3.0000,4224.1294,4224
781,3422,57.0000,57.0000,0.0000,1.0000,1.0000,0.0000,3.0000,4223.9287,4224
782,3826,208.0000,208.0000,0.0000,1.0000,1.0000,0.0000,3.0000,4224.1883,4224
783,3968,53.0000,53.0000,0.0000,1.0000,1.0000,0.0000,3.0000,4224.2307,4224
784,4019,185.0000,185.0000,0.0000,1.0000,1.0000,0.0000,3.0000,4224.1892,4224
785,3513,52.0000,52.0000,0.0000,1.0000,1.0000,0.0000,3.0000,4224.0372,4224
786,3726,35.0000,35.0000,0.0000,0.0000,-0.0000,0.0000,3.0000,4224.1494,4224
787,3882,212.0000,212.0000,0.0000,1.0000,1.0000,0.0000,3.0000,4224.1781,4224
788,3983,203.0000,203.0000,0.0000,1.0000,1.0000,0.0000,3.0000,4224.2177,4224
789,3970,94.0000,94.0000,0.0000,1.0000,1.0000,0.0000,3.0000,4224.2001,4224
790,3347,5.0000,5.0000,0.0000,0.0000,0.0000,0.0000,0.0000,0.0690,-1
791,3657,149.0000,149.0000,0.0000,1.0000,1.0000,0.0000,3.0000,4224.1313,4224
792,3660,188.0000,189.0000,1.0000,1.0000,1.0000,0.0000,3.0000,4224.0866,4224
793,3734,176.0000,176.0000,0.0000,1.0000,1.0000,0.0000,3.0000,4224.2475,4224
794,3979,177.0000,177.0000,0.0000,1.0000,1.0000,0.0000,3.0000,4224.2114,4224
795,3873,209.0000,210.2068,1.2068,1.0000,1.0000,0.0000,3.0000,4224.2031,4224
796,4013,180.0000,180.0000,0.0000,1.0000,1.0000,0.0000,3.0000,4224.1810,4224
797,3956,195.0000,195.4583,0.4583,1.0000,1.0000,0.0000,3.0000,4224.2696,4224
798,3449,61.0000,61.0000,0.0000,1.0000,1.0000,0.0000,3.0000,4223.9292,4224
799,4100,185.0000,185.0000,0.0000,1.0000,1.0000,0.0000,3.0000,4224.2004,4224
800,4190,147.0000,147.0000,0.0000,1.0000,1.0000,0.0000,3.0000,4224.2497,4224
801,3832,214.0000,214.0000,0.0000,1.0000,1.0000,0.0000,3.0000,4224.1601,4224
802,3738,40.0000,40.0000,0.0000,0.0000,-0.0000,0.0000,3.0000,4224.2646,4224
803,3737,116.0000,116.0000,0.0000,1.0000,1.0000,0.0000,3.0000,4224.1728,4224
804,3937,212.0000,212.0000,0.0000,1.0000,1.0000,0.0000,3.0000,4224.2159,4224
805,3484,137.0000,137.0000,0.0000,1.0000,1.0000,0.0000,3.0000,4224.1533,4224
806,3668,170.0000,170.0000,0.0000,1.0000,1.0000,0.0000,3.0000,4224.1769,4224
807,3782,209.0000,210.0000,1.0000,1.0000,1.0000,0.0000,3.0000,4224.1671,4224
808,3796,215.0000,216.0000,1.0000,1.0000,1.0000,0.0000,3.0000,4224.1587,4224
809,3428,7.0000,7.0000,0.0000,0.0000,0.0000,0.0000,0.0000,-0.0388,-1
810,3986,25.0000,25.0000,0.0000,0.0000,-0.0000,0.0000,3.0000,4224.1702,4224
811,3949,209.0000,209.0000,0.0000,1.0000,1.0000,0.0000,3.0000,4224.3010,4224
812,3856,173.0000,173.0000,0.0000,1.0000,1.0000,0.0000,3.0000,4224.1854,4224
813,3976,208.0000,209.0000,1.0000,1.0000,1.0000,0.0000,3.0000,4224.4087,4224
814,3899,11.0000,11.0000,0.0000,0.0000,0.0000,0.0000,3.0000,4224.1183,4224
815,3869,212.0000,212.0000,0.0000,1.0000,1.0000,0.0000,3.0000,4224.1956,4224
816,4149,169.0000,169.0000,0.0000,1.0000,1.0000,0.0000,3.0000,4224.2024,4224
817,3829,215.0000,216.0000,1.0000,1.0000,1.0000,0.0000,3.0000,4224.1777,4224
818,3767,59.0000,59.0000,0.0000,1.0000,1.0000,0.0000,3.0000,4224.1514,4224
819,4205,139.0000,140.0000,1.0000,1.0000,1.0000,0.0000,3.0000,4224.2114,4224
820,3907,204.0000,204.0000,0.0000,1.0000,1.0000,0.0000,3.0000,4224.2298,4224
821,3501,130.0000,130.0000,0.0000,1.0000,1.0000,0.0000,3.0000,4224.0608,4224
822,4016,198.0000,198.0000,0.0000,1.0000,1.0000,0.0000,3.0000,4224.2464,4224
823,4097,186.0000,187.0000,1.0000,1.0000,1.0000,0.0000,3.0000,4224.2146,4224
824,3763,174.0000,174.0000,0.0000,1.0000,1.0000,0.0000,3.0000,4224.2840,4224
825,4141,157.0000,157.0000,0.0000,1.0000,1.0000,0.0000,3.0000,4224.2999,4224
826,3799,91.0000,91.0000,0.0000,1.0000,1.0000,0.0000,3.0000,4224.1634,4224
827,4034,193.0000,193.0000,0.0000,1.0000,1.0000,0.0000,3.0000,4224.3282,4224
828,4144,175.0000,175.0000,0.0000,1.0000,1.0000,0.0000,3.0000,4224.1873,4224
829,4123,86.0000,86.0000,0.0000,1.0000,1.0000,0.0000,3.0000,4224.1784,4224
830,4244,82.0000,82.0000,0.0000,1.0000,1.0000,0.0000,3.0000,4224.2070,4224
831,3439,90.0000,90.0000,0.0000,1.0000,1.0000,0.0000,3.0000,4223.9378,4224
832,3590,86.0000,87.0000,1.0000,1.0000,1.0000,0.0000,3.0000,4224.0754,4224
833,3797,215.0000,215.0000,0.0000,1.0000,1.0000,0.0000,3.0000,4224.1919,4224
834,3790,208.0000,208.0000,0.0000,1.0000,1.0000,0.0000,3.0000,4224.1707,4224
835,3988,207.0000,207.0000,0.0000,1.0000,1.0000,0.0000,3.0000,4224.3266,4224
836,4109,186.0000,186.0000,0.0000,1.0000,1.0000,0.0000,3.0000,4224.1882,4224
837,4161,168.0000,168.0000,0.0000,1.0000,1.0000,0.0000,3.0000,4224.2032,4224
838,3701,203.0000,204.0000,1.0000,1.0000,1.0000,0.0000,3.0000,4224.1449,4224
839,3931,195.0000,195.0000,0.0000,1.0000,1.0000,0.0000,3.0000,4224.2212,4224
840,3783,208.0000,208.0000,0.0000,1.0000,1.0000,0.0000,3.0000,4224.2807,4224
841,4124,67.0000,67.2068,0.2068,1.0000,1.0000,0.0000,3.0000,4224.2361,4224
842,3617,173.0000,173.0000,0.0000,1.0000,1.0000,0.0000,3.0000,4224.0859,4224
843,3823,214.0000,214.0000,0.0000,1.0000,1.0000,0.0000,3.0000,4224.1829,4224
844,3757,197.0000,197.0000,0.0000,1.0000,1.0000,0.0000,3.0000,4224.1490,4224
845,3787,207.0000,207.0000,0.0000,1.0000,1.0000,0.0000,3.0000,4224.1716,4224
846,4179,156.0000,156.0000,0.0000,1.0000,1.0000,0.0000,3.0000,4224.2156,4224
847,3821,184.0000,184.0000,0.0000,1.0000,1.0000,0.0000,3.0000,4224.3442,4224
848,3784,203.0000,203.0000,0.0000,1.0000,1.0000,0.0000,3.0000,4224.1605,4224
849,4267,80.0000,80.0000,0.0000,1.0000,1.0000,0.0000,3.0000,4224.2310,4224
850,3933,196.0000,196.0000,0.0000,1.0000,1.0000,0.0000,3.0000,4224.1977,4224
851,4196,144.0000,144.0000,0.0000,1.0000,1.0000,0.0000,3.0000,4224.2248,4224
852,3442,60.0000,60.0000,0.0000,1.0000,1.0000,0.0000,3.0000,4223.9569,4224
853,3626,30.0000,30.0000,0.0000,0.0000,0.0000,0.0000,3.0000,4224.1382,4224
854,3808,165.0000,165.0000,0.0000,1.0000,1.0000,0.0000,3.0000,4224.1607,4224
855,4262,79.0000,79.0000,0.0000,1.0000,1.0000,0.0000,3.0000,4224.2157,4224
856,3603,43.0000,43.0000,0.0000,0.0000,-0.0000,0.0000,3.0000,4224.0214,4224
857,3884,176.0000,176.0000,0.0000,1.0000,1.0000,0.0000,3.0000,4224.1758,4224
858,4230,105.0000,105.0000,0.0000,1.0000,1.0000,0.0000,3.0000,4224.1946,4224
859,3792,35.0000,35.0000,0.0000,0.0000,-0.0000,0.0000,3.0000,4224.1209,4224
860,4241,98.0000,99.0000,1.0000,1.0000,1.0000,0.0000,3.0000,4224.2985,4224
861,3664,194.0000,194.0000,0.0000,1.0000,1.0000,0.0000,3.0000,4224.1276,4224
862,4234,74.0000,74.0000,0.0000,1.0000,1.0000,0.0000,3.0000,4224.2247,4224
863,3864,158.0000,158.0000,0.0000,1.0000,1.0000,0.0000,3.0000,4224.3023,4224
864,3704,199.0000,199.0000,0.0000,1.0000,1.0000,0.0000,3.0000,4224.1562,4224
865,3680,105.0000,105.0000,0.0000,1.0000,1.0000,0.0000,3.0000,4224.2674,4224
866,3776,208.0000,208.0000,0.0000,1.0000,1.0000,0.0000,3.0000,4224.1563,4224
867,3452,81.0000,81.0000,0.0000,1.0000,1.0000,0.0000,3.0000,4223.9668,4224
868,3540,58.0000,58.0000,0.0000,1.0000,1.0000,0.0000,3.0000,4224.0224,4224
869,3932,109.0000,109.0000,0.0000,1.0000,1.0000,0.0000,3.0000,4224.1891,4224
870,3647,181.0000,181.0000,0.0000,1.0000,1.0000,0.0000,3.0000,4224.0943,4224
871,4130,178.0000,178.0000,0.0000,1.0000,1.0000,0.0000,3.0000,4224.1687,4224
872,3996,154.0000,154.0000,0.0000,1.0000,1.0000,0.0000,3.0000,4224.2262,4224
873,3892,158.0000,158.0000,0.0000,1.0000,1.0000,0.0000,3.0000,4224.2379,4224
874,4015,205.0000,205.0000,0.0000,1.0000,1.0000,0.0000,3.0000,4224.2695,4224
875,3397,56.0000,56.0000,0.0000,1.0000,1.0000,0.0000,3.0000,4223.8991,4224
876,4290,33.0000,33.0000,0.0000,0.0000,-0.0000,0.0000,3.0000,4224.2385,4224
877,3756,173.0000,173.0000,0.0000,1.0000,1.0000,0.0000,3.0000,4224.2261,4224
878,3417,63.0000,63.0000,0.0000,1.0000,1.0000,0.0000,3.0000,4223.9127,4224
879,3593,48.0000,48.0000,0.0000,0.0000,-0.0000,0.0000,3.0000,4224.1694,4224
880,4156,37.0000,37.0000,0.0000,0.0000,0.0000,0.0000,3.0000,4224.2024,4224
881,3735,161.0000,161.0000,0.0000,1.0000,1.0000,0.0000,3.0000,4224.1841,4224
882,3671,179.0000,179.0000,0.0000,1.0000,1.0000,0.0000,3.0000,4224.1455,4224
883,3622,77.0000,77.0000,0.0000,1.0000,1.0000,0.0000,3.0000,4224.0763,4224
884,3902,179.0000,179.4583,0.4583,1.0000,1.0000,0.0000,3.0000,4224.1886,4224
885,3382,46.0000,46.0000,0.0000,0.0000,0.0000,0.0000,3.0000,4223.9899,4224
886,4077,188.0000,188.0000,0.0000,1.0000,1.0000,0.0000,3.0000,4224.4526,4224
887,3689,125.0000,126.0000,1.0000,1.0000,1.0000,0.0000,3.0000,4224.1724,4224
888,3385,28.0000,28.0000,0.0000,0.0000,-0.0000,0.0000,3.0000,4224.0058,4224
889,3794,193.0000,193.0000,0.0000,1.0000,1.0000,0.0000,3.0000,4224.1589,4224
890,3820,180.0000,181.0000,1.0000,1.0000,1.0000,0.0000,3.0000,4224.1815,4224
891,4277,56.0000,56.0000,0.0000,1.0000,1.0000,0.0000,3.0000,4224.4260,4224
892,3943,210.0000,210.0000,0.0000,1.0000,1.0000,0.0000,3.0000,4224.2118,4224
893,3486,137.0000,137.0000,0.0000,1.0000,1.0000,0.0000,3.0000,4224.1162,4224
894,3510,143.0000,143.0000,0.0000,1.0000,1.0000,0.0000,3.0000,4224.1366,4224
895,3610,111.0000,112.0000,1.0000,1.0000,1.0000,0.0000,3.0000,4224.0966,4224
896,3401,59.0000,59.0000,0.0000,1.0000,1.0000,0.0000,3.0000,4224.1071,4224
897,3758,209.0000,209.0000,0.0000,1.0000,1.0000,0.0000,3.0000,4224.1442,4224
898,4092,187.0000,187.0000,0.0000,1.0000,1.0000,0.0000,3.0000,4224.2599,4224
899,3806,72.0000,72.0000,0.0000,1.0000,1.0000,0.0000,3.0000,4224.1579,4224
900,3896,156.0000,156.0000,0.0000,1.0000,1.0000,0.0000,3.0000,4224.2990,4224
901,3753,207.0000,207.0000,0.0000,1.0000,1.0000,0.0000,3.0000,4224.1799,4224
902,4003,193.0000,193.0000,0.0000,1.0000,1.0000,0.0000,3.0000,4224.2207,4224
903,3764,211.0000,211.0000,0.0000,1.0000,1.0000,0.0000,3.0000,4224.2833,4224
904,3634,184.0000,184.0000,0.0000,1.0000,1.0000,0.0000,3.0000,4224.0932,4224
905,4133,74.0000,75.0000,1.0000,1.0000,1.0000,0.0000,3.0000,4224.2876,4224
906,4040,198.0000,198.0000,0.0000,1.0000,1.0000,0.0000,3.0000,4224.2172,4224
907,3886,187.0000,187.0000,0.0000,1.0000,1.0000,0.0000,3.0000,4224.2100,4224
908,4278,63.0000,63.0000,0.0000,1.0000,1.0000,0.0000,3.0000,4224.4346,4224
909,3863,195.0000,195.0000,0.0000,1.0000,1.0000,0.0000,3.0000,4224.1941,4224
910,3852,195.0000,195.0000,0.0000,1.0000,1.0000,0.0000,3.0000,4224.1778,4224
911,4296,35.0000,35.0000,0.0000,0.0000,-0.0000,0.0000,3.0000,4224.1863,4224
912,3520,126.0000,126.0000,0.0000,1.0000,1.0000,0.0000,3.0000,4224.0109,4224
913,4223,59.0000,59.0000,0.0000,1.0000,1.0000,0.0000,3.0000,4224.2175,4224
914,3508,145.0000,145.0000,0.0000,1.0000,1.0000,0.0000,3.0000,4224.0667,4224
915,3836,215.0000,215.0000,0.0000,1.0000,1.0000,0.0000,3.0000,4224.1919,4224
916,3897,197.0000,197.0000,0.0000,1.0000,1.0000,0.0000,3.0000,4224.2315,4224
917,4216,130.0000,130.0000,0.0000,1.0000,1.0000,0.0000,3.0000,4224.1860,4224
918,4301,37.0000,37.0000,0.0000,0.0000,-0.0000,0.0000,3.0000,4224.1924,4224
919,3398,43.0000,43.0000,0.0000,0.0000,-0.0000,0.0000,3.0000,4224.0946,4224
920,3418,45.0000,45.0000,0.0000,0.0000,-0.0000,0.0000,3.0000,4223.9982,4224
921,3672,45.0000,45.0000,0.0000,0.0000,0.0000,0.0000,3.0000,4224.0785,4224
922,4184,140.0000,140.0000,0.0000,1.0000,1.0000,0.0000,3.0000,4224.2031,4224
923,4165,115.0000,115.0000,0.0000,1.0000,1.0000,0.0000,3.0000,4224.2263,4224
924,3604,72.0000,72.0000,0.0000,1.0000,1.0000,0.0000,3.0000,4224.0818,4224
925,3358,29.0000,29.0000,0.0000,0.0000,0.0000,0.0000,3.0000,4224.0613,4224
926,3875,173.0000,173.0000,0.0000,1.0000,1.0000,0.0000,3.0000,4224.1838,4224
927,3967,167.0000,167.0000,0.0000,1.0000,1.0000,0.0000,3.0000,4224.2846,4224
928,3526,142.0000,142.0000,0.0000,1.0000,1.0000,0.0000,3.0000,4224.0330,4224
929,3813,214.0000,214.0000,0.0000,1.0000,1.0000,0.0000,3.0000,4224.1747,4224
930,1823,89.0000,90.0000,1.0000,1.0000,1.0000,0.0000,4.0000,1809.0124,1809
931,1175,227.0000,227.0000,0.0000,1.0000,1.0000,0.0000,4.0000,1809.1842,1809
932,2024,19.0000,19.0000,0.0000,0.0000,0.0000,0.0000,4.0000,1808.9546,1809
933,988,48.0000,48.0000,0.0000,0.0000,-0.0000,0.0000,4.0000,1808.6880,1809
934,1217,225.0000,225.0000,0.0000,1.0000,1.0000,0.0000,4.0000,1809.0290,1809
935,1541,189.0000,189.0000,0.0000,1.0000,1.0000,0.0000,4.0000,1808.9966,1809
936,1403,67.0000,67.0000,0.0000,1.0000,1.0000,0.0000,4.0000,1808.9373,1809
937,1751,128.0000,128.0000,0.0000,1.0000,1.0000,0.0000,4.0000,1808.9721,1809
938,1214,189.0000,189.0000,0.0000,1.0000,1.0000,0.0000,4.0000,1809.1067,1809
939,1544,179.0000,179.0000,0.0000,1.0000,1.0000,0.0000,4.0000,1808.9795,1809
940,993,31.0000,31.0000,0.0000,0.0000,0.0000,0.0000,4.0000,1808.6909,1809
941,1412,207.0000,207.0000,0.0000,1.0000,1.0000,0.0000,4.0000,1809.0784,1809
942,1230,222.0000,222.0000,0.0000,1.0000,1.0000,0.0000,4.0000,1808.9278,1809
943,1233,224.0000,224.0000,0.0000,1.0000,1.0000,0.0000,4.0000,1808.9317,1809
944,1312,216.0000,216.0000,0.0000,1.0000,1.0000,0.0000,4.0000,1808.9335,1809
945,1881,46.0000,46.0000,0.0000,0.0000,-0.0000,0.0000,4.0000,1808.9360,1809
946,1031,158.0000,158.0000,0.0000,1.0000,1.0000,0.0000,4.0000,1808.7489,1809
947,1435,206.0000,206.0000,0.0000,1.0000,1.0000,0.0000,4.0000,1808.9663,1809
948,1687,163.0000,164.0000,1.0000,1.0000,1.0000,0.0000,4.0000,1808.9611,1809
949,1318,226.0000,226.0000,0.0000,1.0000,1.0000,0.0000,4.0000,1808.9258,1809
950,1053,157.0000,157.0000,0.0000,1.0000,1.0000,0.0000,4.0000,1808.7711,1809
951,1227,203.0000,203.0000,0.0000,1.0000,1.0000,0.0000,4.0000,1808.9366,1809
952,1437,91.0000,91.0000,0.0000,1.0000,1.0000,0.0000,4.0000,1808.9620,1809
953,1111,195.0000,195.0000,0.0000,1.0000,1.0000,0.0000,4.0000,1808.8629,1809
954,1378,76.0000,76.0000,0.0000,1.0000,1.0000,0.0000,4.0000,1809.0821,1809
955,1670,40.0000,41.0000,1.0000,0.0000,0.0000,0.0000,4.0000,1808.9451,1809
956,1018,135.0000,135.0000,0.0000,1.0000,1.0000,0.0000,4.0000,1808.8598,1809
957,1020,30.0000,30.0000,0.0000,0.0000,0.0000,0.0000,4.0000,1808.7626,1809
958,1138,217.0000,217.0000,0.0000,1.0000,1.0000,0.0000,4.0000,1809.0561,1809
959,1913,37.0000,37.0000,0.0000,0.0000,0.0000,0.0000,4.0000,1808.9629,1809
960,1143,208.0000,208.0000,0.0000,1.0000,1.0000,0.0000,4.0000,1808.9488,1809
961,1095,200.0000,200.0000,0.0000,1.0000,1.0000,0.0000,4.0000,1808.8497,1809
962,1037,144.0000,144.0000,0.0000,1.0000,1.0000,0.0000,4.0000,1808.7504,1809
963,1166,191.0000,191.0000,0.0000,1.0000,1.0000,0.0000,4.0000,1808.9331,1809
964,1021,30.0000,30.0000,0.0000,0.0000,-0.0000,0.0000,4.0000,1808.7907,1809
965,1848,67.0000,68.0000,1.0000,1.0000,1.0000,0.0000,4.0000,1808.9862,1809
966,986,44.0000,44.0000,0.0000,0.0000,0.0000,0.0000,4.0000,1809.0034,1809
967,1808,59.0000,59.0000,0.0000,1.0000,1.0000,0.0000,4.0000,1809.0645,1809
968,1208,222.0000,222.0000,0.0000,1.0000,1.0000,0.0000,4.0000,1808.9213,1809
969,1350,218.0000,219.0000,1.0000,1.0000,1.0000,0.0000,4.0000,1808.9581,1809
970,1114,212.0000,212.0000,0.0000,1.0000,1.0000,0.0000,4.0000,1809.0408,1809
971,1118,211.0000,211.0000,0.0000,1.0000,1.0000,0.0000,4.0000,1808.8628,1809
972,1332,183.0000,183.0000,0.0000,1.0000,1.0000,0.0000,4.0000,1808.9333,1809
973,1201,228.0000,228.0000,0.0000,1.0000,1.0000,0.0000,4.0000,1808.9609,1809
974,1129,79.0000,79.0000,0.0000,1.0000,1.0000,0.0000,4.0000,1808.8364,1809
975,1162,227.0000,227.0000,0.0000,1.0000,1.0000,0.0000,4.0000,1808.9156,1809
976,1130,221.0000,221.0000,0.0000,1.0000,1.0000,0.0000,4.0000,1808.9055,1809
977,1690,34.0000,34.0000,0.0000,0.0000,0.0000,0.0000,4.0000,1809.0079,1809
978,1108,183.0000,183.0000,0.0000,1.0000,1.0000,0.0000,4.0000,1808.8660,1809
979,1142,109.0000,109.0000,0.0000,1.0000,1.0000,0.0000,4.0000,1808.9062,1809
980,1075,180.0000,181.0000,1.0000,1.0000,1.0000,0.0000,4.0000,1808.7982,1809
981,978,24.0000,25.0000,1.0000,0.0000,0.0000,0.0000,4.0000,1808.6951,1809
982,1363,218.0000,218.0000,0.0000,1.0000,1.0000,0.0000,4.0000,1809.1338,1809
983,1863,72.0000,72.0000,0.0000,1.0000,1.0000,0.0000,4.0000,1808.9827,1809
984,1326,189.0000,189.0000,0.0000,1.0000,1.0000,0.0000,4.0000,1808.9334,1809
985,1393,182.0000,182.0000,0.0000,1.0000,1.0000,0.0000,4.0000,1809.1633,1809
986,992,56.0000,56.0000,0.0000,1.0000,1.0000,0.0000,4.0000,1808.5696,1809
987,1003,94.0000,94.0000,0.0000,1.0000,1.0000,0.0000,4.0000,1808.6818,1809
988,1125,220.0000,220.0000,0.0000,1.0000,1.0000,0.0000,4.0000,1809.0659,1809
989,1120,218.0000,218.0000,0.0000,1.0000,1.0000,0.0000,4.0000,1808.9429,1809
990,1112,211.0000,211.0000,0.0000,1.0000,1.0000,0.0000,4.0000,1808.8926,1809
991,1094,209.0000,209.0000,0.0000,1.0000,1.0000,0.0000,4.0000,1808.8071,1809
992,977,38.0000,38.0000,0.0000,0.0000,-0.0000,0.0000,4.0000,1808.7725,1809
993,1059,122.0000,122.0000,0.0000,1.0000,1.0000,0.0000,4.0000,1808.7480,1809
994,1165,205.0000,205.0000,0.0000,1.0000,1.0000,0.0000,4.0000,1808.9117,1809
995,1288,222.0000,222.0000,0.0000,1.0000,1.0000,0.0000,4.0000,1808.9566,1809
996,1016,79.0000,79.0000,0.0000,1.0000,1.0000,0.0000,4.0000,1808.8420,1809
997,1060,193.0000,193.0000,0.0000,1.0000,1.0000,0.0000,4.0000,1808.7673,1809
998,1483,179.0000,179.0000,0.0000,1.0000,1.0000,0.0000,4.0000,1808.9873,1809
999,1242,223.0000,223.0725,0.0725,1.0000,1.0000,0.0000,4.0000,1808.9419,1809
1000,1017,25.0000,25.0000,0.0000,0.0000,0.0000,0.0000,4.0000,1809.0178,1809
1001,1341,219.0000,219.0000,0.0000,1.0000,1.0000,0.0000,4.0000,1809.1707,1809
1002,1179,196.0000,196.0000,0.0000,1.0000,1.0000,0.0000,4.0000,1808.9191,1809
1003,1246,162.0000,162.0000,0.0000,1.0000,1.0000,0.0000,4.0000,1808.9248,1809
1004,1035,79.0000,79.0000,0.0000,1.0000,1.0000,0.0000,4.0000,1808.7509,1809
1005,1314,226.0000,226.0000,0.0000,1.0000,1.0000,0.0000,4.0000,1808.9191,1809
1006,1468,203.0000,203.0000,0.0000,1.0000,1.0000,0.0000,4.0000,1808.9855,1809
1007,1097,179.0000,179.0000,0.0000,1.0000,1.0000,0.0000,4.0000,1808.8480,1809
1008,1275,216.0000,216.0000,0.0000,1.0000,1.0000,0.0000,4.0000,1808.9680,1809
1009,1164,201.0000,201.0000,0.0000,1.0000,1.0000,0.0000,4.0000,1808.9212,1809
1010,1088,217.0000,217.0000,0.0000,1.0000,1.0000,0.0000,4.0000,1808.8120,1809
1011,1464,158.0000,158.0000,0.0000,1.0000,1.0000,0.0000,4.0000,1808.9555,1809
1012,1107,197.0000,197.0000,0.0000,1.0000,1.0000,0.0000,4.0000,1808.8675,1809
1013,1649,169.0000,169.0000,0.0000,1.0000,1.0000,0.0000,4.0000,1809.1632,1809
1014,1022,50.0000,50.0000,0.0000,1.0000,1.0000,0.0000,4.0000,1808.7497,1809
1015,1089,191.0000,191.0000,0.0000,1.0000,1.0000,0.0000,4.0000,1808.8996,1809
1016,1375,215.0000,215.0000,0.0000,1.0000,1.0000,0.0000,4.0000,1808.9882,1809
1017,1637,164.0000,164.0000,0.0000,1.0000,1.0000,0.0000,4.0000,1809.0089,1809
1018,1086,124.0000,124.0000,0.0000,1.0000,1.0000,0.0000,4.0000,1808.9986,1809
1019,1010,67.0000,67.0000,0.0000,1.0000,1.0000,0.0000,4.0000,1808.7937,1809
1020,1402,216.0000,216.0000,0.0000,1.0000,1.0000,0.0000,4.0000,1808.9491,1809
1021,1944,29.0000,29.0000,0.0000,0.0000,-0.0000,0.0000,4.0000,1808.9713,1809
1022,1305,224.0000,224.0000,0.0000,1.0000,1.0000,0.0000,4.0000,1809.0263,1809
1023,1082,196.0000,196.0000,0.0000,1.0000,1.0000,0.0000,4.0000,1808.7994,1809
1024,1145,143.0000,143.0000,0.0000,1.0000,1.0000,0.0000,4.0000,1808.9912,1809
1025,1775,63.0000,63.0000,0.0000,1.0000,1.0000,0.0000,4.0000,1809.0053,1809
1026,1407,208.0000,208.0000,0.0000,1.0000,1.0000,0.0000,4.0000,1808.9566,1809
1027,1590,22.0000,22.0000,0.0000,0.0000,-0.0000,0.0000,4.0000,1808.9512,1809
1028,1137,191.0000,191.0000,0.0000,1.0000,1.0000,0.0000,4.0000,1808.9797,1809
1029,1264,225.0000,225.0000,0.0000,1.0000,1.0000,0.0000,4.0000,1809.0162,1809
1030,1493,200.0000,200.0000,0.0000,1.0000,1.0000,0.0000,4.0000,1809.0083,1809
1031,1225,222.0000,222.0000,0.0000,1.0000,1.0000,0.0000,4.0000,1808.9154,1809
1032,1096,213.0000,213.0000,0.0000,1.0000,1.0000,0.0000,4.0000,1808.8632,1809
1033,1177,227.0000,227.0000,0.0000,1.0000,1.0000,0.0000,4.0000,1808.9457,1809
1034,1048,183.0000,183.0000,0.0000,1.0000,1.0000,0.0000,4.0000,1808.7596,1809
1035,1181,202.0000,202.0000,0.0000,1.0000,1.0000,0.0000,4.0000,1808.9872,1809
1036,1432,194.0000,194.0000,0.0000,1.0000,1.0000,0.0000,4.0000,1808.9564,1809
1037,1621,175.0000,175.0000,0.0000,1.0000,1.0000,0.0000,4.0000,1808.9974,1809
1038,1211,226.0000,226.0000,0.0000,1.0000,1.0000,0.0000,4.0000,1809.0761,1809
1039,1014,106.0000,106.0000,0.0000,1.0000,1.0000,0.0000,4.0000,1808.7515,1809
1040,2116,22.0000,22.0000,0.0000,0.0000,-0.0000,0.0000,15.0000,3170.9716,3171
1041,987,47.0000,47.0000,0.0000,0.0000,0.0000,0.0000,4.0000,1808.7603,1809
1042,1302,56.0000,56.0000,0.0000,1.0000,1.0000,0.0000,4.0000,1808.9214,1809
1043,1515,182.0000,182.0000,0.0000,1.0000,1.0000,0.0000,4.0000,1808.9725,1809
1044,1455,150.0000,150.0000,0.0000,1.0000,1.0000,0.0000,4.0000,1808.9879,1809
1045,948,16.0000,16.0000,0.0000,0.0000,-0.0000,0.0000,4.0000,1808.7645,1809
1046,971,33.0000,33.0000,0.0000,0.0000,-0.0000,0.0000,4.0000,1808.6373,1809
1047,1294,221.0000,221.0000,0.0000,1.0000,1.0000,0.0000,4.0000,1808.9323,1809
1048,1371,215.0000,215.0000,0.0000,1.0000,1.0000,0.0000,4.0000,1808.9804,1809
1049,1136,123.0000,123.0000,0.0000,1.0000,1.0000,0.0000,4.0000,1808.9252,1809
1050,1516,177.0000,177.0000,0.0000,1.0000,1.0000,0.0000,4.0000,1809.0261,1809
1051,1354,188.0000,188.0000,0.0000,1.0000,1.0000,0.0000,4.0000,1808.9583,1809
1052,1262,43.0000,43.0000,0.0000,0.0000,-0.0000,0.0000,4.0000,1808.9751,1809
1053,1369,216.0000,216.0000,0.0000,1.0000,1.0000,0.0000,4.0000,1808.9970,1809
1054,995,70.0000,70.0000,0.0000,1.0000,1.0000,0.0000,4.0000,1808.6389,1809
1055,1062,198.0000,198.0000,0.0000,1.0000,1.0000,0.0000,4.0000,1808.7802,1809
1056,1152,224.0000,224.0000,0.0000,1.0000,1.0000,0.0000,4.0000,1808.9248,1809
1057,1273,225.0000,225.0000,0.0000,1.0000,1.0000,0.0000,4.0000,1808.9802,1809
1058,1285,220.0000,220.0000,0.0000,1.0000,1.0000,0.0000,4.0000,1808.9789,1809
1059,1953,25.0000,25.0000,0.0000,0.0000,0.0000,0.0000,4.0000,1809.0128,1809
1060,979,33.0000,33.0000,0.0000,0.0000,0.0000,0.0000,4.0000,1808.7650,1809
1061,1224,159.0000,159.0000,0.0000,1.0000,1.0000,0.0000,4.0000,1808.9276,1809
1062,1348,43.0000,43.0000,0.0000,0.0000,0.0000,0.0000,4.0000,1808.9890,1809
1063,1451,194.0000,194.0000,0.0000,1.0000,1.0000,0.0000,4.0000,1808.9513,1809
1064,1392,70.0000,70.0000,0.0000,1.0000,1.0000,0.0000,4.0000,1808.9486,1809
1065,1168,197.0000,197.0000,0.0000,1.0000,1.0000,0.0000,4.0000,1808.9595,1809
1066,1051,178.0000,178.0000,0.0000,1.0000,1.0000,0.0000,4.0000,1808.8348,1809
1067,1582,170.0000,170.0000,0.0000,1.0000,1.0000,0.0000,4.0000,1808.9987,1809
1068,1139,69.0000,70.0000,1.0000,1.0000,1.0000,0.0000,4.0000,1808.9393,1809
1069,991,26.0000,26.0000,0.0000,0.0000,-0.0000,0.0000,4.0000,1808.8890,1809
1070,1191,44.0000,44.0000,0.0000,0.0000,0.0000,0.0000,4.0000,1808.9102,1809
1071,1445,67.0000,67.0000,0.0000,1.0000,1.0000,0.0000,4.0000,1809.0870,1809
1072,1203,214.0000,214.0000,0.0000,1.0000,1.0000,0.0000,4.0000,1808.9227,1809
1073,1827,51.0000,51.0000,0.0000,1.0000,1.0000,0.0000,4.0000,1809.0355,1809
1074,1243,220.0000,220.0000,0.0000,1.0000,1.0000,0.0000,4.0000,1808.9245,1809
1075,1013,79.0000,79.0000,0.0000,1.0000,1.0000,0.0000,4.0000,1808.6511,1809
1076,1290,217.0000,217.0000,0.0000,1.0000,1.0000,0.0000,4.0000,1808.9123,1809
1077,1631,24.0000,24.0000,0.0000,0.0000,-0.0000,0.0000,4.0000,1808.9423,1809
1078,1249,222.0000,222.0000,0.0000,1.0000,1.0000,0.0000,4.0000,1808.9245,1809
1079,1405,210.0000,210.0000,0.0000,1.0000,1.0000,0.0000,4.0000,1808.9491,1809
1080,1216,224.0000,224.0000,0.0000,1.0000,1.0000,0.0000,4.0000,1808.9540,1809
1081,1073,183.0000,183.0000,0.0000,1.0000,1.0000,0.0000,4.0000,1808.8064,1809
1082,1248,223.0000,223.0000,0.0000,1.0000,1.0000,0.0000,4.0000,1809.0627,1809
1083,1444,193.0000,193.0000,0.0000,1.0000,1.0000,0.0000,4.0000,1808.9321,1809
1084,1046,138.0000,138.0000,0.0000,1.0000,1.0000,0.0000,4.0000,1808.7571,1809
1085,1099,191.0000,191.0000,0.0000,1.0000,1.0000,0.0000,4.0000,1808.8265,1809
1086,1156,46.0000,46.0000,0.0000,0.0000,-0.0000,0.0000,4.0000,1809.0598,1809
1087,1141,209.0000,209.0000,0.0000,1.0000,1.0000,0.0000,4.0000,1808.9962,1809
1088,1083,205.0000,205.0000,0.0000,1.0000,1.0000,0.0000,4.0000,1808.8344,1809
1089,1263,223.0000,223.0000,0.0000,1.0000,1.0000,0.0000,4.0000,1809.0132,1809
1090,1034,152.0000,153.0000,1.0000,1.0000,1.0000,0.0000,4.0000,1809.0035,1809
1091,1226,225.0000,225.0000,0.0000,1.0000,1.0000,0.0000,4.0000,1808.9363,1809
1092,1256,226.0000,226.0000,0.0000,1.0000,1.0000,0.0000,4.0000,1808.9253,1809
1093,1328,216.0000,216.0000,0.0000,1.0000,1.0000,0.0000,4.0000,1808.9303,1809
1094,1219,174.0000,174.0000,0.0000,1.0000,1.0000,0.0000,4.0000,1808.9329,1809
1095,981,42.0000,42.0000,0.0000,0.0000,0.0000,0.0000,4.0000,1808.8123,1809
1096,1049,186.0000,186.0000,0.0000,1.0000,1.0000,0.0000,4.0000,1808.9493,1809
1097,1338,216.0000,216.0000,0.0000,1.0000,1.0000,0.0000,4.0000,1809.0063,1809
1098,1240,223.0000,223.0000,0.0000,1.0000,1.0000,0.0000,4.0000,1808.9424,1809
1099,1419,199.0000,199.0000,0.0000,1.0000,1.0000,0.0000,4.0000,1808.9949,1809
1100,1215,182.0000,182.0000,0.0000,1.0000,1.0000,0.0000,4.0000,1808.9427,1809
1101,1025,93.0000,93.0000,0.0000,1.0000,1.0000,0.0000,4.0000,1808.7323,1809
1102,1183,228.0000,228.0000,0.0000,1.0000,1.0000,0.0000,4.0000,1808.9720,1809
1103,1283,225.0000,225.0000,0.0000,1.0000,1.0000,0.0000,4.0000,1808.9219,1809
1104,996,62.0000,62.0000,0.0000,1.0000,1.0000,0.0000,4.0000,1808.6907,1809
1105,1360,218.0000,219.0000,1.0000,1.0000,1.0000,0.0000,4.0000,1809.0816,1809
1106,1711,160.0000,161.0000,1.0000,1.0000,1.0000,0.0000,4.0000,1808.9610,1809
1107,1196,159.0000,159.0000,0.0000,1.0000,1.0000,0.0000,4.0000,1809.0973,1809
1108,1197,225.0000,225.0000,0.0000,1.0000,1.0000,0.0000,4.0000,1808.9268,1809
1109,2082,15.0000,15.0000,0.0000,0.0000,0.0000,0.0000,15.0000,3170.9379,3171
1110,1750,61.0000,62.0000,1.0000,1.0000,1.0000,0.0000,4.0000,1808.9751,1809
1111,1270,219.0000,219.0000,0.0000,1.0000,1.0000,0.0000,4.0000,1808.9857,1809
1112,994,69.0000,69.0000,0.0000,1.0000,1.0000,0.0000,4.0000,1808.6483,1809
1113,1087,39.0000,39.0000,0.0000,0.0000,-0.0000,0.0000,4.0000,1808.8547,1809
1114,1148,201.0000,201.0000,0.0000,1.0000,1.0000,0.0000,4.0000,1808.9413,1809
1115,1009,96.0000,97.0000,1.0000,1.0000,1.0000,0.0000,4.0000,1808.7126,1809
1116,1128,211.0000,211.0000,0.0000,1.0000,1.0000,0.0000,4.0000,1808.9005,1809
1117,1237,167.0000,167.0000,0.0000,1.0000,1.0000,0.0000,4.0000,1809.0604,1809
1118,1685,155.0000,155.0000,0.0000,1.0000,1.0000,0.0000,4.0000,1808.9653,1809
1119,1449,203.0000,203.0000,0.0000,1.0000,1.0000,0.0000,4.0000,1809.1940,1809
1120,1019,126.0000,126.0000,0.0000,1.0000,1.0000,0.0000,4.0000,1808.7453,1809
1121,999,30.0000,30.0000,0.0000,0.0000,0.0000,0.0000,4.0000,1808.8565,1809
1122,1045,174.0000,174.0000,0.0000,1.0000,1.0000,0.0000,4.0000,1808.9110,1809
1123,1126,206.0000,206.0000,0.0000,1.0000,1.0000,0.0000,4.0000,1808.9004,1809
1124,1342,215.0000,215.0000,0.0000,1.0000,1.0000,0.0000,4.0000,1809.1500,1809
1125,1001,66.0000,66.0000,0.0000,1.0000,1.0000,0.0000,4.0000,1808.7530,1809
1126,1253,224.0000,224.0000,0.0000,1.0000,1.0000,0.0000,4.0000,1808.9519,1809
1127,1280,224.0000,224.0000,0.0000,1.0000,1.0000,0.0000,4.0000,1809.0706,1809
1128,1400,183.0000,183.0000,0.0000,1.0000,1.0000,0.0000,4.0000,1808.9599,1809
1129,1257,153.0000,153.0000,0.0000,1.0000,1.0000,0.0000,4.0000,1808.9354,1809
1130,1144,220.0000,221.0000,1.0000,1.0000,1.0000,0.0000,4.0000,1808.9288,1809
1131,2031,19.0000,19.0000,0.0000,0.0000,-0.0000,0.0000,4.0000,1808.9445,1809
1132,1002,60.0000,60.0000,0.0000,1.0000,1.0000,0.0000,4.0000,1808.6866,1809
1133,1236,224.0000,224.0000,0.0000,1.0000,1.0000,0.0000,4.0000,1808.9341,1809
1134,1781,113.0000,113.0725,0.0725,1.0000,1.0000,0.0000,4.0000,1809.0399,1809
1135,1074,104.0000,104.0000,0.0000,1.0000,1.0000,0.0000,4.0000,1808.8205,1809
1136,1695,161.0000,161.0000,0.0000,1.0000,1.0000,0.0000,4.0000,1808.9484,1809
1137,1091,215.0000,215.0000,0.0000,1.0000,1.0000,0.0000,4.0000,1808.8211,1809
1138,1199,226.0000,226.0000,0.0000,1.0000,1.0000,0.0000,4.0000,1809.0278,1809
1139,1047,180.0000,180.0000,0.0000,1.0000,1.0000,0.0000,4.0000,1808.7518,1809
1140,1662,169.0000,169.0000,0.0000,1.0000,1.0000,0.0000,4.0000,1808.9700,1809
1141,1058,162.0000,162.0000,0.0000,1.0000,1.0000,0.0000,4.0000,1808.7525,1809
1142,1195,164.0000,165.0000,1.0000,1.0000,1.0000,0.0000,4.0000,1808.9293,1809
1143,1304,222.0000,222.0000,0.0000,1.0000,1.0000,0.0000,4.0000,1809.0286,1809
1144,1404,216.0000,216.0000,0.0000,1.0000,1.0000,0.0000,4.0000,1809.0198,1809
1145,1033,67.0000,67.0000,0.0000,1.0000,1.0000,0.0000,4.0000,1808.7436,1809
1146,1425,111.0000,111.0000,0.0000,1.0000,1.0000,0.0000,4.0000,1808.9467,1809
1147,1067,200.0000,200.0000,0.0000,1.0000,1.0000,0.0000,4.0000,1808.7658,1809
1148,1513,67.0000,67.0000,0.0000,1.0000,1.0000,0.0000,4.0000,1808.9548,1809
1149,966,32.0000,32.0000,0.0000,0.0000,-0.0000,0.0000,4.0000,1808.6757,1809
1150,1306,220.0000,220.0000,0.0000,1.0000,1.0000,0.0000,4.0000,1808.9217,1809
1151,1334,115.0000,115.0000,0.0000,1.0000,1.0000,0.0000,4.0000,1808.9348,1809
1152,1132,220.0000,220.0000,0.0000,1.0000,1.0000,0.0000,4.0000,1808.8923,1809
1153,1124,122.0000,122.0000,0.0000,1.0000,1.0000,0.0000,4.0000,1808.8563,1809
1154,1296,54.0000,54.0000,0.0000,1.0000,1.0000,0.0000,4.0000,1808.8968,1809
1155,1255,187.0000,187.0000,0.0000,1.0000,1.0000,0.0000,4.0000,1808.9584,1809
1156,1477,84.0000,84.0000,0.0000,1.0000,1.0000,0.0000,4.0000,1808.9533,1809
1157,1628,163.0000,163.0000,0.0000,1.0000,1.0000,0.0000,4.0000,1808.9661,1809
1158,1092,206.0000,206.0000,0.0000,1.0000,1.0000,0.0000,4.0000,1808.7907,1809
1159,1374,215.0000,215.0000,0.0000,1.0000,1.0000,0.0000,4.0000,1808.9872,1809
1160,1365,195.0000,195.0000,0.0000,1.0000,1.0000,0.0000,4.0000,1808.9855,1809
1161,1189,209.0000,210.0000,1.0000,1.0000,1.0000,0.0000,4.0000,1808.9139,1809
1162,1102,218.0000,218.0000,0.0000,1.0000,1.0000,0.0000,4.0000,1808.9216,1809
1163,1589,179.0000,179.0000,0.0000,1.0000,1.0000,0.0000,4.0000,1808.9589,1809
1164,1724,21.0000,21.0000,0.0000,0.0000,0.0000,0.0000,4.0000,1809.0010,1809
1165,1325,223.0000,223.0000,0.0000,1.0000,1.0000,0.0000,4.0000,1808.9516,1809
1166,1098,205.0000,205.0000,0.0000,1.0000,1.0000,0.0000,4.0000,1808.8258,1809
1167,955,18.0000,18.0000,0.0000,0.0000,-0.0000,0.0000,4.0000,1808.5966,1809
1168,1316,214.0000,214.0000,0.0000,1.0000,1.0000,0.0000,4.0000,1808.9305,1809
1169,1298,223.0000,223.0000,0.0000,1.0000,1.0000,0.0000,4.0000,1809.0308,1809
1170,1337,223.0000,223.0000,0.0000,1.0000,1.0000,0.0000,4.0000,1808.9420,1809
1171,1077,40.0000,40.0000,0.0000,0.0000,-0.0000,0.0000,4.0000,1808.8217,1809
1172,1317,167.0000,167.0000,0.0000,1.0000,1.0000,0.0000,4.0000,1808.9199,1809
1173,1190,227.0000,227.0000,0.0000,1.0000,1.0000,0.0000,4.0000,1809.1470,1809
1174,1063,203.0000,203.0000,0.0000,1.0000,1.0000,0.0000,4.0000,1808.7737,1809
1175,1366,218.0000,218.0000,0.0000,1.0000,1.0000,0.0000,4.0000,1809.1461,1809
1176,1819,95.0000,95.0000,0.0000,1.0000,1.0000,0.0000,4.0000,1809.1720,1809
1177,1361,192.0000,192.0000,0.0000,1.0000,1.0000,0.0000,4.0000,1809.0546,1809
1178,1005,92.0000,92.0000,0.0000,1.0000,1.0000,0.0000,4.0000,1808.7732,1809
1179,1158,229.0000,229.0000,0.0000,1.0000,1.0000,0.0000,4.0000,1809.0162,1809
1180,1065,190.0000,190.0000,0.0000,1.0000,1.0000,0.0000,4.0000,1808.8048,1809
1181,1648,166.0000,166.0000,0.0000,1.0000,1.0000,0.0000,4.0000,1808.9558,1809
1182,1768,62.0000,62.0000,0.0000,1.0000,1.0000,0.0000,4.0000,1808.9830,1809
1183,1421,207.0000,207.0000,0.0000,1.0000,1.0000,0.0000,4.0000,1808.9920,1809
1184,1023,83.0000,83.0000,0.0000,1.0000,1.0000,0.0000,4.0000,1808.8899,1809
1185,1247,223.0000,223.0000,0.0000,1.0000,1.0000,0.0000,4.0000,1808.9349,1809
1186,1072,165.0000,165.0000,0.0000,1.0000,1.0000,0.0000,4.0000,1808.7916,1809
1187,1163,90.0000,90.0000,0.0000,1.0000,1.0000,0.0000,4.0000,1808.8782,1809
1188,2048,15.0000,15.0000,0.0000,0.0000,-0.0000,0.0000,0.0000,-0.0280,-1
1189,1245,223.0000,223.0000,0.0000,1.0000,1.0000,0.0000,4.0000,1809.0172,1809
1190,1071,201.0000,201.0000,0.0000,1.0000,1.0000,0.0000,4.0000,1808.7925,1809
1191,1704,160.0000,160.0000,0.0000,1.0000,1.0000,0.0000,4.0000,1808.9479,1809
1192,1358,218.0000,218.0000,0.0000,1.0000,1.0000,0.0000,4.0000,1808.9477,1809
1193,1416,205.0000,205.0000,0.0000,1.0000,1.0000,0.0000,4.0000,1808.9726,1809
1194,1204,221.0000,222.0000,1.0000,1.0000,1.0000,0.0000,4.0000,1808.9226,1809
1195,1239,225.0000,225.0000,0.0000,1.0000,1.0000,0.0000,4.0000,1808.9227,1809
1196,1078,159.0000,159.0000,0.0000,1.0000,1.0000,0.0000,4.0000,1808.9903,1809
1197,1171,219.0000,219.0000,0.0000,1.0000,1.0000,0.0000,4.0000,1808.9148,1809
1198,1899,48.0000,48.0000,0.0000,0.0000,0.0000,0.0000,4.0000,1808.9474,1809
1199,1229,222.0000,222.0000,0.0000,1.0000,1.0000,0.0000,4.0000,1808.9283,1809
1200,1639,38.0000,38.0000,0.0000,0.0000,-0.0000,0.0000,4.0000,1808.9810,1809
1201,1167,228.0000,228.0000,0.0000,1.0000,1.0000,0.0000,4.0000,1808.9213,1809
1202,1291,220.0000,220.0000,0.0000,1.0000,1.0000,0.0000,4.0000,1808.9981,1809
1203,1738,136.0000,136.0000,0.0000,1.0000,1.0000,0.0000,4.0000,1808.9670,1809
1204,1057,40.0000,40.0000,0.0000,0.0000,-0.0000,0.0000,4.0000,1809.0144,1809
1205,1178,214.0000,214.0000,0.0000,1.0000,1.0000,0.0000,4.0000,1808.9221,1809
1206,1588,171.0000,171.0000,0.0000,1.0000,1.0000,0.0000,4.0000,1808.9112,1809
1207,1388,184.0000,184.0000,0.0000,1.0000,1.0000,0.0000,4.0000,1808.9462,1809
1208,1712,84.0000,84.0000,0.0000,1.0000,1.0000,0.0000,4.0000,1808.9882,1809
1209,1006,97.0000,97.0000,0.0000,1.0000,1.0000,0.0000,4.0000,1808.8002,1809
1210,1235,226.0000,226.0000,0.0000,1.0000,1.0000,0.0000,4.0000,1808.9704,1809
1211,1076,186.0000,187.0000,1.0000,1.0000,1.0000,0.0000,4.0000,1808.8013,1809
1212,2004,23.0000,24.0000,1.0000,0.0000,-0.0000,0.0000,4.0000,1809.0183,1809
1213,1116,178.0000,178.0000,0.0000,1.0000,1.0000,0.0000,4.0000,1808.8609,1809
1214,1335,206.0000,206.0000,0.0000,1.0000,1.0000,0.0000,4.0000,1808.9227,1809
1215,1258,151.0000,151.0000,0.0000,1.0000,1.0000,0.0000,4.0000,1809.0628,1809
1216,1193,230.0000,230.0000,0.0000,1.0000,1.0000,0.0000,4.0000,1808.9263,1809
1217,1387,165.0000,165.0000,0.0000,1.0000,1.0000,0.0000,4.0000,1808.9668,1809
1218,1234,224.0000,224.0000,0.0000,1.0000,1.0000,0.0000,4.0000,1808.9323,1809
1219,1176,226.0000,226.0000,0.0000,1.0000,1.0000,0.0000,4.0000,1809.1289,1809
1220,1310,220.0000,220.0000,0.0000,1.0000,1.0000,0.0000,4.0000,1809.0035,1809
1221,1323,219.0000,219.0000,0.0000,1.0000,1.0000,0.0000,4.0000,1808.9263,1809
1222,1376,216.0000,216.0000,0.0000,1.0000,1.0000,0.0000,4.0000,1808.9918,1809
1223,1272,81.0000,81.0000,0.0000,1.0000,1.0000,0.0000,4.0000,1808.9912,1809
1224,1543,188.0000,188.0000,0.0000,1.0000,1.0000,0.0000,4.0000,1809.0412,1809
1225,1147,56.0000,56.0000,0.0000,1.0000,1.0000,0.0000,4.0000,1808.9278,1809
1226,1185,228.0000,228.0000,0.0000,1.0000,1.0000,0.0000,4.0000,1808.9255,1809
1227,1192,229.0000,229.0000,0.0000,1.0000,1.0000,0.0000,4.0000,1808.9193,1809
1228,1140,84.0000,84.0000,0.0000,1.0000,1.0000,0.0000,4.0000,1808.9959,1809
1229,1054,83.0000,83.0000,0.0000,1.0000,1.0000,0.0000,4.0000,1808.8239,1809
1230,1194,181.0000,181.0000,0.0000,1.0000,1.0000,0.0000,4.0000,1809.0795,1809
1231,1206,221.0000,221.0000,0.0000,1.0000,1.0000,0.0000,4.0000,1809.0461,1809
1232,1490,166.0000,166.0000,0.0000,1.0000,1.0000,0.0000,4.0000,1808.9792,1809
1233,1813,93.0000,93.0000,0.0000,1.0000,1.0000,0.0000,4.0000,1808.9987,1809
1234,1303,223.0000,223.0000,0.0000,1.0000,1.0000,0.0000,4.0000,1809.0195,1809
1235,1391,216.0000,216.0000,0.0000,1.0000,1.0000,0.0000,4.0000,1809.0970,1809
1236,1986,25.0000,25.0000,0.0000,0.0000,-0.0000,0.0000,4.0000,1808.9051,1809
1237,1277,222.0000,222.0000,0.0000,1.0000,1.0000,0.0000,4.0000,1808.9982,1809
1238,1798,99.0000,99.0000,0.0000,1.0000,1.0000,0.0000,4.0000,1809.0043,1809
1239,1223,222.0000,222.0000,0.0000,1.0000,1.0000,0.0000,4.0000,1808.9257,1809
1240,1322,222.0000,222.0000,0.0000,1.0000,1.0000,0.0000,4.0000,1808.9135,1809
1241,1056,158.0000,159.0000,1.0000,1.0000,1.0000,0.0000,4.0000,1808.7773,1809
1242,1300,114.0000,114.0000,0.0000,1.0000,1.0000,0.0000,4.0000,1808.9804,1809
1243,1297,223.0000,223.0000,0.0000,1.0000,1.0000,0.0000,4.0000,1809.0130,1809
1244,1238,224.0000,224.0000,0.0000,1.0000,1.0000,0.0000,4.0000,1808.9513,1809
1245,1397,178.0000,178.0000,0.0000,1.0000,1.0000,0.0000,4.0000,1808.9807,1809
1246,1456,202.0000,202.0000,0.0000,1.0000,1.0000,0.0000,4.0000,1808.9630,1809
1247,1349,217.0000,217.0000,0.0000,1.0000,1.0000,0.0000,4.0000,1808.9560,1809
1248,133,234.0000,234.0000,0.0000,1.0000,1.0000,0.0000,5.0000,264.8264,265
1249,126,237.0000,237.0000,0.0000,1.0000,1.0000,0.0000,5.0000,264.8917,265
1250,131,242.0000,243.0000,1.0000,1.0000,1.0000,0.0000,5.0000,264.9319,265
1251,51,194.0000,194.0000,0.0000,1.0000,1.0000,0.0000,5.0000,264.8479,265
1252,236,227.0000,228.0000,1.0000,1.0000,1.0000,0.0000,5.0000,265.0378,265
1253,202,235.0000,235.0000,0.0000,1.0000,1.0000,0.0000,5.0000,264.9248,265
1254,33,198.0000,198.0000,0.0000,1.0000,1.0000,0.0000,5.0000,264.8367,265
1255,7,71.0000,71.0000,0.0000,1.0000,1.0000,0.0000,5.0000,264.7655,265
1256,3,68.0000,68.0000,0.0000,1.0000,1.0000,0.0000,5.0000,264.5595,265
1257,217,55.0000,55.0000,0.0000,1.0000,1.0000,0.0000,5.0000,264.9300,265
1258,53,45.0000,45.0000,0.0000,0.0000,-0.0000,0.0000,5.0000,264.7627,265
1259,77,227.0000,227.0000,0.0000,1.0000,1.0000,0.0000,5.0000,264.7956,265
1260,146,237.0000,237.0000,0.0000,1.0000,1.0000,0.0000,5.0000,264.9024,265
1261,260,222.0000,222.0000,0.0000,1.0000,1.0000,0.0000,5.0000,264.9105,265
1262,200,243.0000,243.0000,0.0000,1.0000,1.0000,0.0000,5.0000,265.0485,265
1263,305,51.0000,51.0000,0.0000,1.0000,1.0000,0.0000,5.0000,264.9958,265
1264,264,213.0000,213.0000,0.0000,1.0000,1.0000,0.0000,5.0000,265.1315,265
1265,27,178.0000,178.0000,0.0000,1.0000,1.0000,0.0000,5.0000,264.6348,265
1266,166,246.0000,246.0000,0.0000,1.0000,1.0000,0.0000,5.0000,264.8919,265
1267,319,66.0000,66.0000,0.0000,1.0000,1.0000,0.0000,5.0000,264.9347,265
1268,249,224.0000,224.0000,0.0000,1.0000,1.0000,0.0000,5.0000,264.9204,265
1269,89,199.0000,199.0000,0.0000,1.0000,1.0000,0.0000,5.0000,264.8894,265
1270,286,189.0000,189.0000,0.0000,1.0000,1.0000,0.0000,5.0000,264.9243,265
1271,198,188.0000,188.0000,0.0000,1.0000,1.0000,0.0000,5.0000,264.8905,265
1272,223,233.0000,233.0000,0.0000,1.0000,1.0000,0.0000,5.0000,264.8939,265
1273,98,219.0000,219.0000,0.0000,1.0000,1.0000,0.0000,5.0000,264.8126,265
1274,107,234.0000,234.0000,0.0000,1.0000,1.0000,0.0000,5.0000,264.8576,265
1275,188,242.0000,242.0000,0.0000,1.0000,1.0000,0.0000,5.0000,265.1031,265
1276,91,228.0000,228.0000,0.0000,1.0000,1.0000,0.0000,5.0000,264.8190,265
1277,102,44.0000,44.0000,0.0000,0.0000,-0.0000,0.0000,5.0000,264.8365,265
1278,118,232.0000,232.0000,0.0000,1.0000,1.0000,0.0000,5.0000,264.8344,265
1279,164,246.0000,247.0000,1.0000,1.0000,1.0000,0.0000,5.0000,264.8409,265
1280,165,66.0000,66.0000,0.0000,1.0000,1.0000,0.0000,5.0000,264.8875,265
1281,225,234.0000,234.0000,0.0000,1.0000,1.0000,0.0000,5.0000,264.8993,265
1282,20,150.0000,150.0000,0.0000,1.0000,1.0000,0.0000,5.0000,264.6441,265
1283,29,173.0000,173.0000,0.0000,1.0000,1.0000,0.0000,5.0000,264.6446,265
1284,293,100.0000,100.0000,0.0000,1.0000,1.0000,0.0000,5.0000,264.9360,265
1285,257,198.0000,198.0000,0.0000,1.0000,1.0000,0.0000,5.0000,264.9199,265
1286,154,240.0000,240.0000,0.0000,1.0000,1.0000,0.0000,5.0000,264.8272,265
1287,144,42.0000,42.0000,0.0000,0.0000,0.0000,0.0000,5.0000,264.9196,265
1288,312,110.0000,111.0000,1.0000,1.0000,1.0000,0.0000,5.0000,264.9222,265
1289,129,155.0000,155.0000,0.0000,1.0000,1.0000,0.0000,5.0000,264.8738,265
1290,307,49.0000,49.0000,0.0000,0.0000,0.0000,0.0000,5.0000,264.9089,265
1291,68,223.0000,223.0000,0.0000,1.0000,1.0000,0.0000,5.0000,264.8219,265
1292,56,154.0000,154.0000,0.0000,1.0000,1.0000,0.0000,5.0000,264.7622,265
1293,145,237.0000,237.0000,0.0000,1.0000,1.0000,0.0000,5.0000,264.8828,265
1294,60,89.0000,89.0000,0.0000,1.0000,1.0000,0.0000,5.0000,264.7862,265
1295,302,93.0000,93.0000,0.0000,1.0000,1.0000,0.0000,5.0000,264.9165,265
1296,86,237.0000,237.0000,0.0000,1.0000,1.0000,0.0000,5.0000,264.9952,265
1297,117,240.0000,240.0000,0.0000,1.0000,1.0000,0.0000,5.0000,264.8246,265
1298,32,161.0000,161.0000,0.0000,1.0000,1.0000,0.0000,5.0000,264.7797,265
1299,157,239.0000,239.0000,0.0000,1.0000,1.0000,0.0000,5.0000,264.8394,265
1300,101,202.0000,202.0000,0.0000,1.0000,1.0000,0.0000,5.0000,264.8196,265
1301,183,244.0000,245.0000,1.0000,1.0000,1.0000,0.0000,5.0000,264.8646,265
1302,256,210.0000,210.0000,0.0000,1.0000,1.0000,0.0000,5.0000,264.9167,265
1303,124,234.0000,234.0000,0.0000,1.0000,1.0000,0.0000,5.0000,264.8314,265
1304,185,246.0000,246.0000,0.0000,1.0000,1.0000,0.0000,5.0000,265.0460,265
1305,123,224.0000,224.0000,0.0000,1.0000,1.0000,0.0000,5.0000,264.9444,265
1306,233,230.0000,231.0000,1.0000,1.0000,1.0000,0.0000,5.0000,264.9569,265
1307,213,233.0000,233.0000,0.0000,1.0000,1.0000,0.0000,5.0000,264.9787,265
1308,148,238.0000,238.0000,0.0000,1.0000,1.0000,0.0000,5.0000,264.8884,265
1309,114,242.0000,242.0000,0.0000,1.0000,1.0000,0.0000,5.0000,264.8402,265
1310,105,219.0000,219.0000,0.0000,1.0000,1.0000,0.0000,5.0000,264.8415,265
1311,276,185.0000,185.0000,0.0000,1.0000,1.0000,0.0000,5.0000,265.0129,265
1312,79,225.0000,225.0000,0.0000,1.0000,1.0000,0.0000,5.0000,264.9730,265
1313,248,209.0000,209.0000,0.0000,1.0000,1.0000,0.0000,5.0000,265.1825,265
1314,136,216.0000,216.0000,0.0000,1.0000,1.0000,0.0000,5.0000,264.8422,265
1315,161,150.0000,150.0000,0.0000,1.0000,1.0000,0.0000,5.0000,264.8429,265
1316,108,231.0000,231.0000,0.0000,1.0000,1.0000,0.0000,5.0000,264.8235,265
1317,57,96.0000,96.0000,0.0000,1.0000,1.0000,0.0000,5.0000,264.7696,265
1318,192,250.0000,250.0000,0.0000,1.0000,1.0000,0.0000,5.0000,265.1473,265
1319,273,198.0000,198.0000,0.0000,1.0000,1.0000,0.0000,5.0000,264.9107,265
1320,245,106.0000,106.0000,0.0000,1.0000,1.0000,0.0000,5.0000,264.9050,265
1321,180,245.0000,245.0000,0.0000,1.0000,1.0000,0.0000,5.0000,264.8442,265
1322,73,46.0000,46.0000,0.0000,0.0000,0.0000,0.0000,5.0000,264.8243,265
1323,138,222.0000,222.0000,0.0000,1.0000,1.0000,0.0000,5.0000,264.9002,265
1324,201,235.0000,235.0000,0.0000,1.0000,1.0000,0.0000,5.0000,265.0637,265
1325,309,137.0000,137.0000,0.0000,1.0000,1.0000,0.0000,5.0000,264.9380,265
1326,232,164.0000,164.0000,0.0000,1.0000,1.0000,0.0000,5.0000,264.9058,265
1327,130,235.0000,235.0000,0.0000,1.0000,1.0000,0.0000,5.0000,264.8428,265
1328,52,170.0000,170.0000,0.0000,1.0000,1.0000,0.0000,5.0000,264.8605,265
1329,175,246.0000,246.0000,0.0000,1.0000,1.0000,0.0000,5.0000,264.8460,265
1330,58,208.0000,208.0000,0.0000,1.0000,1.0000,0.0000,5.0000,264.7854,265
1331,9,69.0000,69.0000,0.0000,1.0000,1.0000,0.0000,5.0000,264.5263,265
1332,36,142.0000,143.0000,1.0000,1.0000,1.0000,0.0000,5.0000,264.7643,265
1333,238,11.0000,11.0000,0.0000,0.0000,0.0000,0.0000,5.0000,265.1148,265
1334,116,235.0000,235.0000,0.0000,1.0000,1.0000,0.0000,5.0000,264.8968,265
1335,284,187.0000,187.0000,0.0000,1.0000,1.0000,0.0000,5.0000,264.9152,265
1336,294,145.0000,145.0000,0.0000,1.0000,1.0000,0.0000,5.0000,264.9092,265
1337,246,228.0000,228.0000,0.0000,1.0000,1.0000,0.0000,5.0000,264.9038,265
1338,195,219.0000,219.0000,0.0000,1.0000,1.0000,0.0000,5.0000,264.9632,265
1339,162,235.0000,235.0000,0.0000,1.0000,1.0000,0.0000,5.0000,264.8892,265
1340,122,241.0000,241.0000,0.0000,1.0000,1.0000,0.0000,5.0000,264.8931,265
1341,160,247.0000,247.0000,0.0000,1.0000,1.0000,0.0000,5.0000,264.8410,265
1342,13,78.0000,78.0000,0.0000,1.0000,1.0000,0.0000,5.0000,264.5535,265
1343,94,229.0000,229.0000,0.0000,1.0000,1.0000,0.0000,5.0000,264.8139,265
1344,267,168.0000,168.0000,0.0000,1.0000,1.0000,0.0000,5.0000,264.9276,265
1345,17,127.0000,127.0000,0.0000,1.0000,1.0000,0.0000,5.0000,264.6233,265
1346,87,239.0000,239.0000,0.0000,1.0000,1.0000,0.0000,5.0000,264.8267,265
1347,120,235.0000,235.0000,0.0000,1.0000,1.0000,0.0000,5.0000,264.8924,265
1348,149,226.0000,226.0000,0.0000,1.0000,1.0000,0.0000,5.0000,264.9416,265
1349,147,236.0000,236.0000,0.0000,1.0000,1.0000,0.0000,5.0000,264.8565,265
1350,6,53.0000,53.0000,0.0000,1.0000,1.0000,0.0000,5.0000,264.6837,265
1351,259,212.0000,212.0000,0.0000,1.0000,1.0000,0.0000,5.0000,264.9734,265
1352,247,173.0000,173.0000,0.0000,1.0000,1.0000,0.0000,5.0000,265.0448,265
1353,258,218.0000,218.0000,0.0000,1.0000,1.0000,0.0000,5.0000,264.9585,265
1354,119,238.0000,238.0000,0.0000,1.0000,1.0000,0.0000,5.0000,264.8691,265
1355,274,183.0000,183.0000,0.0000,1.0000,1.0000,0.0000,5.0000,265.0192,265
1356,277,187.0000,187.0000,0.0000,1.0000,1.0000,0.0000,5.0000,264.9191,265
1357,254,224.0000,225.0000,1.0000,1.0000,1.0000,0.0000,5.0000,264.9280,265
1358,298,146.0000,146.0000,0.0000,1.0000,1.0000,0.0000,5.0000,264.9201,265
1359,226,233.0000,233.0000,0.0000,1.0000,1.0000,0.0000,5.0000,264.9065,265
1360,80,128.0000,128.0000,0.0000,1.0000,1.0000,0.0000,5.0000,264.8013,265
1361,42,171.0000,171.0000,0.0000,1.0000,1.0000,0.0000,5.0000,264.8878,265
1362,222,189.0000,189.0000,0.0000,1.0000,1.0000,0.0000,5.0000,264.9023,265
1363,177,244.0000,244.0000,0.0000,1.0000,1.0000,0.0000,5.0000,264.8624,265
1364,100,183.0000,183.0000,0.0000,1.0000,1.0000,0.0000,5.0000,264.8214,265
1365,61,227.0000,227.0000,0.0000,1.0000,1.0000,0.0000,5.0000,264.7826,265
1366,320,22.0000,22.0000,0.0000,0.0000,0.0000,0.0000,5.0000,264.9021,265
1367,268,117.0000,117.0000,0.0000,1.0000,1.0000,0.0000,5.0000,264.9504,265
1368,270,209.0000,209.0000,0.0000,1.0000,1.0000,0.0000,5.0000,264.9451,265
1369,170,242.0000,243.0000,1.0000,1.0000,1.0000,0.0000,5.0000,264.8331,265
1370,153,244.0000,244.0000,0.0000,1.0000,1.0000,0.0000,5.0000,264.8599,265
1371,43,188.0000,188.0000,0.0000,1.0000,1.0000,0.0000,5.0000,264.7600,265
1372,65,97.0000,97.0000,0.0000,1.0000,1.0000,0.0000,5.0000,264.9853,265
1373,230,228.0000,228.0000,0.0000,1.0000,1.0000,0.0000,5.0000,264.9024,265
1374,66,186.0000,187.0000,1.0000,1.0000,1.0000,0.0000,5.0000,264.8203,265
1375,279,134.0000,134.0000,0.0000,1.0000,1.0000,0.0000,5.0000,264.9485,265
1376,50,218.0000,218.0000,0.0000,1.0000,1.0000,0.0000,5.0000,264.7939,265
1377,322,42.0000,42.0000,0.0000,0.0000,-0.0000,0.0000,5.0000,264.9120,265
1378,63,217.0000,217.0000,0.0000,1.0000,1.0000,0.0000,5.0000,264.7800,265
1379,112,238.0000,238.0000,0.0000,1.0000,1.0000,0.0000,5.0000,264.8296,265
1380,324,22.0000,22.0000,0.0000,0.0000,0.0000,0.0000,5.0000,264.9126,265
1381,28,162.0000,162.0000,0.0000,1.0000,1.0000,0.0000,5.0000,264.6369,265
1382,49,197.0000,197.0000,0.0000,1.0000,1.0000,0.0000,5.0000,264.7704,265
1383,318,37.0000,37.0000,0.0000,0.0000,-0.0000,0.0000,5.0000,264.8936,265
1384,208,233.0000,233.0000,0.0000,1.0000,1.0000,0.0000,5.0000,264.9948,265
1385,242,227.0000,227.0000,0.0000,1.0000,1.0000,0.0000,5.0000,264.9093,265
1386,182,243.0000,243.0000,0.0000,1.0000,1.0000,0.0000,5.0000,264.9502,265
1387,311,119.0000,120.0000,1.0000,1.0000,1.0000,0.0000,5.0000,264.9258,265
1388,197,219.0000,219.0000,0.0000,1.0000,1.0000,0.0000,5.0000,264.9665,265
1389,178,244.0000,244.0000,0.0000,1.0000,1.0000,0.0000,5.0000,265.0150,265
1390,127,240.0000,240.0000,0.0000,1.0000,1.0000,0.0000,5.0000,264.9404,265
1391,235,189.0000,189.0000,0.0000,1.0000,1.0000,0.0000,5.0000,264.9983,265
1392,4,75.0000,76.0000,1.0000,1.0000,1.0000,0.0000,5.0000,264.5301,265
1393,169,225.0000,225.0000,0.0000,1.0000,1.0000,0.0000,5.0000,264.8430,265
1394,199,235.0000,235.0000,0.0000,1.0000,1.0000,0.0000,5.0000,264.8860,265
1395,190,247.0000,248.0000,1.0000,1.0000,1.0000,0.0000,5.0000,264.8978,265
1396,30,195.0000,195.0000,0.0000,1.0000,1.0000,0.0000,5.0000,264.6540,265
1397,173,245.0000,245.0000,0.0000,1.0000,1.0000,0.0000,5.0000,264.8618,265
1398,315,58.0000,58.0000,0.0000,1.0000,1.0000,0.0000,5.0000,264.9298,265
1399,70,219.0000,219.0000,0.0000,1.0000,1.0000,0.0000,5.0000,264.7918,265
1400,269,165.0000,165.0000,0.0000,1.0000,1.0000,0.0000,5.0000,264.9108,265
1401,300,147.0000,147.0000,0.0000,1.0000,1.0000,0.0000,5.0000,264.9139,265
1402,142,223.0000,223.0000,0.0000,1.0000,1.0000,0.0000,5.0000,265.0754,265
1403,15,87.0000,88.0000,1.0000,1.0000,1.0000,0.0000,5.0000,264.6143,265
1404,2,61.0000,61.0000,0.0000,1.0000,1.0000,0.0000,5.0000,264.5448,265
1405,275,25.0000,25.0000,0.0000,0.0000,0.0000,0.0000,5.0000,264.8754,265
1406,25,23.0000,23.0000,0.0000,0.0000,0.0000,0.0000,5.0000,264.8413,265
1407,263,205.0000,205.0000,0.0000,1.0000,1.0000,0.0000,5.0000,264.9160,265
1408,24,168.0000,169.0000,1.0000,1.0000,1.0000,0.0000,5.0000,264.6396,265
1409,252,15.0000,15.0000,0.0000,0.0000,0.0000,0.0000,5.0000,264.8841,265
1410,163,245.0000,245.0000,0.0000,1.0000,1.0000,0.0000,5.0000,264.8851,265
1411,297,165.0000,165.0000,0.0000,1.0000,1.0000,0.0000,5.0000,264.9123,265
1412,301,136.0000,136.9978,0.9978,1.0000,1.0000,0.0000,5.0000,264.9616,265
1413,214,241.0000,241.0000,0.0000,1.0000,1.0000,0.0000,5.0000,264.8897,265
1414,193,243.0000,243.0000,0.0000,1.0000,1.0000,0.0000,5.0000,264.8660,265
1415,181,113.0000,113.0000,0.0000,1.0000,1.0000,0.0000,5.0000,264.8917,265
1416,179,185.0000,185.0000,0.0000,1.0000,1.0000,0.0000,5.0000,264.8703,265
1417,229,83.0000,83.9978,0.9978,1.0000,1.0000,0.0000,5.0000,264.9370,265
1418,135,236.0000,237.0000,1.0000,1.0000,1.0000,0.0000,5.0000,264.9046,265
1419,128,244.0000,244.0000,0.0000,1.0000,1.0000,0.0000,5.0000,264.8268,265
1420,109,172.0000,172.0000,0.0000,1.0000,1.0000,0.0000,5.0000,264.8533,265
1421,209,243.0000,243.0000,0.0000,1.0000,1.0000,0.0000,5.0000,265.0242,265
1422,266,142.0000,144.0000,2.0000,1.0000,1.0000,0.0000,5.0000,265.0474,265
1423,283,16.0000,16.0000,0.0000,0.0000,-0.0000,0.0000,5.0000,264.9536,265
1424,76,211.0000,211.0000,0.0000,1.0000,1.0000,0.0000,5.0000,264.7798,265
1425,287,166.0000,166.0000,0.0000,1.0000,1.0000,0.0000,5.0000,264.9084,265
1426,219,39.0000,39.0000,0.0000,0.0000,-0.0000,0.0000,5.0000,264.9970,265
1427,21,64.0000,64.0000,0.0000,1.0000,1.0000,0.0000,5.0000,264.6440,265
1428,306,136.0000,137.0000,1.0000,1.0000,1.0000,0.0000,5.0000,264.9334,265
1429,203,239.0000,239.0000,0.0000,1.0000,1.0000,0.0000,5.0000,264.9634,265
1430,18,127.0000,128.0000,1.0000,1.0000,1.0000,0.0000,5.0000,264.6249,265
1431,290,167.0000,167.0000,0.0000,1.0000,1.0000,0.0000,5.0000,264.9094,265
1432,316,48.0000,48.0000,0.0000,0.0000,-0.0000,0.0000,5.0000,264.9161,265
1433,243,196.0000,196.0000,0.0000,1.0000,1.0000,0.0000,5.0000,264.9071,265
1434,158,243.0000,244.0000,1.0000,1.0000,1.0000,0.0000,5.0000,264.9793,265
1435,48,2.0000,2.0000,0.0000,0.0000,-0.0000,0.0000,0.0000,0.0905,-1
1436,281,195.0000,195.0000,0.0000,1.0000,1.0000,0.0000,5.0000,265.0499,265
1437,212,233.0000,233.0000,0.0000,1.0000,1.0000,0.0000,5.0000,264.9283,265
1438,23,143.0000,143.0000,0.0000,1.0000,1.0000,0.0000,5.0000,264.6286,265
1439,19,165.0000,165.0000,0.0000,1.0000,1.0000,0.0000,5.0000,264.6912,265
1440,82,230.0000,230.0000,0.0000,1.0000,1.0000,0.0000,5.0000,264.7990,265
1441,83,120.0000,120.0000,0.0000,1.0000,1.0000,0.0000,5.0000,264.8029,265
1442,71,217.0000,217.0000,0.0000,1.0000,1.0000,0.0000,5.0000,264.7950,265
1443,55,206.0000,206.0000,0.0000,1.0000,1.0000,0.0000,5.0000,264.8585,265
1444,64,179.0000,179.0000,0.0000,1.0000,1.0000,0.0000,5.0000,264.7693,265
1445,172,228.0000,228.0000,0.0000,1.0000,1.0000,0.0000,5.0000,264.8450,265
1446,303,43.0000,43.0000,0.0000,0.0000,-0.0000,0.0000,5.0000,264.8789,265
1447,67,127.0000,128.0000,1.0000,1.0000,1.0000,0.0000,5.0000,264.7803,265
1448,139,204.0000,204.0000,0.0000,1.0000,1.0000,0.0000,5.0000,265.0782,265
1449,16,11.0000,11.0000,0.0000,0.0000,0.0000,0.0000,5.0000,264.7485,265
1450,96,227.0000,227.0000,0.0000,1.0000,1.0000,0.0000,5.0000,264.9999,265
1451,155,241.0000,241.0000,0.0000,1.0000,1.0000,0.0000,5.0000,265.0267,265
1452,184,246.0000,246.0000,0.0000,1.0000,1.0000,0.0000,5.0000,265.0423,265
1453,134,209.0000,209.0000,0.0000,1.0000,1.0000,0.0000,5.0000,264.8274,265
1454,314,74.0000,74.0000,0.0000,1.0000,1.0000,0.0000,5.0000,265.1373,265
1455,289,181.0000,181.0000,0.0000,1.0000,1.0000,0.0000,5.0000,264.9115,265
1456,150,237.0000,239.0000,2.0000,1.0000,1.0000,0.0000,5.0000,264.9565,265
1457,12,105.0000,105.0000,0.0000,1.0000,1.0000,0.0000,5.0000,264.6000,265
1458,174,243.0000,243.0000,0.0000,1.0000,1.0000,0.0000,5.0000,264.9160,265
1459,69,217.0000,217.0000,0.0000,1.0000,1.0000,0.0000,5.0000,264.8427,265
1460,187,242.0000,242.0000,0.0000,1.0000,1.0000,0.0000,5.0000,264.8648,265
1461,310,113.0000,114.0000,1.0000,1.0000,1.0000,0.0000,5.0000,264.9270,265
1462,176,244.0000,244.0000,0.0000,1.0000,1.0000,0.0000,5.0000,264.8606,265
1463,186,15.0000,15.0000,0.0000,0.0000,-0.0000,0.0000,5.0000,264.8699,265
1464,228,229.0000,229.0000,0.0000,1.0000,1.0000,0.0000,5.0000,264.9580,265
1465,5,46.0000,46.0000,0.0000,0.0000,-0.0000,0.0000,5.0000,264.6134,265
1466,84,224.0000,224.0000,0.0000,1.0000,1.0000,0.0000,5.0000,264.8154,265
1467,62,219.0000,219.0000,0.0000,1.0000,1.0000,0.0000,5.0000,265.0222,265
1468,140,185.0000,185.0000,0.0000,1.0000,1.0000,0.0000,5.0000,265.0405,265
1469,1,32.0000,32.0000,0.0000,0.0000,0.0000,0.0000,5.0000,264.6708,265
1470,304,47.0000,47.0000,0.0000,0.0000,-0.0000,0.0000,5.0000,264.8850,265
1471,272,204.0000,204.0000,0.0000,1.0000,1.0000,0.0000,5.0000,264.9404,265
1472,231,228.0000,228.0000,0.0000,1.0000,1.0000,0.0000,5.0000,264.9099,265
1473,95,233.0000,233.0000,0.0000,1.0000,1.0000,0.0000,5.0000,264.8537,265
1474,46,199.0000,199.0000,0.0000,1.0000,1.0000,0.0000,5.0000,264.7706,265
1475,88,219.0000,219.0000,0.0000,1.0000,1.0000,0.0000,5.0000,264.9544,265
1476,0,31.0000,31.0000,0.0000,0.0000,-0.0000,0.0000,5.0000,264.5972,265
1477,44,108.0000,109.0000,1.0000,1.0000,1.0000,0.0000,5.0000,264.7471,265
1478,255,223.0000,223.0000,0.0000,1.0000,1.0000,0.0000,5.0000,264.9174,265
1479,191,236.0000,236.0000,0.0000,1.0000,1.0000,0.0000,5.0000,264.9580,265
1480,35,184.0000,184.0000,0.0000,1.0000,1.0000,0.0000,5.0000,264.7461,265
1481,97,192.0000,192.0000,0.0000,1.0000,1.0000,0.0000,5.0000,264.8107,265
1482,159,241.0000,241.0000,0.0000,1.0000,1.0000,0.0000,5.0000,265.0074,265
1483,45,193.0000,193.0000,0.0000,1.0000,1.0000,0.0000,5.0000,264.7992,265
1484,41,39.0000,39.0000,0.0000,0.0000,0.0000,0.0000,5.0000,264.7783,265
1485,271,197.0000,197.0000,0.0000,1.0000,1.0000,0.0000,5.0000,265.0212,265
1486,121,211.0000,211.0000,0.0000,1.0000,1.0000,0.0000,5.0000,264.8233,265
1487,194,244.0000,244.0000,0.0000,1.0000,1.0000,0.0000,5.0000,264.9831,265
1488,59,221.0000,221.0000,0.0000,1.0000,1.0000,0.0000,5.0000,264.7725,265
1489,168,51.0000,51.0000,0.0000,1.0000,1.0000,0.0000,5.0000,264.8897,265
1490,171,244.0000,244.0000,0.0000,1.0000,1.0000,0.0000,5.0000,264.8880,265
1491,295,17.0000,17.0000,0.0000,0.0000,-0.0000,0.0000,5.0000,264.8805,265
1492,125,239.0000,239.0000,0.0000,1.0000,1.0000,0.0000,5.0000,264.8233,265
1493,240,84.0000,84.0000,0.0000,1.0000,1.0000,0.0000,5.0000,264.9131,265
1494,291,171.0000,171.0000,0.0000,1.0000,1.0000,0.0000,5.0000,264.9319,265
1495,227,222.0000,222.0000,0.0000,1.0000,1.0000,0.0000,5.0000,264.9552,265
1496,152,216.0000,216.0000,0.0000,1.0000,1.0000,0.0000,5.0000,264.8516,265
1497,211,236.0000,236.0000,0.0000,1.0000,1.0000,0.0000,5.0000,264.9821,265
1498,54,223.0000,223.0000,0.0000,1.0000,1.0000,0.0000,5.0000,264.9228,265
1499,78,136.0000,136.0000,0.0000,1.0000,1.0000,0.0000,5.0000,264.8009,265
1500,113,235.0000,235.0000,0.0000,1.0000,1.0000,0.0000,5.0000,264.8205,265
1501,278,174.0000,174.0000,0.0000,1.0000,1.0000,0.0000,5.0000,264.9074,265
1502,110,231.0000,231.0000,0.0000,1.0000,1.0000,0.0000,5.0000,264.8753,265
1503,207,239.0000,239.0000,0.0000,1.0000,1.0000,0.0000,5.0000,264.8719,265
1504,234,221.0000,221.0000,0.0000,1.0000,1.0000,0.0000,5.0000,264.9171,265
1505,224,233.0000,233.0000,0.0000,1.0000,1.0000,0.0000,5.0000,265.1020,265
1506,8,55.0000,55.0000,0.0000,1.0000,1.0000,0.0000,5.0000,264.4431,265
1507,47,208.0000,208.0000,0.0000,1.0000,1.0000,0.0000,5.0000,264.7948,265
1508,215,234.0000,234.0000,0.0000,1.0000,1.0000,0.0000,5.0000,264.8957,265
1509,115,227.0000,227.0000,0.0000,1.0000,1.0000,0.0000,5.0000,264.9032,265
1510,288,58.0000,59.0000,1.0000,1.0000,1.0000,0.0000,5.0000,264.9115,265
1511,241,91.0000,91.0000,0.0000,1.0000,1.0000,0.0000,5.0000,264.9200,265
1512,285,180.0000,180.0000,0.0000,1.0000,1.0000,0.0000,5.0000,264.9246,265
1513,34,69.0000,69.0000,0.0000,1.0000,1.0000,0.0000,5.0000,264.7488,265
1514,262,221.0000,221.0000,0.0000,1.0000,1.0000,0.0000,5.0000,265.0381,265
1515,14,58.0000,58.0000,0.0000,1.0000,1.0000,0.0000,5.0000,264.6155,265
1516,90,183.0000,183.0000,0.0000,1.0000,1.0000,0.0000,5.0000,264.9130,265
1517,26,168.0000,169.0000,1.0000,1.0000,1.0000,0.0000,5.0000,264.6366,265
1518,280,35.0000,35.0000,0.0000,0.0000,0.0000,0.0000,5.0000,264.9324,265
1519,156,241.0000,241.0000,0.0000,1.0000,1.0000,0.0000,5.0000,264.8464,265
1520,92,195.0000,195.0000,0.0000,1.0000,1.0000,0.0000,5.0000,264.8159,265
1521,85,226.0000,226.0000,0.0000,1.0000,1.0000,0.0000,5.0000,264.8316,265
1522,196,130.0000,130.0000,0.0000,1.0000,1.0000,0.0000,5.0000,264.8703,265
1523,221,232.0000,232.0000,0.0000,1.0000,1.0000,0.0000,5.0000,264.9041,265
1524,93,204.0000,204.0000,0.0000,1.0000,1.0000,0.0000,5.0000,264.8162,265
1525,141,182.0000,182.0000,0.0000,1.0000,1.0000,0.0000,5.0000,264.9278,265
1526,81,155.0000,155.0000,0.0000,1.0000,1.0000,0.0000,5.0000,264.9871,265
1527,40,114.0000,114.0000,0.0000,1.0000,1.0000,0.0000,5.0000,264.7716,265
1528,137,241.0000,241.0000,0.0000,1.0000,1.0000,0.0000,5.0000,264.9497,265
1529,151,235.0000,235.0000,0.0000,1.0000,1.0000,0.0000,5.0000,264.8419,265
1530,265,206.0000,206.0000,0.0000,1.0000,1.0000,0.0000,5.0000,264.9737,265
1531,204,19.0000,19.0000,0.0000,0.0000,-0.0000,0.0000,5.0000,264.8115,265
1532,74,232.0000,232.0000,0.0000,1.0000,1.0000,0.0000,5.0000,264.7644,265
1533,250,19.0000,19.0000,0.0000,0.0000,-0.0000,0.0000,5.0000,264.8884,265
1534,132,244.0000,244.0000,0.0000,1.0000,1.0000,0.0000,5.0000,264.8594,265
1535,239,222.0000,222.0000,0.0000,1.0000,1.0000,0.0000,5.0000,264.9004,265
1536,10,54.0000,54.0000,0.0000,1.0000,1.0000,0.0000,5.0000,264.5827,265
1537,111,158.0000,158.0000,0.0000,1.0000,1.0000,0.0000,5.0000,264.8162,265
1538,75,219.0000,219.0000,0.0000,1.0000,1.0000,0.0000,5.0000,264.7751,265
1539,220,237.0000,237.0000,0.0000,1.0000,1.0000,0.0000,5.0000,264.9276,265
1540,210,237.0000,237.0000,0.0000,1.0000,1.0000,0.0000,5.0000,264.9793,265
1541,237,177.0000,177.0000,0.0000,1.0000,1.0000,0.0000,5.0000,264.9740,265
1542,38,87.0000,88.0000,1.0000,1.0000,1.0000,0.0000,5.0000,264.6486,265
1543,282,87.0000,87.0000,0.0000,1.0000,1.0000,0.0000,5.0000,264.9159,265
1544,251,205.0000,205.0000,0.0000,1.0000,1.0000,0.0000,5.0000,264.9376,265
1545,321,44.0000,44.0000,0.0000,0.0000,0.0000,0.0000,5.0000,264.9095,265
1546,106,218.0000,218.0000,0.0000,1.0000,1.0000,0.0000,5.0000,264.9185,265
1547,292,83.0000,83.0000,0.0000,1.0000,1.0000,0.0000,5.0000,264.9244,265
1548,205,238.0000,238.0000,0.0000,1.0000,1.0000,0.0000,5.0000,265.0016,265
1549,99,226.0000,226.0000,0.0000,1.0000,1.0000,0.0000,5.0000,264.8605,265
1550,261,215.0000,215.0000,0.0000,1.0000,1.0000,0.0000,5.0000,264.9184,265
1551,216,226.0000,226.0000,0.0000,1.0000,1.0000,0.0000,5.0000,264.8895,265
1552,206,241.0000,241.0000,0.0000,1.0000,1.0000,0.0000,5.0000,264.8819,265
1553,189,236.0000,236.0000,0.0000,1.0000,1.0000,0.0000,5.0000,264.8739,265
1554,22,163.0000,163.0000,0.0000,1.0000,1.0000,0.0000,5.0000,264.6533,265
1555,313,86.0000,86.0000,0.0000,1.0000,1.0000,0.0000,5.0000,264.9214,265
1556,104,233.0000,233.0000,0.0000,1.0000,1.0000,0.0000,5.0000,264.8288,265
1557,39,194.0000,194.0000,0.0000,1.0000,1.0000,0.0000,5.0000,264.7677,265
1558,317,74.0000,74.0000,0.0000,1.0000,1.0000,0.0000,5.0000,264.9321,265
1559,11,102.0000,102.0000,0.0000,1.0000,1.0000,0.0000,5.0000,264.5438,265
1560,31,180.0000,180.0000,0.0000,1.0000,1.0000,0.0000,5.0000,264.7005,265
1561,299,147.0000,147.0000,0.0000,1.0000,1.0000,0.0000,5.0000,264.9257,265
1562,37,98.0000,99.0000,1.0000,1.0000,1.0000,0.0000,5.0000,264.8084,265
1563,308,60.0000,60.0000,0.0000,1.0000,1.0000,0.0000,5.0000,264.9296,265
1564,143,216.0000,216.0000,0.0000,1.0000,1.0000,0.0000,5.0000,264.8364,265
1565,167,244.0000,245.0000,1.0000,1.0000,1.0000,0.0000,5.0000,264.8409,265
1566,253,45.0000,45.0000,0.0000,0.0000,0.0000,0.0000,5.0000,264.8768,265
1567,72,98.0000,98.0000,0.0000,1.0000,1.0000,0.0000,5.0000,264.7739,265
1568,323,44.0000,44.0000,0.0000,0.0000,0.0000,0.0000,5.0000,264.8995,265
1569,218,215.0000,215.0000,0.0000,1.0000,1.0000,0.0000,5.0000,264.9416,265
1570,296,45.0000,46.0000,1.0000,0.0000,0.0000,0.0000,5.0000,264.9642,265
1571,103,232.0000,232.0000,0.0000,1.0000,1.0000,0.0000,5.0000,264.9557,265
1572,244,228.0000,228.0000,0.0000,1.0000,1.0000,0.0000,5.0000,264.9219,265
1573,3564,246.0000,246.0000,0.0000,1.0000,1.0000,0.0000,6.0000,4030.7889,4031
1574,3837,189.0000,189.0000,0.0000,1.0000,1.0000,0.0000,6.0000,4030.8032,4031
1575,3370,17.0000,17.0000,0.0000,0.0000,0.0000,0.0000,6.0000,4030.5954,4031
1576,3406,228.0000,228.0000,0.0000,1.0000,1.0000,0.0000,6.0000,4030.6703,4031
1577,3441,241.0000,241.0000,0.0000,1.0000,1.0000,0.0000,6.0000,4030.7356,4031
1578,3950,114.0000,114.0000,0.0000,1.0000,1.0000,0.0000,6.0000,4030.8551,4031
1579,3331,39.0000,39.0000,0.0000,0.0000,-0.0000,0.0000,6.0000,4030.6104,4031
1580,3732,226.0000,226.0000,0.0000,1.0000,1.0000,0.0000,6.0000,4030.9189,4031
1581,3925,95.0000,95.0000,0.0000,1.0000,1.0000,0.0000,6.0000,4030.9017,4031
1582,3424,177.0000,177.0000,0.0000,1.0000,1.0000,0.0000,6.0000,4030.6721,4031
1583,3521,252.0000,252.0000,0.0000,1.0000,1.0000,0.0000,6.0000,4030.7540,4031
1584,3355,22.0000,22.0000,0.0000,0.0000,-0.0000,0.0000,6.0000,4030.5098,4031
1585,4024,80.0000,80.0000,0.0000,1.0000,1.0000,0.0000,6.0000,4030.8728,4031
1586,3612,197.0000,197.0000,0.0000,1.0000,1.0000,0.0000,6.0000,4030.8178,4031
1587,3544,245.0000,245.0000,0.0000,1.0000,1.0000,0.0000,6.0000,4030.8642,4031
1588,3699,245.0000,245.0000,0.0000,1.0000,1.0000,0.0000,6.0000,4030.7945,4031
1589,3474,230.0000,231.0000,1.0000,1.0000,1.0000,0.0000,6.0000,4030.7314,4031
1590,3651,250.0000,251.0000,1.0000,1.0000,1.0000,0.0000,6.0000,4030.7973,4031
1591,3430,188.0000,188.0000,0.0000,1.0000,1.0000,0.0000,6.0000,4030.6776,4031
1592,3405,102.0000,102.0000,0.0000,1.0000,1.0000,0.0000,6.0000,4030.6593,4031
1593,3538,253.0000,253.0000,0.0000,1.0000,1.0000,0.0000,6.0000,4030.7919,4031
1594,3580,253.0000,253.0000,0.0000,1.0000,1.0000,0.0000,6.0000,4031.0234,4031
1595,3550,254.0000,254.0000,0.0000,1.0000,1.0000,0.0000,6.0000,4030.8413,4031
1596,3334,15.0000,15.0000,0.0000,0.0000,0.0000,0.0000,6.0000,4030.5082,4031
1597,3478,247.0000,247.0000,0.0000,1.0000,1.0000,0.0000,6.0000,4030.7181,4031
1598,3654,229.0000,229.0000,0.0000,1.0000,1.0000,0.0000,6.0000,4030.7843,4031
1599,3942,142.0000,142.0000,0.0000,1.0000,1.0000,0.0000,6.0000,4030.8309,4031
1600,3545,193.0000,193.0000,0.0000,1.0000,1.0000,0.0000,6.0000,4030.7491,4031
1601,3599,256.0000,256.0000,0.0000,1.0000,1.0000,0.0000,6.0000,4030.8031,4031
1602,3498,196.0000,196.0000,0.0000,1.0000,1.0000,0.0000,6.0000,4030.7336,4031
1603,3413,216.0000,216.0000,0.0000,1.0000,1.0000,0.0000,6.0000,4030.6849,4031
1604,3505,247.0000,247.0000,0.0000,1.0000,1.0000,0.0000,6.0000,4030.7346,4031
1605,3729,212.0000,212.0000,0.0000,1.0000,1.0000,0.0000,6.0000,4030.8123,4031
1606,3685,227.0000,228.0000,1.0000,1.0000,1.0000,0.0000,6.0000,4030.9007,4031
1607,3383,150.0000,150.0000,0.0000,1.0000,1.0000,0.0000,6.0000,4030.6462,4031
1608,3566,252.0000,252.0000,0.0000,1.0000,1.0000,0.0000,6.0000,4030.7694,4031
1609,3730,166.0000,166.0000,0.0000,1.0000,1.0000,0.0000,6.0000,4030.8247,4031
1610,3378,201.0000,201.0000,0.0000,1.0000,1.0000,0.0000,6.0000,4030.6274,4031
1611,3476,245.0000,245.0000,0.0000,1.0000,1.0000,0.0000,6.0000,4030.7133,4031
1612,3427,188.0000,188.0000,0.0000,1.0000,1.0000,0.0000,6.0000,4030.7709,4031
1613,3392,213.0000,213.0000,0.0000,1.0000,1.0000,0.0000,6.0000,4030.7408,4031
1614,3354,72.0000,72.0000,0.0000,1.0000,1.0000,0.0000,6.0000,4030.5217,4031
1615,3744,190.0000,190.0000,0.0000,1.0000,1.0000,0.0000,6.0000,4030.8133,4031
1616,3481,226.0000,226.0000,0.0000,1.0000,1.0000,0.0000,6.0000,4030.7356,4031
1617,3681,200.0000,200.0000,0.0000,1.0000,1.0000,0.0000,6.0000,4030.7925,4031
1618,3635,256.0000,256.0000,0.0000,1.0000,1.0000,0.0000,6.0000,4030.8214,4031
1619,3659,227.0000,227.0000,0.0000,1.0000,1.0000,0.0000,6.0000,4030.7884,4031
1620,3874,173.0000,173.0000,0.0000,1.0000,1.0000,0.0000,6.0000,4031.0006,4031
1621,3594,247.0000,247.0000,0.0000,1.0000,1.0000,0.0000,6.0000,4030.7827,4031
1622,3325,30.0000,30.0000,0.0000,0.0000,-0.0000,0.0000,6.0000,4030.4416,4031
1623,3623,252.0000,252.0000,0.0000,1.0000,1.0000,0.0000,6.0000,4030.7928,4031
1624,3522,257.0000,257.0000,0.0000,1.0000,1.0000,0.0000,6.0000,4030.8586,4031
1625,3459,197.0000,199.0000,2.0000,1.0000,1.0000,0.0000,6.0000,4030.7098,4031
1626,3559,247.0000,247.0000,0.0000,1.0000,1.0000,0.0000,6.0000,4030.7587,4031
1627,3411,229.0000,229.0000,0.0000,1.0000,1.0000,0.0000,6.0000,4030.6758,4031
1628,3781,201.0000,201.0000,0.0000,1.0000,1.0000,0.0000,6.0000,4030.9660,4031
1629,3421,191.0000,191.0000,0.0000,1.0000,1.0000,0.0000,6.0000,4030.7684,4031
1630,3645,251.0000,251.0000,0.0000,1.0000,1.0000,0.0000,6.0000,4030.7758,4031
1631,3686,249.0000,249.0000,0.0000,1.0000,1.0000,0.0000,6.0000,4030.7989,4031
1632,3920,161.0000,161.0000,0.0000,1.0000,1.0000,0.0000,6.0000,4030.8531,4031
1633,3436,215.0000,216.0000,1.0000,1.0000,1.0000,0.0000,6.0000,4030.7111,4031
1634,3457,233.0000,233.0000,0.0000,1.0000,1.0000,0.0000,6.0000,4030.8474,4031
1635,3912,25.0000,25.0000,0.0000,0.0000,0.0000,0.0000,6.0000,4030.8422,4031
1636,3631,251.0000,251.0000,0.0000,1.0000,1.0000,0.0000,6.0000,4030.7927,4031
1637,3500,246.0000,246.0000,0.0000,1.0000,1.0000,0.0000,6.0000,4030.9009,4031
1638,3615,136.0000,136.0000,0.0000,1.0000,1.0000,0.0000,6.0000,4030.7806,4031
1639,3472,219.0000,219.0000,0.0000,1.0000,1.0000,0.0000,6.0000,4030.7114,4031
1640,3725,228.0000,228.0000,0.0000,1.0000,1.0000,0.0000,6.0000,4030.8004,4031
1641,3579,258.0000,258.0000,0.0000,1.0000,1.0000,0.0000,6.0000,4030.8046,4031
1642,3588,255.0000,255.0000,0.0000,1.0000,1.0000,0.0000,6.0000,4030.7904,4031
1643,3879,188.0000,189.0000,1.0000,1.0000,1.0000,0.0000,6.0000,4030.8299,4031
1644,3494,221.0000,221.0000,0.0000,1.0000,1.0000,0.0000,6.0000,4030.7432,4031
1645,3644,254.0000,254.0000,0.0000,1.0000,1.0000,0.0000,6.0000,4030.7974,4031
1646,3927,138.0000,138.0000,0.0000,1.0000,1.0000,0.0000,6.0000,4030.9632,4031
1647,3364,164.0000,164.0000,0.0000,1.0000,1.0000,0.0000,6.0000,4030.6360,4031
1648,3365,176.0000,176.0000,0.0000,1.0000,1.0000,0.0000,6.0000,4030.8065,4031
1649,3341,45.0000,45.0000,0.0000,0.0000,-0.0000,0.0000,6.0000,4030.6726,4031
1650,3583,253.0000,253.0000,0.0000,1.0000,1.0000,0.0000,6.0000,4030.7968,4031
1651,3437,230.0000,230.0000,0.0000,1.0000,1.0000,0.0000,6.0000,4030.7493,4031
1652,3851,201.0000,201.0000,0.0000,1.0000,1.0000,0.0000,6.0000,4030.8145,4031
1653,3597,254.0000,254.0000,0.0000,1.0000,1.0000,0.0000,6.0000,4030.7930,4031
1654,3656,251.0000,251.0000,0.0000,1.0000,1.0000,0.0000,6.0000,4030.8196,4031
1655,3444,221.0000,221.0000,0.0000,1.0000,1.0000,0.0000,6.0000,4030.7027,4031
1656,3409,225.0000,225.0000,0.0000,1.0000,1.0000,0.0000,6.0000,4030.7794,4031
1657,3605,254.0000,254.0000,0.0000,1.0000,1.0000,0.0000,6.0000,4030.8885,4031
1658,3666,255.0000,255.0000,0.0000,1.0000,1.0000,0.0000,6.0000,4030.7783,4031
1659,3473,245.0000,245.0000,0.0000,1.0000,1.0000,0.0000,6.0000,4030.8431,4031
1660,4268,28.0000,28.0000,0.0000,0.0000,0.0000,0.0000,6.0000,4863.1749,4863
1661,3574,250.0000,250.0000,0.0000,1.0000,1.0000,0.0000,6.0000,4030.8466,4031
1662,3450,239.0000,239.0000,0.0000,1.0000,1.0000,0.0000,6.0000,4030.6598,4031
1663,3499,252.0000,252.0000,0.0000,1.0000,1.0000,0.0000,6.0000,4030.7458,4031
1664,3420,231.0000,231.0000,0.0000,1.0000,1.0000,0.0000,6.0000,4030.6724,4031
1665,3345,32.0000,32.0000,0.0000,0.0000,0.0000,0.0000,6.0000,4030.7629,4031
1666,3959,62.0000,62.0000,0.0000,1.0000,1.0000,0.0000,6.0000,4030.9515,4031
1667,3629,243.0000,243.0000,0.0000,1.0000,1.0000,0.0000,6.0000,4030.7924,4031
1668,3363,163.0000,163.0000,0.0000,1.0000,1.0000,0.0000,6.0000,4030.5612,4031
1669,3969,100.0000,100.0000,0.0000,1.0000,1.0000,0.0000,6.0000,4030.9259,4031
1670,3511,245.0000,245.0000,0.0000,1.0000,1.0000,0.0000,6.0000,4030.8500,4031
1671,4036,75.0000,75.0000,0.0000,1.0000,1.0000,0.0000,6.0000,4030.8306,4031
1672,3692,245.0000,245.0000,0.0000,1.0000,1.0000,0.0000,6.0000,4030.7655,4031
1673,3410,225.0000,225.0000,0.0000,1.0000,1.0000,0.0000,6.0000,4030.7322,4031
1674,3343,47.0000,47.0000,0.0000,0.0000,-0.0000,0.0000,6.0000,4030.5120,4031
1675,3565,255.0000,255.0000,0.0000,1.0000,1.0000,0.0000,6.0000,4030.8157,4031
1676,3740,66.0000,66.0000,0.0000,1.0000,1.0000,0.0000,6.0000,4030.7713,4031
1677,3609,225.0000,225.0000,0.0000,1.0000,1.0000,0.0000,6.0000,4030.7707,4031
1678,3528,254.0000,254.0000,0.0000,1.0000,1.0000,0.0000,6.0000,4030.8226,4031
1679,3774,187.0000,187.0000,0.0000,1.0000,1.0000,0.0000,6.0000,4030.8623,4031
1680,3533,230.0000,230.0000,0.0000,1.0000,1.0000,0.0000,6.0000,4030.7470,4031
1681,3517,160.0000,160.0000,0.0000,1.0000,1.0000,0.0000,6.0000,4030.7521,4031
1682,3367,56.0000,56.0000,0.0000,1.0000,1.0000,0.0000,6.0000,4030.6207,4031
1683,3911,163.0000,163.0000,0.0000,1.0000,1.0000,0.0000,6.0000,4030.8177,4031
1684,3569,238.0000,238.0000,0.0000,1.0000,1.0000,0.0000,6.0000,4030.7826,4031
1685,3537,254.0000,254.0000,0.0000,1.0000,1.0000,0.0000,6.0000,4030.7636,4031
1686,3395,216.0000,216.0000,0.0000,1.0000,1.0000,0.0000,6.0000,4030.6819,4031
1687,3577,251.0000,251.0000,0.0000,1.0000,1.0000,0.0000,6.0000,4030.8510,4031
1688,3407,198.0000,198.0000,0.0000,1.0000,1.0000,0.0000,6.0000,4030.7399,4031
1689,3371,192.0000,192.0000,0.0000,1.0000,1.0000,0.0000,6.0000,4030.8204,4031
1690,3377,196.0000,196.0000,0.0000,1.0000,1.0000,0.0000,6.0000,4030.6985,4031
1691,3464,186.0000,186.0000,0.0000,1.0000,1.0000,0.0000,6.0000,4030.8715,4031
1692,3536,241.0000,241.0000,0.0000,1.0000,1.0000,0.0000,6.0000,4030.7798,4031
1693,3870,49.0000,49.0000,0.0000,0.0000,-0.0000,0.0000,6.0000,4030.9068,4031
1694,3649,255.0000,255.0000,0.0000,1.0000,1.0000,0.0000,6.0000,4030.7740,4031
1695,3297,8.0000,8.0000,0.0000,0.0000,0.0000,0.0000,0.0000,-0.0299,-1
1696,3493,236.0000,236.0000,0.0000,1.0000,1.0000,0.0000,6.0000,4030.7360,4031
1697,3706,247.0000,247.0000,0.0000,1.0000,1.0000,0.0000,6.0000,4030.7975,4031
1698,3694,241.0000,241.0000,0.0000,1.0000,1.0000,0.0000,6.0000,4030.8088,4031
1699,3515,251.0000,251.0000,0.0000,1.0000,1.0000,0.0000,6.0000,4030.7474,4031
1700,3408,198.0000,198.0000,0.0000,1.0000,1.0000,0.0000,6.0000,4030.6800,4031
1701,4057,37.0000,37.0000,0.0000,0.0000,0.0000,0.0000,6.0000,4030.8318,4031
1702,3349,28.0000,28.0000,0.0000,0.0000,-0.0000,0.0000,6.0000,4030.5879,4031
1703,3720,244.0000,245.0000,1.0000,1.0000,1.0000,0.0000,6.0000,4030.9175,4031
1704,3948,143.0000,143.0000,0.0000,1.0000,1.0000,0.0000,6.0000,4030.8820,4031
1705,3534,129.0000,129.0000,0.0000,1.0000,1.0000,0.0000,6.0000,4030.7648,4031
1706,3429,231.0000,232.0000,1.0000,1.0000,1.0000,0.0000,6.0000,4030.6635,4031
1707,3571,233.0000,233.0000,0.0000,1.0000,1.0000,0.0000,6.0000,4030.8829,4031
1708,3733,214.0000,214.0000,0.0000,1.0000,1.0000,0.0000,6.0000,4030.8177,4031
1709,3369,182.0000,182.0000,0.0000,1.0000,1.0000,0.0000,6.0000,4030.7475,4031
1710,3722,230.0000,230.0000,0.0000,1.0000,1.0000,0.0000,6.0000,4030.8245,4031
1711,3592,238.0000,238.0000,0.0000,1.0000,1.0000,0.0000,6.0000,4030.8670,4031
1712,3404,45.0000,45.0000,0.0000,0.0000,-0.0000,0.0000,6.0000,4030.6876,4031
1713,3466,234.0000,234.0000,0.0000,1.0000,1.0000,0.0000,6.0000,4030.7195,4031
1714,3497,250.0000,250.0000,0.0000,1.0000,1.0000,0.0000,6.0000,4030.7324,4031
1715,3389,192.0000,192.0000,0.0000,1.0000,1.0000,0.0000,6.0000,4030.7806,4031
1716,3640,252.0000,252.0000,0.0000,1.0000,1.0000,0.0000,6.0000,4030.7912,4031
1717,3524,249.0000,249.0000,0.0000,1.0000,1.0000,0.0000,6.0000,4030.7637,4031
1718,3561,258.0000,258.0000,0.0000,1.0000,1.0000,0.0000,6.0000,4031.0690,4031
1719,3661,249.0000,249.0000,0.0000,1.0000,1.0000,0.0000,6.0000,4030.7854,4031
1720,3598,245.0000,245.0000,0.0000,1.0000,1.0000,0.0000,6.0000,4030.8970,4031
1721,3978,97.0000,97.0000,0.0000,1.0000,1.0000,0.0000,6.0000,4030.8224,4031
1722,3614,217.0000,217.0000,0.0000,1.0000,1.0000,0.0000,6.0000,4030.7908,4031
1723,4271,25.0000,25.0000,0.0000,0.0000,0.0000,0.0000,12.0000,4863.2921,4863
1724,3376,194.0000,194.0000,0.0000,1.0000,1.0000,0.0000,6.0000,4030.6285,4031
1725,3503,88.0000,89.0000,1.0000,1.0000,1.0000,0.0000,6.0000,4030.7379,4031
1726,3835,69.0000,70.0000,1.0000,1.0000,1.0000,0.0000,6.0000,4030.8414,4031
1727,3711,236.0000,236.0000,0.0000,1.0000,1.0000,0.0000,6.0000,4030.8472,4031
1728,3353,91.0000,91.0000,0.0000,1.0000,1.0000,0.0000,6.0000,4030.4968,4031
1729,3340,34.0000,34.0000,0.0000,0.0000,-0.0000,0.0000,6.0000,4030.6188,4031
1730,3567,250.0000,250.0000,0.0000,1.0000,1.0000,0.0000,6.0000,4030.8923,4031
1731,3700,236.0000,236.0000,0.0000,1.0000,1.0000,0.0000,6.0000,4030.9463,4031
1732,3488,240.0000,240.0000,0.0000,1.0000,1.0000,0.0000,6.0000,4030.7978,4031
1733,3416,187.0000,187.0000,0.0000,1.0000,1.0000,0.0000,6.0000,4030.6946,4031
1734,3327,30.0000,30.0000,0.0000,0.0000,0.0000,0.0000,6.0000,4030.5898,4031
1735,3716,236.0000,236.0000,0.0000,1.0000,1.0000,0.0000,6.0000,4030.8146,4031
1736,3362,106.0000,106.0000,0.0000,1.0000,1.0000,0.0000,6.0000,4030.5431,4031
1737,3502,252.0000,252.0000,0.0000,1.0000,1.0000,0.0000,6.0000,4030.7417,4031
1738,3391,214.0000,214.0000,0.0000,1.0000,1.0000,0.0000,6.0000,4030.7101,4031
1739,3601,218.0000,218.0000,0.0000,1.0000,1.0000,0.0000,6.0000,4030.7958,4031
1740,3366,28.0000,28.0000,0.0000,0.0000,-0.0000,0.0000,6.0000,4030.5033,4031
1741,3387,212.0000,212.0000,0.0000,1.0000,1.0000,0.0000,6.0000,4030.6571,4031
1742,3372,106.0000,106.0000,0.0000,1.0000,1.0000,0.0000,6.0000,4030.6389,4031
1743,3858,198.0000,198.0000,0.0000,1.0000,1.0000,0.0000,6.0000,4030.7912,4031
1744,3460,226.0000,226.0000,0.0000,1.0000,1.0000,0.0000,6.0000,4030.6898,4031
1745,3679,244.0000,244.0000,0.0000,1.0000,1.0000,0.0000,6.0000,4030.8136,4031
1746,3707,128.0000,128.0000,0.0000,1.0000,1.0000,0.0000,6.0000,4030.9491,4031
1747,3606,100.0000,100.0000,0.0000,1.0000,1.0000,0.0000,6.0000,4030.7898,4031
1748,3519,257.0000,257.0000,0.0000,1.0000,1.0000,0.0000,6.0000,4030.7541,4031
1749,3402,224.0000,224.0000,0.0000,1.0000,1.0000,0.0000,6.0000,4030.6451,4031
1750,3514,252.0000,252.0000,0.0000,1.0000,1.0000,0.0000,6.0000,4030.7417,4031
1751,3553,253.0000,253.0000,0.0000,1.0000,1.0000,0.0000,6.0000,4030.7483,4031
1752,3454,238.0000,238.0000,0.0000,1.0000,1.0000,0.0000,6.0000,4030.6992,4031
1753,3342,31.0000,31.0000,0.0000,0.0000,0.0000,0.0000,6.0000,4030.7619,4031
1754,3891,70.0000,70.0000,0.0000,1.0000,1.0000,0.0000,6.0000,4030.8615,4031
1755,3530,256.0000,257.0000,1.0000,1.0000,1.0000,0.0000,6.0000,4030.7697,4031
1756,3451,152.0000,152.0000,0.0000,1.0000,1.0000,0.0000,6.0000,4030.7514,4031
1757,3531,246.0000,246.0000,0.0000,1.0000,1.0000,0.0000,6.0000,4030.9008,4031
1758,3624,260.0000,260.0000,0.0000,1.0000,1.0000,0.0000,6.0000,4030.8683,4031
1759,3458,231.0000,231.0000,0.0000,1.0000,1.0000,0.0000,6.0000,4030.6842,4031
1760,4075,59.0000,59.0000,0.0000,1.0000,1.0000,0.0000,6.0000,4030.8017,4031
1761,4023,78.0000,78.0000,0.0000,1.0000,1.0000,0.0000,6.0000,4030.9015,4031
1762,3638,254.0000,255.0000,1.0000,1.0000,1.0000,0.0000,6.0000,4030.8021,4031
1763,3724,227.0000,227.0000,0.0000,1.0000,1.0000,0.0000,6.0000,4030.8238,4031
1764,4004,95.0000,95.0000,0.0000,1.0000,1.0000,0.0000,6.0000,4031.0412,4031
1765,3824,45.0000,45.0000,0.0000,0.0000,-0.0000,0.0000,6.0000,4030.8031,4031
1766,3373,177.0000,178.0000,1.0000,1.0000,1.0000,0.0000,6.0000,4030.6139,4031
1767,3556,248.0000,248.0000,0.0000,1.0000,1.0000,0.0000,6.0000,4030.7586,4031
1768,3549,254.0000,254.0000,0.0000,1.0000,1.0000,0.0000,6.0000,4030.7543,4031
1769,3419,230.0000,230.0000,0.0000,1.0000,1.0000,0.0000,6.0000,4030.7078,4031
1770,3555,254.0000,254.0000,0.0000,1.0000,1.0000,0.0000,6.0000,4030.7715,4031
1771,3578,253.0000,253.0000,0.0000,1.0000,1.0000,0.0000,6.0000,4030.8098,4031
1772,3613,221.0000,221.0000,0.0000,1.0000,1.0000,0.0000,6.0000,4030.8042,4031
1773,4086,49.0000,49.0000,0.0000,0.0000,-0.0000,0.0000,6.0000,4030.8379,4031
1774,3898,173.0000,173.0000,0.0000,1.0000,1.0000,0.0000,6.0000,4030.8435,4031
1775,3469,244.0000,244.0000,0.0000,1.0000,1.0000,0.0000,6.0000,4030.7377,4031
1776,3471,245.0000,245.0000,0.0000,1.0000,1.0000,0.0000,6.0000,4030.9367,4031
1777,3563,194.0000,194.0000,0.0000,1.0000,1.0000,0.0000,6.0000,4030.8170,4031
1778,3585,167.0000,167.0000,0.0000,1.0000,1.0000,0.0000,6.0000,4030.7759,4031
1779,3384,205.0000,205.0000,0.0000,1.0000,1.0000,0.0000,6.0000,4030.6622,4031
1780,3673,175.0000,175.0000,0.0000,1.0000,1.0000,0.0000,6.0000,4030.9990,4031
1781,3648,174.0000,174.0000,0.0000,1.0000,1.0000,0.0000,6.0000,4030.8183,4031
1782,3516,65.0000,65.0000,0.0000,1.0000,1.0000,0.0000,6.0000,4030.7476,4031
1783,3595,250.0000,250.0000,0.0000,1.0000,1.0000,0.0000,6.0000,4030.7851,4031
1784,3586,252.0000,252.0000,0.0000,1.0000,1.0000,0.0000,6.0000,4030.7782,4031
1785,3602,84.0000,84.0000,0.0000,1.0000,1.0000,0.0000,6.0000,4030.7563,4031
1786,3768,219.0000,219.0000,0.0000,1.0000,1.0000,0.0000,6.0000,4030.7945,4031
1787,3368,157.0000,157.0000,0.0000,1.0000,1.0000,0.0000,6.0000,4030.5926,4031
1788,3696,225.0000,225.0000,0.0000,1.0000,1.0000,0.0000,6.0000,4030.7925,4031
1789,3423,233.0000,233.0000,0.0000,1.0000,1.0000,0.0000,6.0000,4030.7730,4031
1790,3400,217.0000,217.0000,0.0000,1.0000,1.0000,0.0000,6.0000,4030.7974,4031
1791,3655,204.0000,204.0000,0.0000,1.0000,1.0000,0.0000,6.0000,4030.9951,4031
1792,3650,252.0000,252.0000,0.0000,1.0000,1.0000,0.0000,6.0000,4030.7858,4031
1793,3509,251.0000,252.0000,1.0000,1.0000,1.0000,0.0000,6.0000,4030.7827,4031
1794,3539,245.0000,245.0000,0.0000,1.0000,1.0000,0.0000,6.0000,4030.8634,4031
1795,3558,234.0000,234.0000,0.0000,1.0000,1.0000,0.0000,6.0000,4030.7696,4031
1796,3504,249.0000,249.0000,0.0000,1.0000,1.0000,0.0000,6.0000,4030.8292,4031
1797,3721,134.0000,134.0000,0.0000,1.0000,1.0000,0.0000,6.0000,4030.9106,4031
1798,3621,256.0000,256.0000,0.0000,1.0000,1.0000,0.0000,6.0000,4030.8005,4031
1799,3620,259.0000,260.0000,1.0000,1.0000,1.0000,0.0000,6.0000,4030.7775,4031
1800,3351,47.0000,47.0000,0.0000,0.0000,0.0000,0.0000,6.0000,4030.5914,4031
1801,3551,255.0000,255.0000,0.0000,1.0000,1.0000,0.0000,6.0000,4030.7528,4031
1802,3589,253.0000,253.0000,0.0000,1.0000,1.0000,0.0000,6.0000,4030.8626,4031
1803,3487,250.0000,250.0000,0.0000,1.0000,1.0000,0.0000,6.0000,4030.7258,4031
1804,3728,179.0000,179.0000,0.0000,1.0000,1.0000,0.0000,6.0000,4030.8400,4031
1805,3412,229.0000,229.0000,0.0000,1.0000,1.0000,0.0000,6.0000,4030.7013,4031
1806,3338,31.0000,31.0000,0.0000,0.0000,-0.0000,0.0000,6.0000,4030.5852,4031
1807,3575,229.0000,229.0000,0.0000,1.0000,1.0000,0.0000,6.0000,4030.8103,4031
1808,3636,206.0000,206.0000,0.0000,1.0000,1.0000,0.0000,6.0000,4030.7857,4031
1809,3523,249.0000,249.0000,0.0000,1.0000,1.0000,0.0000,6.0000,4030.7489,4031
1810,3693,160.0000,160.0000,0.0000,1.0000,1.0000,0.0000,6.0000,4030.9536,4031
1811,3512,202.0000,202.0000,0.0000,1.0000,1.0000,0.0000,6.0000,4030.7486,4031
1812,3399,216.0000,216.0000,0.0000,1.0000,1.0000,0.0000,6.0000,4030.6507,4031
1813,3760,205.0000,205.0000,0.0000,1.0000,1.0000,0.0000,6.0000,4030.8089,4031
1814,3479,243.0000,243.0000,0.0000,1.0000,1.0000,0.0000,6.0000,4030.7656,4031
1815,3893,179.0000,179.0000,0.0000,1.0000,1.0000,0.0000,6.0000,4030.9994,4031
1816,3432,238.0000,238.0000,0.0000,1.0000,1.0000,0.0000,6.0000,4030.6717,4031
1817,3876,47.0000,47.0000,0.0000,0.0000,-0.0000,0.0000,6.0000,4030.8276,4031
1818,3527,257.0000,257.0000,0.0000,1.0000,1.0000,0.0000,6.0000,4030.7433,4031
1819,3543,254.0000,254.0000,0.0000,1.0000,1.0000,0.0000,6.0000,4030.8752,4031
1820,3723,222.0000,222.0000,0.0000,1.0000,1.0000,0.0000,6.0000,4030.8727,4031
1821,3507,203.0000,203.0000,0.0000,1.0000,1.0000,0.0000,6.0000,4030.7472,4031
1822,3525,163.0000,163.0000,0.0000,1.0000,1.0000,0.0000,6.0000,4030.7628,4031
1823,3568,229.0000,229.0000,0.0000,1.0000,1.0000,0.0000,6.0000,4030.8161,4031
1824,3394,59.0000,59.0000,0.0000,1.0000,1.0000,0.0000,6.0000,4030.6402,4031
1825,3390,214.0000,215.0000,1.0000,1.0000,1.0000,0.0000,6.0000,4030.6956,4031
1826,3470,202.0000,202.0000,0.0000,1.0000,1.0000,0.0000,6.0000,4030.9439,4031
1827,3908,25.0000,25.0000,0.0000,0.0000,-0.0000,0.0000,6.0000,4030.8118,4031
1828,3467,238.0000,238.0000,0.0000,1.0000,1.0000,0.0000,6.0000,4030.7162,4031
1829,3361,155.0000,155.0000,0.0000,1.0000,1.0000,0.0000,6.0000,4030.5519,4031
1830,3443,242.0000,242.0000,0.0000,1.0000,1.0000,0.0000,6.0000,4030.8492,4031
1831,3608,253.0000,253.0000,0.0000,1.0000,1.0000,0.0000,6.0000,4030.8696,4031
1832,3403,198.0000,198.0000,0.0000,1.0000,1.0000,0.0000,6.0000,4030.6588,4031
1833,3770,56.0000,56.0000,0.0000,1.0000,1.0000,0.0000,6.0000,4031.0482,4031
1834,3489,128.0000,128.0000,0.0000,1.0000,1.0000,0.0000,6.0000,4030.7850,4031
1835,3415,221.0000,221.0000,0.0000,1.0000,1.0000,0.0000,6.0000,4030.7127,4031
1836,3483,231.0000,231.0000,0.0000,1.0000,1.0000,0.0000,6.0000,4030.7256,4031
1837,4085,59.0000,59.0000,0.0000,1.0000,1.0000,0.0000,6.0000,4030.8801,4031
1838,3546,214.0000,214.0000,0.0000,1.0000,1.0000,0.0000,6.0000,4030.7605,4031
1839,3641,94.0000,96.0000,2.0000,1.0000,1.0000,0.0000,6.0000,4030.8186,4031
1840,3754,225.0000,225.0000,0.0000,1.0000,1.0000,0.0000,6.0000,4030.7948,4031
1841,3506,252.0000,252.0000,0.0000,1.0000,1.0000,0.0000,6.0000,4030.7804,4031
1842,3435,221.0000,221.0000,0.0000,1.0000,1.0000,0.0000,6.0000,4030.6967,4031
1843,3718,246.0000,246.0000,0.0000,1.0000,1.0000,0.0000,6.0000,4030.8195,4031
1844,3591,208.0000,208.0000,0.0000,1.0000,1.0000,0.0000,6.0000,4030.7780,4031
1845,3847,124.0000,126.0000,2.0000,1.0000,1.0000,0.0000,6.0000,4030.8224,4031
1846,3630,244.0000,244.0000,0.0000,1.0000,1.0000,0.0000,6.0000,4030.8864,4031
1847,3676,251.0000,252.0000,1.0000,1.0000,1.0000,0.0000,6.0000,4030.7861,4031
1848,3548,245.0000,245.0000,0.0000,1.0000,1.0000,0.0000,6.0000,4030.7674,4031
1849,3581,256.0000,256.0000,0.0000,1.0000,1.0000,0.0000,6.0000,4030.8170,4031
1850,3761,184.0000,185.0000,1.0000,1.0000,1.0000,0.0000,6.0000,4030.9555,4031
1851,3717,235.0000,236.0000,1.0000,1.0000,1.0000,0.0000,6.0000,4030.8047,4031
1852,3798,49.0000,49.0000,0.0000,0.0000,-0.0000,0.0000,6.0000,4030.8582,4031
1853,3600,255.0000,255.0000,0.0000,1.0000,1.0000,0.0000,6.0000,4030.8410,4031
1854,3587,259.0000,259.0000,0.0000,1.0000,1.0000,0.0000,6.0000,4030.7814,4031
1855,3455,235.0000,235.0000,0.0000,1.0000,1.0000,0.0000,6.0000,4030.6795,4031
1856,3518,252.0000,252.0000,0.0000,1.0000,1.0000,0.0000,6.0000,4030.7398,4031
1857,3547,254.0000,254.0000,0.0000,1.0000,1.0000,0.0000,6.0000,4030.8228,4031
1858,3682,250.0000,250.0000,0.0000,1.0000,1.0000,0.0000,6.0000,4030.7933,4031
1859,3425,235.0000,235.0000,0.0000,1.0000,1.0000,0.0000,6.0000,4030.6760,4031
1860,3350,92.0000,93.0000,1.0000,1.0000,1.0000,0.0000,6.0000,4030.6068,4031
1861,3741,61.0000,61.0000,0.0000,1.0000,1.0000,0.0000,6.0000,4030.7907,4031
1862,4008,93.0000,93.0000,0.0000,1.0000,1.0000,0.0000,6.0000,4030.8266,4031
1863,3750,224.0000,224.0000,0.0000,1.0000,1.0000,0.0000,6.0000,4030.8145,4031
1864,3573,255.0000,255.0000,0.0000,1.0000,1.0000,0.0000,6.0000,4030.8082,4031
1865,3529,256.0000,256.0000,0.0000,1.0000,1.0000,0.0000,6.0000,4030.7643,4031
1866,3360,51.0000,51.0000,0.0000,1.0000,1.0000,0.0000,6.0000,4030.4619,4031
1867,3688,246.0000,246.0000,0.0000,1.0000,1.0000,0.0000,6.0000,4030.8321,4031
1868,3584,260.0000,260.0000,0.0000,1.0000,1.0000,0.0000,6.0000,4030.7821,4031
1869,3890,175.0000,175.0000,0.0000,1.0000,1.0000,0.0000,6.0000,4030.8867,4031
1870,3414,180.0000,180.0000,0.0000,1.0000,1.0000,0.0000,6.0000,4030.6592,4031
1871,3646,259.0000,259.0000,0.0000,1.0000,1.0000,0.0000,6.0000,4030.9562,4031
1872,3381,204.0000,204.0000,0.0000,1.0000,1.0000,0.0000,6.0000,4030.6608,4031
1873,3462,244.0000,244.0000,0.0000,1.0000,1.0000,0.0000,6.0000,4030.6971,4031
1874,3809,155.0000,155.0000,0.0000,1.0000,1.0000,0.0000,6.0000,4030.9025,4031
1875,3465,226.0000,226.0000,0.0000,1.0000,1.0000,0.0000,6.0000,4030.8142,4031
1876,3446,153.0000,153.0000,0.0000,1.0000,1.0000,0.0000,6.0000,4030.6816,4031
1877,3916,134.0000,135.0000,1.0000,1.0000,1.0000,0.0000,6.0000,4030.8277,4031
1878,3663,92.0000,92.0000,0.0000,1.0000,1.0000,0.0000,6.0000,4030.7788,4031
1879,3627,214.0000,214.0000,0.0000,1.0000,1.0000,0.0000,6.0000,4030.7790,4031
1880,4017,79.0000,79.0000,0.0000,1.0000,1.0000,0.0000,6.0000,4030.8882,4031
1881,3611,247.0000,247.0000,0.0000,1.0000,1.0000,0.0000,6.0000,4030.7812,4031
1882,3678,212.0000,213.0000,1.0000,1.0000,1.0000,0.0000,6.0000,4030.7680,4031
1883,3477,234.0000,235.0000,1.0000,1.0000,1.0000,0.0000,6.0000,4030.7906,4031
1884,3541,188.0000,188.0000,0.0000,1.0000,1.0000,0.0000,6.0000,4030.7706,4031
1885,3352,36.0000,36.0000,0.0000,0.0000,-0.0000,0.0000,6.0000,4030.5564,4031
1886,3742,96.0000,96.0000,0.0000,1.0000,1.0000,0.0000,6.0000,4030.9569,4031
1887,4288,38.0000,38.0000,0.0000,0.0000,0.0000,0.0000,12.0000,4863.3171,4863
1888,3532,254.0000,254.0000,0.0000,1.0000,1.0000,0.0000,6.0000,4030.7587,4031
1889,3562,233.0000,233.0000,0.0000,1.0000,1.0000,0.0000,6.0000,4030.7701,4031
1890,3653,259.0000,259.0000,0.0000,1.0000,1.0000,0.0000,6.0000,4030.7971,4031
1891,3560,233.0000,233.0000,0.0000,1.0000,1.0000,0.0000,6.0000,4030.8312,4031
1892,3639,255.0000,255.0000,0.0000,1.0000,1.0000,0.0000,6.0000,4030.7913,4031
1893,3456,234.0000,234.0000,0.0000,1.0000,1.0000,0.0000,6.0000,4030.9691,4031
1894,3339,40.0000,40.0000,0.0000,0.0000,-0.0000,0.0000,6.0000,4030.8697,4031
1895,3374,190.0000,190.0000,0.0000,1.0000,1.0000,0.0000,6.0000,4030.6925,4031
1896,3333,43.0000,43.0000,0.0000,0.0000,-0.0000,0.0000,6.0000,4030.5895,4031
1897,3447,104.0000,104.0000,0.0000,1.0000,1.0000,0.0000,6.0000,4030.6764,4031
1898,3557,237.0000,237.0000,0.0000,1.0000,1.0000,0.0000,6.0000,4030.9994,4031
1899,3946,239.0000,239.0000,0.0000,1.0000,1.0000,0.0000,7.0000,4263.2583,4263
1900,4060,253.0000,253.0000,0.0000,1.0000,1.0000,0.0000,7.0000,4263.2489,4263
1901,3831,215.0000,215.0000,0.0000,1.0000,1.0000,0.0000,7.0000,4263.1880,4263
1902,3743,69.0000,69.0000,0.0000,1.0000,1.0000,0.0000,7.0000,4263.1190,4263
1903,3535,6.0000,6.0000,0.0000,0.0000,-0.0000,0.0000,7.0000,4263.0580,4263
1904,4088,236.0000,237.0000,1.0000,1.0000,1.0000,0.0000,7.0000,4263.2554,4263
1905,3438,25.0000,25.0000,0.0000,0.0000,0.0000,0.0000,7.0000,4263.1014,4263
1906,4048,250.0000,251.0000,1.0000,1.0000,1.0000,0.0000,7.0000,4263.3324,4263
1907,4227,215.0000,215.0000,0.0000,1.0000,1.0000,0.0000,7.0000,4263.2692,4263
1908,4150,241.0000,241.0000,0.0000,1.0000,1.0000,0.0000,7.0000,4263.4727,4263
1909,4167,217.0000,217.0000,0.0000,1.0000,1.0000,0.0000,7.0000,4263.3352,4263
1910,4103,251.0000,251.0000,0.0000,1.0000,1.0000,0.0000,7.0000,4263.2598,4263
1911,4178,242.0000,242.0000,0.0000,1.0000,1.0000,0.0000,7.0000,4263.2998,4263
1912,3981,249.0000,249.0000,0.0000,1.0000,1.0000,0.0000,7.0000,4263.2027,4263
1913,3379,13.0000,13.0000,0.0000,0.0000,0.0000,0.0000,7.0000,4263.1871,4263
1914,3977,199.0000,199.0000,0.0000,1.0000,1.0000,0.0000,7.0000,4263.3043,4263
1915,4101,250.0000,250.0000,0.0000,1.0000,1.0000,0.0000,7.0000,4263.3762,4263
1916,3883,140.0000,140.0000,0.0000,1.0000,1.0000,0.0000,7.0000,4263.3213,4263
1917,3878,209.0000,209.0000,0.0000,1.0000,1.0000,0.0000,7.0000,4263.2248,4263
1918,4199,240.0000,240.0000,0.0000,1.0000,1.0000,0.0000,7.0000,4263.2915,4263
1919,4182,126.0000,127.0000,1.0000,1.0000,1.0000,0.0000,7.0000,4263.2942,4263
1920,3684,135.0000,135.0000,0.0000,1.0000,1.0000,0.0000,7.0000,4263.0948,4263
1921,4272,179.0000,179.0000,0.0000,1.0000,1.0000,0.0000,7.0000,4263.3165,4263
1922,4247,183.0000,183.0000,0.0000,1.0000,1.0000,0.0000,7.0000,4263.3059,4263
1923,3785,197.0000,197.0000,0.0000,1.0000,1.0000,0.0000,7.0000,4263.1443,4263
1924,3905,238.0000,238.0000,0.0000,1.0000,1.0000,0.0000,7.0000,4263.1715,4263
1925,4310,19.0000,19.0000,0.0000,0.0000,0.0000,0.0000,7.0000,4263.2561,4263
1926,4258,17.0000,17.0000,0.0000,0.0000,-0.0000,0.0000,7.0000,4263.2642,4263
1927,3924,152.0000,152.0000,0.0000,1.0000,1.0000,0.0000,7.0000,4263.1970,4263
1928,3712,171.0000,171.0000,0.0000,1.0000,1.0000,0.0000,7.0000,4263.1104,4263
1929,4157,244.0000,244.0000,0.0000,1.0000,1.0000,0.0000,7.0000,4263.2665,4263
1930,3749,128.0000,128.0000,0.0000,1.0000,1.0000,0.0000,7.0000,4263.1919,4263
1931,4217,190.0000,190.0000,0.0000,1.0000,1.0000,0.0000,7.0000,4263.3981,4263
1932,4172,206.0000,206.0000,0.0000,1.0000,1.0000,0.0000,7.0000,4263.3329,4263
1933,4164,225.0000,225.0000,0.0000,1.0000,1.0000,0.0000,7.0000,4263.2869,4263
1934,4181,240.0000,240.0000,0.0000,1.0000,1.0000,0.0000,7.0000,4263.3180,4263
1935,3989,207.0000,207.0000,0.0000,1.0000,1.0000,0.0000,7.0000,4263.1943,4263
1936,4294,140.0000,140.0000,0.0000,1.0000,1.0000,0.0000,7.0000,4263.3899,4263
1937,3713,37.0000,37.0000,0.0000,0.0000,0.0000,0.0000,7.0000,4263.1319,4263
1938,4104,251.0000,251.0000,0.0000,1.0000,1.0000,0.0000,7.0000,4263.2516,4263
1939,3490,54.0000,54.0000,0.0000,1.0000,1.0000,0.0000,7.0000,4263.2844,4263
1940,4362,7.0000,7.0000,0.0000,0.0000,0.0000,0.0000,0.0000,-0.0365,-1
1941,4112,250.0000,250.0000,0.0000,1.0000,1.0000,0.0000,7.0000,4263.3266,4263
1942,3957,246.0000,246.0000,0.0000,1.0000,1.0000,0.0000,7.0000,4263.3118,4263
1943,4245,211.0000,211.0000,0.0000,1.0000,1.0000,0.0000,7.0000,4263.2995,4263
1944,3930,236.0000,236.0000,0.0000,1.0000,1.0000,0.0000,7.0000,4263.1886,4263
1945,4236,185.0000,185.0000,0.0000,1.0000,1.0000,0.0000,7.0000,4263.4987,4263
1946,4098,208.0000,208.0000,0.0000,1.0000,1.0000,0.0000,7.0000,4263.2591,4263
1947,4163,214.0000,214.0000,0.0000,1.0000,1.0000,0.0000,7.0000,4263.2652,4263
1948,4125,251.0000,251.0000,0.0000,1.0000,1.0000,0.0000,7.0000,4263.2588,4263
1949,4158,216.0000,216.0000,0.0000,1.0000,1.0000,0.0000,7.0000,4263.2443,4263
1950,4260,200.0000,200.0000,0.0000,1.0000,1.0000,0.0000,7.0000,4263.3800,4263
1951,4009,226.0000,226.0000,0.0000,1.0000,1.0000,0.0000,7.0000,4263.1690,4263
1952,4134,247.0000,248.0000,1.0000,1.0000,1.0000,0.0000,7.0000,4263.2601,4263
1953,4072,251.0000,251.0000,0.0000,1.0000,1.0000,0.0000,7.0000,4263.2568,4263
1954,3904,33.0000,33.0000,0.0000,0.0000,0.0000,0.0000,7.0000,4263.2137,4263
1955,4207,237.0000,237.0000,0.0000,1.0000,1.0000,0.0000,7.0000,4263.3659,4263
1956,4153,245.0000,245.0000,0.0000,1.0000,1.0000,0.0000,7.0000,4263.2678,4263
1957,3919,39.0000,40.0000,1.0000,0.0000,0.0000,0.0000,7.0000,4263.1400,4263
1958,3828,161.0000,161.0000,0.0000,1.0000,1.0000,0.0000,7.0000,4263.1673,4263
1959,4270,185.0000,185.0000,0.0000,1.0000,1.0000,0.0000,7.0000,4263.3324,4263
1960,4083,240.0000,240.0000,0.0000,1.0000,1.0000,0.0000,7.0000,4263.2547,4263
1961,4219,53.0000,53.0000,0.0000,1.0000,1.0000,0.0000,7.0000,4263.2666,4263
1962,4027,246.0000,246.0000,0.0000,1.0000,1.0000,0.0000,7.0000,4263.2279,4263
1963,4047,252.0000,252.0000,0.0000,1.0000,1.0000,0.0000,7.0000,4263.2333,4263
1964,3900,232.0000,232.0000,0.0000,1.0000,1.0000,0.0000,7.0000,4263.1723,4263
1965,3974,215.0000,215.0000,0.0000,1.0000,1.0000,0.0000,7.0000,4263.1997,4263
1966,4143,165.0000,165.0000,0.0000,1.0000,1.0000,0.0000,7.0000,4263.3007,4263
1967,4110,197.0000,197.0000,0.0000,1.0000,1.0000,0.0000,7.0000,4263.2518,4263
1968,4059,240.0000,240.0000,0.0000,1.0000,1.0000,0.0000,7.0000,4263.2428,4263
1969,3972,211.0000,211.0000,0.0000,1.0000,1.0000,0.0000,7.0000,4263.2577,4263
1970,3987,157.0000,157.0000,0.0000,1.0000,1.0000,0.0000,7.0000,4263.2302,4263
1971,3923,188.0000,188.0000,0.0000,1.0000,1.0000,0.0000,7.0000,4263.2119,4263
1972,3998,191.0000,191.0000,0.0000,1.0000,1.0000,0.0000,7.0000,4263.1983,4263
1973,3880,206.0000,206.0000,0.0000,1.0000,1.0000,0.0000,7.0000,4263.2445,4263
1974,4289,133.0000,133.0000,0.0000,1.0000,1.0000,0.0000,7.0000,4263.3080,4263
1975,3453,29.0000,29.0000,0.0000,0.0000,0.0000,0.0000,7.0000,4263.1232,4263
1976,4255,198.0000,198.0000,0.0000,1.0000,1.0000,0.0000,7.0000,4263.3039,4263
1977,4067,248.0000,248.0000,0.0000,1.0000,1.0000,0.0000,7.0000,4263.5117,4263
1978,4051,250.0000,250.0000,0.0000,1.0000,1.0000,0.0000,7.0000,4263.2454,4263
1979,3857,222.0000,222.0000,0.0000,1.0000,1.0000,0.0000,7.0000,4263.2641,4263
1980,4010,51.0000,51.0000,0.0000,1.0000,1.0000,0.0000,7.0000,4263.2920,4263
1981,4084,250.0000,250.0000,0.0000,1.0000,1.0000,0.0000,7.0000,4263.2641,4263
1982,4264,45.0000,45.0000,0.0000,0.0000,-0.0000,0.0000,7.0000,4263.4877,4263
1983,4295,44.0000,44.0000,0.0000,0.0000,-0.0000,0.0000,7.0000,4263.2957,4263
1984,3954,69.0000,69.0000,0.0000,1.0000,1.0000,0.0000,7.0000,4263.3072,4263
1985,4326,29.0000,29.0000,0.0000,0.0000,-0.0000,0.0000,7.0000,4263.3059,4263
1986,4113,251.0000,251.0000,0.0000,1.0000,1.0000,0.0000,7.0000,4263.2638,4263
1987,4001,169.0000,169.0000,0.0000,1.0000,1.0000,0.0000,7.0000,4263.1897,4263
1988,4256,200.0000,200.0000,0.0000,1.0000,1.0000,0.0000,7.0000,4263.3874,4263
1989,4120,251.0000,252.0000,1.0000,1.0000,1.0000,0.0000,7.0000,4263.2738,4263
1990,4176,241.0000,241.0000,0.0000,1.0000,1.0000,0.0000,7.0000,4263.3225,4263
1991,3386,18.0000,18.0000,0.0000,0.0000,-0.0000,0.0000,7.0000,4263.0861,4263
1992,4222,193.0000,193.0000,0.0000,1.0000,1.0000,0.0000,7.0000,4263.2767,4263
1993,4325,34.0000,34.0000,0.0000,0.0000,-0.0000,0.0000,7.0000,4263.3040,4263
1994,4054,104.0000,105.0000,1.0000,1.0000,1.0000,0.0000,7.0000,4263.2263,4263
1995,4195,80.0000,80.0000,0.0000,1.0000,1.0000,0.0000,7.0000,4263.4114,4263
1996,4066,5.0000,5.0000,0.0000,0.0000,-0.0000,0.0000,0.0000,0.0289,-1
1997,4147,245.0000,245.0000,0.0000,1.0000,1.0000,0.0000,7.0000,4263.2651,4263
1998,3677,120.0000,120.0000,0.0000,1.0000,1.0000,0.0000,7.0000,4263.1158,4263
1999,4096,240.0000,240.0000,0.0000,1.0000,1.0000,0.0000,7.0000,4263.2672,4263
2000,4062,251.0000,251.0000,0.0000,1.0000,1.0000,0.0000,7.0000,4263.3448,4263
2001,4043,208.0000,208.0000,0.0000,1.0000,1.0000,0.0000,7.0000,4263.2413,4263
2002,4286,170.0000,170.0000,0.0000,1.0000,1.0000,0.0000,7.0000,4263.3299,4263
2003,4152,218.0000,218.0000,0.0000,1.0000,1.0000,0.0000,7.0000,4263.4926,4263
2004,4250,83.0000,83.0000,0.0000,1.0000,1.0000,0.0000,7.0000,4263.2984,4263
2005,4018,241.0000,241.0000,0.0000,1.0000,1.0000,0.0000,7.0000,4263.2085,4263
2006,4293,146.0000,146.0000,0.0000,1.0000,1.0000,0.0000,7.0000,4263.4774,4263
2007,3789,198.0000,198.0000,0.0000,1.0000,1.0000,0.0000,7.0000,4263.1372,4263
2008,3855,198.0000,198.0000,0.0000,1.0000,1.0000,0.0000,7.0000,4263.1863,4263
2009,4026,252.0000,252.0000,0.0000,1.0000,1.0000,0.0000,7.0000,4263.2279,4263
2010,3906,228.0000,228.0000,0.0000,1.0000,1.0000,0.0000,7.0000,4263.3609,4263
2011,3731,174.0000,174.0000,0.0000,1.0000,1.0000,0.0000,7.0000,4263.1707,4263
2012,4168,242.0000,242.0000,0.0000,1.0000,1.0000,0.0000,7.0000,4263.3931,4263
2013,4238,23.0000,23.0000,0.0000,0.0000,0.0000,0.0000,7.0000,4263.2794,4263
2014,4274,151.0000,151.0000,0.0000,1.0000,1.0000,0.0000,7.0000,4263.3153,4263
2015,4076,242.0000,242.0000,0.0000,1.0000,1.0000,0.0000,7.0000,4263.3391,4263
2016,3775,155.0000,155.0000,0.0000,1.0000,1.0000,0.0000,7.0000,4263.1240,4263
2017,4029,248.0000,248.0000,0.0000,1.0000,1.0000,0.0000,7.0000,4263.2777,4263
2018,3834,201.0000,201.0000,0.0000,1.0000,1.0000,0.0000,7.0000,4263.2580,4263
2019,3888,229.0000,229.0000,0.0000,1.0000,1.0000,0.0000,7.0000,4263.1744,4263
2020,4338,26.0000,26.0000,0.0000,0.0000,-0.0000,0.0000,7.0000,4263.2722,4263
2021,4177,222.0000,222.0000,0.0000,1.0000,1.0000,0.0000,7.0000,4263.3410,4263
2022,4127,252.0000,252.0000,0.0000,1.0000,1.0000,0.0000,7.0000,4263.2520,4263
2023,4138,248.0000,248.0000,0.0000,1.0000,1.0000,0.0000,7.0000,4263.2631,4263
2024,4189,204.0000,204.0000,0.0000,1.0000,1.0000,0.0000,7.0000,4263.3010,4263
2025,4118,197.0000,197.0000,0.0000,1.0000,1.0000,0.0000,7.0000,4263.2632,4263
2026,3952,246.0000,246.0000,0.0000,1.0000,1.0000,0.0000,7.0000,4263.3618,4263
2027,4188,222.0000,222.0000,0.0000,1.0000,1.0000,0.0000,7.0000,4263.3401,4263
2028,4107,227.0000,227.0000,0.0000,1.0000,1.0000,0.0000,7.0000,4263.3703,4263
2029,4273,173.0000,173.0000,0.0000,1.0000,1.0000,0.0000,7.0000,4263.3774,4263
2030,3926,211.0000,211.0000,0.0000,1.0000,1.0000,0.0000,7.0000,4263.2161,4263
2031,4014,198.0000,198.0000,0.0000,1.0000,1.0000,0.0000,7.0000,4263.2227,4263
2032,4313,69.0000,69.0000,0.0000,1.0000,1.0000,0.0000,7.0000,4263.2623,4263
2033,4117,242.0000,242.0000,0.0000,1.0000,1.0000,0.0000,7.0000,4263.3281,4263
2034,4252,198.0000,198.0000,0.0000,1.0000,1.0000,0.0000,7.0000,4263.2773,4263
2035,4192,173.0000,173.0000,0.0000,1.0000,1.0000,0.0000,7.0000,4263.3109,4263
2036,3632,79.0000,79.0000,0.0000,1.0000,1.0000,0.0000,7.0000,4263.1012,4263
2037,4108,220.0000,220.0000,0.0000,1.0000,1.0000,0.0000,7.0000,4263.4707,4263
2038,4074,251.0000,251.0000,0.0000,1.0000,1.0000,0.0000,7.0000,4263.2513,4263
2039,4069,248.0000,248.0000,0.0000,1.0000,1.0000,0.0000,7.0000,4263.4082,4263
2040,3936,223.0000,223.0000,0.0000,1.0000,1.0000,0.0000,7.0000,4263.2065,4263
2041,3662,108.0000,108.0000,0.0000,1.0000,1.0000,0.0000,7.0000,4263.2016,4263
2042,4218,228.0000,228.0000,0.0000,1.0000,1.0000,0.0000,7.0000,4263.2778,4263
2043,4285,16.0000,16.0000,0.0000,0.0000,-0.0000,0.0000,7.0000,4263.2505,4263
2044,4105,216.0000,216.0000,0.0000,1.0000,1.0000,0.0000,7.0000,4263.3016,4263
2045,4061,164.0000,164.0000,0.0000,1.0000,1.0000,0.0000,7.0000,4263.2352,4263
2046,3795,74.0000,74.0000,0.0000,1.0000,1.0000,0.0000,7.0000,4263.1516,4263
2047,4224,214.0000,214.0000,0.0000,1.0000,1.0000,0.0000,7.0000,4263.4447,4263
2048,3475,13.0000,13.0000,0.0000,0.0000,0.0000,0.0000,7.0000,4263.0223,4263
2049,4116,251.0000,251.0000,0.0000,1.0000,1.0000,0.0000,7.0000,4263.2583,4263
2050,3944,91.0000,92.0000,1.0000,1.0000,1.0000,0.0000,7.0000,4263.2220,4263
2051,3958,140.0000,141.0000,1.0000,1.0000,1.0000,0.0000,7.0000,4263.4035,4263
2052,4146,245.0000,245.0000,0.0000,1.0000,1.0000,0.0000,7.0000,4263.2673,4263
2053,3842,216.0000,216.0000,0.0000,1.0000,1.0000,0.0000,7.0000,4263.2403,4263
2054,3994,33.0000,33.0000,0.0000,0.0000,0.0000,0.0000,7.0000,4263.1650,4263
2055,4203,192.0000,192.0000,0.0000,1.0000,1.0000,0.0000,7.0000,4263.3116,4263
2056,4303,21.0000,21.0000,0.0000,0.0000,-0.0000,0.0000,7.0000,4263.2988,4263
2057,4099,224.0000,225.0000,1.0000,1.0000,1.0000,0.0000,7.0000,4263.2489,4263
2058,4194,230.0000,230.0000,0.0000,1.0000,1.0000,0.0000,7.0000,4263.3087,4263
2059,4050,178.0000,178.0000,0.0000,1.0000,1.0000,0.0000,7.0000,4263.2388,4263
2060,4160,177.0000,177.0000,0.0000,1.0000,1.0000,0.0000,7.0000,4263.2659,4263
2061,3999,213.0000,213.0000,0.0000,1.0000,1.0000,0.0000,7.0000,4263.2137,4263
2062,4187,236.0000,236.0000,0.0000,1.0000,1.0000,0.0000,7.0000,4263.3290,4263
2063,4011,250.0000,250.0000,0.0000,1.0000,1.0000,0.0000,7.0000,4263.2328,4263
2064,4052,251.0000,252.0000,1.0000,1.0000,1.0000,0.0000,7.0000,4263.2353,4263
2065,4299,51.0000,51.0000,0.0000,1.0000,1.0000,0.0000,7.0000,4263.6248,4263
2066,3939,218.0000,218.0000,0.0000,1.0000,1.0000,0.0000,7.0000,4263.1930,4263
2067,4213,238.0000,238.0000,0.0000,1.0000,1.0000,0.0000,7.0000,4263.2760,4263
2068,3791,207.0000,207.0000,0.0000,1.0000,1.0000,0.0000,7.0000,4263.1423,4263
2069,4347,22.0000,22.0000,0.0000,0.0000,0.0000,0.0000,7.0000,4263.2903,4263
2070,4232,209.0000,209.0000,0.0000,1.0000,1.0000,0.0000,7.0000,4263.4467,4263
2071,3984,198.0000,198.0000,0.0000,1.0000,1.0000,0.0000,7.0000,4263.2403,4263
2072,4246,45.0000,45.0000,0.0000,0.0000,-0.0000,0.0000,7.0000,4263.2573,4263
2073,4228,214.0000,214.0000,0.0000,1.0000,1.0000,0.0000,7.0000,4263.4823,4263
2074,4053,66.0000,66.0000,0.0000,1.0000,1.0000,0.0000,7.0000,4263.2192,4263
2075,4031,252.0000,252.0000,0.0000,1.0000,1.0000,0.0000,7.0000,4263.3355,4263
2076,4315,19.0000,19.0000,0.0000,0.0000,-0.0000,0.0000,7.0000,4263.2773,4263
2077,4044,153.0000,153.0000,0.0000,1.0000,1.0000,0.0000,7.0000,4263.2349,4263
2078,3993,248.0000,248.0000,0.0000,1.0000,1.0000,0.0000,7.0000,4263.3882,4263
2079,4091,251.0000,251.0000,0.0000,1.0000,1.0000,0.0000,7.0000,4263.2662,4263
2080,4367,12.0000,12.0000,0.0000,0.0000,-0.0000,0.0000,7.0000,4263.2990,4263
2081,4261,184.0000,184.0000,0.0000,1.0000,1.0000,0.0000,7.0000,4263.4123,4263
2082,3973,225.0000,225.0000,0.0000,1.0000,1.0000,0.0000,7.0000,4263.2382,4263
2083,4320,41.0000,41.0000,0.0000,0.0000,0.0000,0.0000,7.0000,4263.2649,4263
2084,4209,222.0000,222.0000,0.0000,1.0000,1.0000,0.0000,7.0000,4263.2865,4263
2085,3877,199.0000,199.0000,0.0000,1.0000,1.0000,0.0000,7.0000,4263.1757,4263
2086,3703,159.0000,159.0000,0.0000,1.0000,1.0000,0.0000,7.0000,4263.1328,4263
2087,3445,32.0000,32.0000,0.0000,0.0000,0.0000,0.0000,7.0000,4263.1401,4263
2088,4119,249.0000,249.0000,0.0000,1.0000,1.0000,0.0000,7.0000,4263.2860,4263
2089,3818,213.0000,213.0000,0.0000,1.0000,1.0000,0.0000,7.0000,4263.2134,4263
2090,3633,78.0000,78.0000,0.0000,1.0000,1.0000,0.0000,7.0000,4263.0819,4263
2091,4302,92.0000,93.0000,1.0000,1.0000,1.0000,0.0000,7.0000,4263.2995,4263
2092,4191,196.0000,196.0000,0.0000,1.0000,1.0000,0.0000,7.0000,4263.3234,4263
2093,4231,207.0000,207.0000,0.0000,1.0000,1.0000,0.0000,7.0000,4263.2899,4263
2094,3859,192.0000,192.0000,0.0000,1.0000,1.0000,0.0000,7.0000,4263.2857,4263
2095,4114,245.0000,245.0000,0.0000,1.0000,1.0000,0.0000,7.0000,4263.2578,4263
2096,4204,114.0000,115.0000,1.0000,1.0000,1.0000,0.0000,7.0000,4263.2774,4263
2097,4284,161.0000,161.0000,0.0000,1.0000,1.0000,0.0000,7.0000,4263.3539,4263
2098,4022,248.0000,248.0000,0.0000,1.0000,1.0000,0.0000,7.0000,4263.2120,4263
2099,4206,188.0000,188.0000,0.0000,1.0000,1.0000,0.0000,7.0000,4263.2970,4263
2100,4214,194.0000,194.0000,0.0000,1.0000,1.0000,0.0000,7.0000,4263.2870,4263
2101,3669,124.0000,124.0000,0.0000,1.0000,1.0000,0.0000,7.0000,4263.0711,4263
2102,4243,109.0000,109.0000,0.0000,1.0000,1.0000,0.0000,7.0000,4263.4925,4263
2103,4279,173.0000,173.0000,0.0000,1.0000,1.0000,0.0000,7.0000,4263.4925,4263
2104,3714,157.0000,157.0000,0.0000,1.0000,1.0000,0.0000,7.0000,4263.1307,4263
2105,4211,238.0000,238.0000,0.0000,1.0000,1.0000,0.0000,7.0000,4263.3032,4263
2106,3934,212.0000,212.0000,0.0000,1.0000,1.0000,0.0000,7.0000,4263.1936,4263
2107,4173,243.0000,243.0000,0.0000,1.0000,1.0000,0.0000,7.0000,4263.2936,4263
2108,3872,224.0000,224.0000,0.0000,1.0000,1.0000,0.0000,7.0000,4263.2967,4263
2109,4079,246.0000,246.0000,0.0000,1.0000,1.0000,0.0000,7.0000,4263.2495,4263
2110,4129,240.0000,240.0000,0.0000,1.0000,1.0000,0.0000,7.0000,4263.3824,4263
2111,4208,238.0000,238.0000,0.0000,1.0000,1.0000,0.0000,7.0000,4263.3030,4263
2112,4169,225.0000,225.0000,0.0000,1.0000,1.0000,0.0000,7.0000,4263.3071,4263
2113,3895,234.0000,234.0000,0.0000,1.0000,1.0000,0.0000,7.0000,4263.2477,4263
2114,4039,241.0000,241.0000,0.0000,1.0000,1.0000,0.0000,7.0000,4263.2377,4263
2115,4070,193.0000,193.0000,0.0000,1.0000,1.0000,0.0000,7.0000,4263.2661,4263
2116,3850,215.0000,215.0000,0.0000,1.0000,1.0000,0.0000,7.0000,4263.2070,4263
2117,3991,218.0000,218.0000,0.0000,1.0000,1.0000,0.0000,7.0000,4263.2410,4263
2118,3751,152.0000,152.0000,0.0000,1.0000,1.0000,0.0000,7.0000,4263.2340,4263
2119,3719,172.0000,172.0000,0.0000,1.0000,1.0000,0.0000,7.0000,4263.1739,4263
2120,4201,233.0000,233.0000,0.0000,1.0000,1.0000,0.0000,7.0000,4263.2899,4263
2121,4139,108.0000,108.0000,0.0000,1.0000,1.0000,0.0000,7.0000,4263.2334,4263
2122,3901,198.0000,198.0000,0.0000,1.0000,1.0000,0.0000,7.0000,4263.1788,4263
2123,4304,48.0000,48.0000,0.0000,0.0000,-0.0000,0.0000,7.0000,4263.2812,4263
2124,4374,9.0000,9.0000,0.0000,0.0000,0.0000,0.0000,7.0000,4263.2355,4263
2125,4128,249.0000,249.0000,0.0000,1.0000,1.0000,0.0000,7.0000,4263.2826,4263
2126,4237,198.0000,198.0000,0.0000,1.0000,1.0000,0.0000,7.0000,4263.2968,4263
2127,4078,251.0000,251.0000,0.0000,1.0000,1.0000,0.0000,7.0000,4263.2849,4263
2128,4259,198.0000,198.0000,0.0000,1.0000,1.0000,0.0000,7.0000,4263.3587,4263
2129,4185,243.0000,243.0000,0.0000,1.0000,1.0000,0.0000,7.0000,4263.3255,4263
2130,4317,60.0000,60.0000,0.0000,1.0000,1.0000,0.0000,7.0000,4263.2646,4263
2131,4162,218.0000,218.0000,0.0000,1.0000,1.0000,0.0000,7.0000,4263.2475,4263
2132,4166,206.0000,206.0000,0.0000,1.0000,1.0000,0.0000,7.0000,4263.3798,4263
2133,4028,251.0000,251.0000,0.0000,1.0000,1.0000,0.0000,7.0000,4263.2356,4263
2134,4254,119.0000,119.0000,0.0000,1.0000,1.0000,0.0000,7.0000,4263.3763,4263
2135,4056,252.0000,252.0000,0.0000,1.0000,1.0000,0.0000,7.0000,4263.3708,4263
2136,3955,217.0000,217.0000,0.0000,1.0000,1.0000,0.0000,7.0000,4263.2316,4263
2137,4283,112.0000,112.0000,0.0000,1.0000,1.0000,0.0000,7.0000,4263.3398,4263
2138,3960,44.0000,44.0000,0.0000,0.0000,-0.0000,0.0000,7.0000,4263.1903,4263
2139,4089,248.0000,249.0000,1.0000,1.0000,1.0000,0.0000,7.0000,4263.2516,4263
2140,4215,64.0000,64.0000,0.0000,1.0000,1.0000,0.0000,7.0000,4263.2865,4263
2141,4154,220.0000,220.0000,0.0000,1.0000,1.0000,0.0000,7.0000,4263.3026,4263
2142,3702,157.0000,157.0000,0.0000,1.0000,1.0000,0.0000,7.0000,4263.0988,4263
2143,3814,201.0000,201.0000,0.0000,1.0000,1.0000,0.0000,7.0000,4263.1245,4263
2144,3885,14.0000,14.0000,0.0000,0.0000,-0.0000,0.0000,7.0000,4263.1551,4263
2145,4225,203.0000,203.0000,0.0000,1.0000,1.0000,0.0000,7.0000,4263.2881,4263
2146,4094,244.0000,244.0000,0.0000,1.0000,1.0000,0.0000,7.0000,4263.2576,4263
2147,3966,195.0000,195.0000,0.0000,1.0000,1.0000,0.0000,7.0000,4263.2083,4263
2148,4275,177.0000,177.0000,0.0000,1.0000,1.0000,0.0000,7.0000,4263.3036,4263
2149,4038,247.0000,247.0000,0.0000,1.0000,1.0000,0.0000,7.0000,4263.2312,4263
2150,4005,176.0000,176.0000,0.0000,1.0000,1.0000,0.0000,7.0000,4263.2347,4263
2151,4221,203.0000,203.0000,0.0000,1.0000,1.0000,0.0000,7.0000,4263.2895,4263
2152,4242,191.0000,191.0000,0.0000,1.0000,1.0000,0.0000,7.0000,4263.5044,4263
2153,3846,196.0000,196.0000,0.0000,1.0000,1.0000,0.0000,7.0000,4263.1502,4263
2154,4220,50.0000,50.0000,0.0000,1.0000,1.0000,0.0000,7.0000,4263.2999,4263
2155,3803,206.0000,206.0000,0.0000,1.0000,1.0000,0.0000,7.0000,4263.1729,4263
2156,4006,175.0000,175.0000,0.0000,1.0000,1.0000,0.0000,7.0000,4263.4197,4263
2157,4135,248.0000,248.0000,0.0000,1.0000,1.0000,0.0000,7.0000,4263.3354,4263
2158,4080,251.0000,251.0000,0.0000,1.0000,1.0000,0.0000,7.0000,4263.2660,4263
2159,4115,250.0000,250.0000,0.0000,1.0000,1.0000,0.0000,7.0000,4263.2662,4263
2160,4253,84.0000,84.0000,0.0000,1.0000,1.0000,0.0000,7.0000,4263.3098,4263
2161,3440,32.0000,32.0000,0.0000,0.0000,-0.0000,0.0000,7.0000,4263.2306,4263
2162,4276,18.0000,18.0000,0.0000,0.0000,0.0000,0.0000,7.0000,4263.2464,4263
2163,3434,18.0000,18.0000,0.0000,0.0000,-0.0000,0.0000,7.0000,4263.0100,4263
2164,4175,241.0000,241.0000,0.0000,1.0000,1.0000,0.0000,7.0000,4263.2842,4263
2165,3871,222.0000,222.0000,0.0000,1.0000,1.0000,0.0000,7.0000,4263.4169,4263
2166,4212,171.0000,171.0000,0.0000,1.0000,1.0000,0.0000,7.0000,4263.2661,4263
2167,4324,32.0000,32.0000,0.0000,0.0000,0.0000,0.0000,7.0000,4263.3107,4263
2168,3992,194.0000,194.0000,0.0000,1.0000,1.0000,0.0000,7.0000,4263.2132,4263
2169,4025,251.0000,251.0000,0.0000,1.0000,1.0000,0.0000,7.0000,4263.2374,4263
2170,4328,33.0000,33.0000,0.0000,0.0000,0.0000,0.0000,7.0000,4263.2756,4263
2171,3953,174.0000,174.0000,0.0000,1.0000,1.0000,0.0000,7.0000,4263.2221,4263
2172,3833,49.0000,49.0000,0.0000,0.0000,-0.0000,0.0000,7.0000,4263.3587,4263
2173,4140,210.0000,210.0000,0.0000,1.0000,1.0000,0.0000,7.0000,4263.2605,4263
2174,4226,227.0000,227.0000,0.0000,1.0000,1.0000,0.0000,7.0000,4263.3319,4263
2175,4132,246.0000,247.0000,1.0000,1.0000,1.0000,0.0000,7.0000,4263.2552,4263
2176,4102,209.0000,209.0000,0.0000,1.0000,1.0000,0.0000,7.0000,4263.2674,4263
2177,4082,250.0000,250.0000,0.0000,1.0000,1.0000,0.0000,7.0000,4263.2557,4263
2178,4280,100.0000,100.0000,0.0000,1.0000,1.0000,0.0000,7.0000,4263.2773,4263
2179,4291,89.0000,89.0000,0.0000,1.0000,1.0000,0.0000,7.0000,4263.5109,4263
2180,3990,211.0000,211.0000,0.0000,1.0000,1.0000,0.0000,7.0000,4263.1976,4263
2181,4071,206.0000,206.0000,0.0000,1.0000,1.0000,0.0000,7.0000,4263.2661,4263
2182,3961,242.0000,242.0000,0.0000,1.0000,1.0000,0.0000,7.0000,4263.2041,4263
2183,3909,161.0000,161.0000,0.0000,1.0000,1.0000,0.0000,7.0000,4263.2676,4263
2184,3748,189.0000,189.0000,0.0000,1.0000,1.0000,0.0000,7.0000,4263.1571,4263
2185,4151,245.0000,245.0000,0.0000,1.0000,1.0000,0.0000,7.0000,4263.2860,4263
2186,4210,185.0000,186.0000,1.0000,1.0000,1.0000,0.0000,7.0000,4263.2841,4263
2187,4171,204.0000,204.0000,0.0000,1.0000,1.0000,0.0000,7.0000,4263.2575,4263
2188,3917,234.0000,234.0000,0.0000,1.0000,1.0000,0.0000,7.0000,4263.2391,4263
2189,3982,247.0000,247.0000,0.0000,1.0000,1.0000,0.0000,7.0000,4263.2014,4263
2190,3709,152.0000,152.0000,0.0000,1.0000,1.0000,0.0000,7.0000,4263.2118,4263
2191,4305,100.0000,100.0000,0.0000,1.0000,1.0000,0.0000,7.0000,4263.3633,4263
2192,4021,245.0000,245.0000,0.0000,1.0000,1.0000,0.0000,7.0000,4263.2035,4263
2193,4265,36.0000,36.0000,0.0000,0.0000,-0.0000,0.0000,7.0000,4263.2649,4263
2194,4180,62.0000,62.0000,0.0000,1.0000,1.0000,0.0000,7.0000,4263.3402,4263
2195,4012,241.0000,241.0000,0.0000,1.0000,1.0000,0.0000,7.0000,4263.2201,4263
2196,4281,47.0000,47.0000,0.0000,0.0000,-0.0000,0.0000,7.0000,4263.3851,4263
2197,4300,116.0000,116.0000,0.0000,1.0000,1.0000,0.0000,7.0000,4263.3185,4263
2198,4064,250.0000,250.0000,0.0000,1.0000,1.0000,0.0000,7.0000,4263.2433,4263
2199,4377,3.0000,3.0000,0.0000,0.0000,0.0000,0.0000,0.0000,-0.0254,-1
2200,4087,250.0000,250.0000,0.0000,1.0000,1.0000,0.0000,7.0000,4263.2734,4263
2201,3913,230.0000,230.0000,0.0000,1.0000,1.0000,0.0000,7.0000,4263.1782,4263
2202,3793,12.0000,12.0000,0.0000,0.0000,-0.0000,0.0000,7.0000,4263.0309,4263
2203,4030,188.0000,188.0000,0.0000,1.0000,1.0000,0.0000,7.0000,4263.2306,4263
2204,4122,235.0000,235.0000,0.0000,1.0000,1.0000,0.0000,7.0000,4263.2569,4263
2205,3642,102.0000,102.0000,0.0000,1.0000,1.0000,0.0000,7.0000,4263.1875,4263
2206,4200,223.0000,223.0000,0.0000,1.0000,1.0000,0.0000,7.0000,4263.2857,4263
2207,3816,213.0000,213.0000,0.0000,1.0000,1.0000,0.0000,7.0000,4263.1763,4263
2208,4257,50.0000,50.0000,0.0000,1.0000,1.0000,0.0000,7.0000,4263.3004,4263
2209,4049,220.0000,220.0000,0.0000,1.0000,1.0000,0.0000,7.0000,4263.2640,4263
2210,4202,148.0000,148.0000,0.0000,1.0000,1.0000,0.0000,7.0000,4263.3251,4263
2211,4287,20.0000,20.0000,0.0000,0.0000,-0.0000,0.0000,7.0000,4263.2750,4263
2212,3951,112.0000,112.0000,0.0000,1.0000,1.0000,0.0000,7.0000,4263.2123,4263
2213,4229,210.0000,210.0000,0.0000,1.0000,1.0000,0.0000,7.0000,4263.3997,4263
2214,4269,97.0000,97.0000,0.0000,1.0000,1.0000,0.0000,7.0000,4263.2852,4263
2215,3865,204.0000,204.0000,0.0000,1.0000,1.0000,0.0000,7.0000,4263.1695,4263
2216,3915,137.0000,137.0000,0.0000,1.0000,1.0000,0.0000,7.0000,4263.1861,4263
2217,4240,201.0000,201.0000,0.0000,1.0000,1.0000,0.0000,7.0000,4263.3556,4263
2218,3962,195.0000,195.0000,0.0000,1.0000,1.0000,0.0000,7.0000,4263.2126,4263
2219,4042,222.0000,222.0000,0.0000,1.0000,1.0000,0.0000,7.0000,4263.2841,4263
2220,4106,250.0000,250.0000,0.0000,1.0000,1.0000,0.0000,7.0000,4263.2570,4263
2221,3765,158.0000,159.0000,1.0000,1.0000,1.0000,0.0000,7.0000,4263.1228,4263
2222,4142,245.0000,245.0000,0.0000,1.0000,1.0000,0.0000,7.0000,4263.2636,4263
2223,4046,243.0000,243.0000,0.0000,1.0000,1.0000,0.0000,7.0000,4263.3716,4263
2224,4041,223.0000,223.0000,0.0000,1.0000,1.0000,0.0000,7.0000,4263.2307,4263
2225,3705,109.0000,110.0000,1.0000,1.0000,1.0000,0.0000,7.0000,4263.4172,4263
2226,4121,252.0000,252.0000,0.0000,1.0000,1.0000,0.0000,7.0000,4263.3330,4263
2227,4073,251.0000,251.0000,0.0000,1.0000,1.0000,0.0000,7.0000,4263.3127,4263
2228,3463,43.0000,43.0000,0.0000,0.0000,-0.0000,0.0000,7.0000,4263.2017,4263
2229,3715,99.0000,99.0000,0.0000,1.0000,1.0000,0.0000,7.0000,4263.1200,4263
2230,4145,246.0000,246.0000,0.0000,1.0000,1.0000,0.0000,7.0000,4263.4244,4263
2231,3576,68.0000,68.0000,0.0000,1.0000,1.0000,0.0000,7.0000,4263.2129,4263
2232,4045,249.0000,249.0000,0.0000,1.0000,1.0000,0.0000,7.0000,4263.2436,4263
2233,1041,38.0000,38.0000,0.0000,0.0000,0.0000,0.0000,8.0000,1996.4587,1997
2234,1715,208.0000,208.0000,0.0000,1.0000,1.0000,0.0000,8.0000,1996.5977,1997
2235,1608,212.0000,212.0000,0.0000,1.0000,1.0000,0.0000,8.0000,1996.5596,1997
2236,1320,155.0000,155.0000,0.0000,1.0000,1.0000,0.0000,8.0000,1996.5190,1997
2237,1501,162.0000,162.0000,0.0000,1.0000,1.0000,0.0000,8.0000,1996.6284,1997
2238,1703,200.0000,200.0000,0.0000,1.0000,1.0000,0.0000,8.0000,1996.8168,1997
2239,1481,215.0000,215.0000,0.0000,1.0000,1.0000,0.0000,8.0000,1996.4952,1997
2240,1696,189.0000,189.0000,0.0000,1.0000,1.0000,0.0000,8.0000,1996.8171,1997
2241,1521,210.0000,211.0000,1.0000,1.0000,1.0000,0.0000,8.0000,1996.5616,1997
2242,1773,205.0000,205.0000,0.0000,1.0000,1.0000,0.0000,8.0000,1996.6143,1997
2243,1068,49.0000,49.0000,0.0000,0.0000,-0.0000,0.0000,8.0000,1996.4603,1997
2244,1594,178.0000,179.0000,1.0000,1.0000,1.0000,0.0000,8.0000,1996.5589,1997
2245,1558,214.0000,214.0000,0.0000,1.0000,1.0000,0.0000,8.0000,1996.5649,1997
2246,1698,177.0000,177.0000,0.0000,1.0000,1.0000,0.0000,8.0000,1996.6691,1997
2247,1970,112.0000,112.0000,0.0000,1.0000,1.0000,0.0000,8.0000,1996.6705,1997
2248,1993,60.0000,60.0000,0.0000,1.0000,1.0000,0.0000,8.0000,1996.6746,1997
2249,1026,34.0000,34.0000,0.0000,0.0000,0.0000,0.0000,8.0000,1996.6223,1997
2250,1281,46.0000,46.0000,0.0000,0.0000,0.0000,0.0000,8.0000,1996.7171,1997
2251,1123,105.0000,106.0000,1.0000,1.0000,1.0000,0.0000,8.0000,1996.3532,1997
2252,1777,204.0000,204.0000,0.0000,1.0000,1.0000,0.0000,8.0000,1996.6254,1997
2253,1598,214.0000,214.0000,0.0000,1.0000,1.0000,0.0000,8.0000,1996.5218,1997
2254,1801,197.0000,197.0000,0.0000,1.0000,1.0000,0.0000,8.0000,1996.5977,1997
2255,1959,146.0000,146.0000,0.0000,1.0000,1.0000,0.0000,8.0000,1996.6242,1997
2256,1680,207.0000,207.0000,0.0000,1.0000,1.0000,0.0000,8.0000,1996.7127,1997
2257,1503,210.0000,210.0000,0.0000,1.0000,1.0000,0.0000,8.0000,1996.5278,1997
2258,1346,194.0000,194.0000,0.0000,1.0000,1.0000,0.0000,8.0000,1996.4702,1997
2259,2017,56.0000,56.0000,0.0000,1.0000,1.0000,0.0000,8.0000,1996.6588,1997
2260,1676,215.0000,215.0000,0.0000,1.0000,1.0000,0.0000,8.0000,1996.6048,1997
2261,1024,33.0000,33.0000,0.0000,0.0000,-0.0000,0.0000,8.0000,1996.3624,1997
2262,2021,53.0000,53.0000,0.0000,1.0000,1.0000,0.0000,8.0000,1996.6767,1997
2263,1319,133.0000,134.0000,1.0000,1.0000,1.0000,0.0000,8.0000,1996.4275,1997
2264,1548,212.0000,212.0000,0.0000,1.0000,1.0000,0.0000,8.0000,1996.5367,1997
2265,1838,194.0000,194.0000,0.0000,1.0000,1.0000,0.0000,8.0000,1996.8036,1997
2266,1507,193.0000,193.0000,0.0000,1.0000,1.0000,0.0000,8.0000,1996.5373,1997
2267,1951,89.0000,89.0000,0.0000,1.0000,1.0000,0.0000,8.0000,1996.6557,1997
2268,1920,135.0000,135.0000,0.0000,1.0000,1.0000,0.0000,8.0000,1996.6525,1997
2269,1482,181.0000,181.0000,0.0000,1.0000,1.0000,0.0000,8.0000,1996.5050,1997
2270,1853,185.0000,185.0000,0.0000,1.0000,1.0000,0.0000,8.0000,1996.6276,1997
2271,1556,207.0000,207.0000,0.0000,1.0000,1.0000,0.0000,8.0000,1996.5487,1997
2272,1638,211.0000,211.0000,0.0000,1.0000,1.0000,0.0000,8.0000,1996.6442,1997
2273,1357,184.0000,184.0000,0.0000,1.0000,1.0000,0.0000,8.0000,1996.4888,1997
2274,2008,51.0000,51.0000,0.0000,1.0000,1.0000,0.0000,8.0000,1996.6596,1997
2275,1479,177.0000,177.0000,0.0000,1.0000,1.0000,0.0000,8.0000,1996.5558,1997
2276,2036,52.0000,52.0000,0.0000,1.0000,1.0000,0.0000,8.0000,1996.6905,1997
2277,1905,121.0000,121.0000,0.0000,1.0000,1.0000,0.0000,8.0000,1996.7069,1997
2278,1439,92.0000,92.0000,0.0000,1.0000,1.0000,0.0000,8.0000,1996.4508,1997
2279,1470,28.0000,29.0000,1.0000,0.0000,0.0000,0.0000,8.0000,1996.6367,1997
2280,1027,8.0000,8.0000,0.0000,0.0000,-0.0000,0.0000,0.0000,0.1964,-1
2281,1842,198.0000,198.0000,0.0000,1.0000,1.0000,0.0000,8.0000,1996.6439,1997
2282,1973,53.0000,53.0000,0.0000,1.0000,1.0000,0.0000,8.0000,1996.6699,1997
2283,2087,33.0000,33.0000,0.0000,0.0000,-0.0000,0.0000,8.0000,1996.6409,1997
2284,1496,211.0000,211.0000,0.0000,1.0000,1.0000,0.0000,8.0000,1996.5324,1997
2285,1218,86.0000,86.0000,0.0000,1.0000,1.0000,0.0000,8.0000,1996.5769,1997
2286,1080,7.0000,7.0000,0.0000,0.0000,-0.0000,0.0000,0.0000,-0.0388,-1
2287,1539,215.0000,215.0000,0.0000,1.0000,1.0000,0.0000,8.0000,1996.5228,1997
2288,1406,204.0000,204.0000,0.0000,1.0000,1.0000,0.0000,8.0000,1996.6027,1997
2289,1188,72.0000,72.0000,0.0000,1.0000,1.0000,0.0000,8.0000,1996.4057,1997
2290,1635,180.0000,180.0000,0.0000,1.0000,1.0000,0.0000,8.0000,1996.6589,1997
2291,1709,204.0000,204.0000,0.0000,1.0000,1.0000,0.0000,8.0000,1996.6113,1997
2292,1386,63.0000,63.0000,0.0000,1.0000,1.0000,0.0000,8.0000,1996.4479,1997
2293,1716,213.0000,213.0000,0.0000,1.0000,1.0000,0.0000,8.0000,1996.6083,1997
2294,1545,209.0000,210.0000,1.0000,1.0000,1.0000,0.0000,8.0000,1996.5291,1997
2295,1278,154.0000,154.0000,0.0000,1.0000,1.0000,0.0000,8.0000,1996.5106,1997
2296,1807,33.0000,33.0000,0.0000,0.0000,0.0000,0.0000,8.0000,1996.7239,1997
2297,1788,117.0000,117.0000,0.0000,1.0000,1.0000,0.0000,8.0000,1996.6826,1997
2298,1752,194.0000,194.0000,0.0000,1.0000,1.0000,0.0000,8.0000,1996.6412,1997
2299,2002,91.0000,91.0000,0.0000,1.0000,1.0000,0.0000,8.0000,1996.6739,1997
2300,1012,26.0000,26.0000,0.0000,0.0000,0.0000,0.0000,8.0000,1996.4593,1997
2301,1894,177.0000,177.0000,0.0000,1.0000,1.0000,0.0000,8.0000,1996.7088,1997
2302,1564,214.0000,214.0000,0.0000,1.0000,1.0000,0.0000,8.0000,1996.6002,1997
2303,1506,156.0000,156.0000,0.0000,1.0000,1.0000,0.0000,8.0000,1996.5188,1997
2304,2047,26.0000,26.0000,0.0000,0.0000,-0.0000,0.0000,8.0000,1996.6472,1997
2305,1759,203.0000,203.0000,0.0000,1.0000,1.0000,0.0000,8.0000,1996.6257,1997
2306,1747,68.0000,68.0000,0.0000,1.0000,1.0000,0.0000,8.0000,1996.6387,1997
2307,1891,193.0000,193.0000,0.0000,1.0000,1.0000,0.0000,8.0000,1996.6510,1997
2308,1803,194.0000,194.0000,0.0000,1.0000,1.0000,0.0000,8.0000,1996.5910,1997
2309,1655,213.0000,213.0000,0.0000,1.0000,1.0000,0.0000,8.0000,1996.6588,1997
2310,1287,156.0000,156.0000,0.0000,1.0000,1.0000,0.0000,8.0000,1996.5232,1997
2311,1981,70.0000,70.0000,0.0000,1.0000,1.0000,0.0000,8.0000,1996.6706,1997
2312,1159,55.0000,55.0000,0.0000,1.0000,1.0000,0.0000,8.0000,1996.4357,1997
2313,1593,215.0000,215.0000,0.0000,1.0000,1.0000,0.0000,8.0000,1996.5316,1997
2314,1611,213.0000,213.0000,0.0000,1.0000,1.0000,0.0000,8.0000,1996.5824,1997
2315,1675,213.0000,213.0000,0.0000,1.0000,1.0000,0.0000,8.0000,1996.7434,1997
2316,1452,176.0000,176.0000,0.0000,1.0000,1.0000,0.0000,8.0000,1996.5472,1997
2317,1683,179.0000,179.0000,0.0000,1.0000,1.0000,0.0000,8.0000,1996.7531,1997
2318,1602,176.0000,176.0000,0.0000,1.0000,1.0000,0.0000,8.0000,1996.5425,1997
2319,1038,41.0000,41.0000,0.0000,0.0000,-0.0000,0.0000,8.0000,1996.3453,1997
2320,1967,88.0000,88.0000,0.0000,1.0000,1.0000,0.0000,8.0000,1996.6608,1997
2321,2112,27.0000,27.0000,0.0000,0.0000,-0.0000,0.0000,8.0000,1996.6496,1997
2322,1595,213.0000,214.0000,1.0000,1.0000,1.0000,0.0000,8.0000,1996.5382,1997
2323,2040,46.0000,46.0000,0.0000,0.0000,-0.0000,0.0000,8.0000,1996.6440,1997
2324,1744,204.0000,204.0000,0.0000,1.0000,1.0000,0.0000,8.0000,1996.6215,1997
2325,1721,45.0000,45.0000,0.0000,0.0000,-0.0000,0.0000,8.0000,1996.6077,1997
2326,1870,62.0000,62.0000,0.0000,1.0000,1.0000,0.0000,8.0000,1996.6161,1997
2327,1333,162.0000,162.0000,0.0000,1.0000,1.0000,0.0000,8.0000,1996.4182,1997
2328,1583,192.0000,192.0000,0.0000,1.0000,1.0000,0.0000,8.0000,1996.5476,1997
2329,1932,130.0000,130.0000,0.0000,1.0000,1.0000,0.0000,8.0000,1996.8554,1997
2330,1862,198.0000,198.0000,0.0000,1.0000,1.0000,0.0000,8.0000,1996.6568,1997
2331,1910,171.0000,171.0000,0.0000,1.0000,1.0000,0.0000,8.0000,1996.7533,1997
2332,967,5.0000,5.0000,0.0000,0.0000,0.0000,0.0000,0.0000,-0.0263,-1
2333,1919,32.0000,32.0000,0.0000,0.0000,0.0000,0.0000,8.0000,1996.6156,1997
2334,1040,41.0000,41.0000,0.0000,0.0000,-0.0000,0.0000,8.0000,1996.3337,1997
2335,1902,79.0000,79.0000,0.0000,1.0000,1.0000,0.0000,8.0000,1996.6461,1997
2336,1874,195.0000,195.0000,0.0000,1.0000,1.0000,0.0000,8.0000,1996.6714,1997
2337,1380,175.0000,175.0000,0.0000,1.0000,1.0000,0.0000,8.0000,1996.4644,1997
2338,1213,135.0000,135.0000,0.0000,1.0000,1.0000,0.0000,8.0000,1996.4224,1997
2339,1964,79.0000,79.0000,0.0000,1.0000,1.0000,0.0000,8.0000,1996.7933,1997
2340,1530,215.0000,215.0000,0.0000,1.0000,1.0000,0.0000,8.0000,1996.5299,1997
2341,1542,215.0000,215.0000,0.0000,1.0000,1.0000,0.0000,8.0000,1996.5916,1997
2342,2132,18.0000,18.0000,0.0000,0.0000,0.0000,0.0000,8.0000,1996.7303,1997
2343,1462,152.0000,152.0000,0.0000,1.0000,1.0000,0.0000,8.0000,1996.4301,1997
2344,1701,207.0000,207.0000,0.0000,1.0000,1.0000,0.0000,8.0000,1996.6058,1997
2345,1949,132.0000,132.0000,0.0000,1.0000,1.0000,0.0000,8.0000,1996.8686,1997
2346,1299,156.0000,157.0000,1.0000,1.0000,1.0000,0.0000,8.0000,1996.4202,1997
2347,1673,176.0000,177.0000,1.0000,1.0000,1.0000,0.0000,8.0000,1996.7243,1997
2348,1895,94.0000,94.0000,0.0000,1.0000,1.0000,0.0000,8.0000,1996.6352,1997
2349,1518,206.0000,206.0000,0.0000,1.0000,1.0000,0.0000,8.0000,1996.5353,1997
2350,1411,149.0000,149.0000,0.0000,1.0000,1.0000,0.0000,8.0000,1996.6559,1997
2351,1969,55.0000,55.0000,0.0000,1.0000,1.0000,0.0000,8.0000,1996.6600,1997
2352,1447,182.0000,182.0000,0.0000,1.0000,1.0000,0.0000,8.0000,1996.4480,1997
2353,1642,214.0000,214.0000,0.0000,1.0000,1.0000,0.0000,8.0000,1996.5488,1997
2354,1883,126.0000,126.0000,0.0000,1.0000,1.0000,0.0000,8.0000,1996.6549,1997
2355,1725,204.0000,204.0000,0.0000,1.0000,1.0000,0.0000,8.0000,1996.6244,1997
2356,1220,170.0000,170.0000,0.0000,1.0000,1.0000,0.0000,8.0000,1996.4336,1997
2357,1568,211.0000,211.0000,0.0000,1.0000,1.0000,0.0000,8.0000,1996.7053,1997
2358,1205,134.0000,134.0000,0.0000,1.0000,1.0000,0.0000,8.0000,1996.4126,1997
2359,2059,37.0000,37.0000,0.0000,0.0000,0.0000,0.0000,8.0000,1996.6555,1997
2360,1900,172.0000,172.0000,0.0000,1.0000,1.0000,0.0000,8.0000,1996.6411,1997
2361,1719,191.0000,191.0000,0.0000,1.0000,1.0000,0.0000,8.0000,1996.6158,1997
2362,1370,39.0000,39.0000,0.0000,0.0000,0.0000,0.0000,8.0000,1996.5191,1997
2363,1692,194.0000,194.0000,0.0000,1.0000,1.0000,0.0000,8.0000,1996.6243,1997
2364,1769,209.0000,209.0000,0.0000,1.0000,1.0000,0.0000,8.0000,1996.6300,1997
2365,1553,207.0000,207.0000,0.0000,1.0000,1.0000,0.0000,8.0000,1996.5341,1997
2366,1933,173.0000,174.0000,1.0000,1.0000,1.0000,0.0000,8.0000,1996.6893,1997
2367,1228,168.0000,168.0000,0.0000,1.0000,1.0000,0.0000,8.0000,1996.6785,1997
2368,1646,178.0000,178.0000,0.0000,1.0000,1.0000,0.0000,8.0000,1996.5885,1997
2369,1652,214.0000,214.0000,0.0000,1.0000,1.0000,0.0000,8.0000,1996.5854,1997
2370,2249,13.0000,13.0000,0.0000,0.0000,-0.0000,0.0000,0.0000,-0.0401,-1
2371,1656,213.0000,213.0000,0.0000,1.0000,1.0000,0.0000,8.0000,1996.6201,1997
2372,1619,213.0000,213.0000,0.0000,1.0000,1.0000,0.0000,8.0000,1996.6415,1997
2373,1984,112.0000,112.0000,0.0000,1.0000,1.0000,0.0000,8.0000,1996.7897,1997
2374,2030,16.0000,16.0000,0.0000,0.0000,-0.0000,0.0000,8.0000,1996.6526,1997
2375,1806,180.0000,180.0000,0.0000,1.0000,1.0000,0.0000,8.0000,1996.5969,1997
2376,1265,12.0000,12.0000,0.0000,0.0000,0.0000,0.0000,0.0000,0.0728,-1
2377,1081,56.0000,56.0000,0.0000,1.0000,1.0000,0.0000,8.0000,1996.2316,1997
2378,1154,155.0000,155.0000,0.0000,1.0000,1.0000,0.0000,8.0000,1996.3896,1997
2379,2006,38.0000,38.0000,0.0000,0.0000,-0.0000,0.0000,8.0000,1996.6640,1997
2380,1113,54.0000,54.0000,0.0000,1.0000,1.0000,0.0000,8.0000,1996.4831,1997
2381,1653,200.0000,200.0000,0.0000,1.0000,1.0000,0.0000,8.0000,1996.6327,1997
2382,1694,215.0000,215.0000,0.0000,1.0000,1.0000,0.0000,8.0000,1996.6745,1997
2383,1398,199.0000,199.0000,0.0000,1.0000,1.0000,0.0000,8.0000,1996.4701,1997
2384,1934,142.0000,142.0000,0.0000,1.0000,1.0000,0.0000,8.0000,1996.6857,1997
2385,1359,147.0000,147.0000,0.0000,1.0000,1.0000,0.0000,8.0000,1996.4629,1997
2386,1540,178.0000,178.0000,0.0000,1.0000,1.0000,0.0000,8.0000,1996.5246,1997
2387,1282,61.0000,61.0000,0.0000,1.0000,1.0000,0.0000,8.0000,1996.4390,1997
2388,1209,14.0000,14.0000,0.0000,0.0000,0.0000,0.0000,8.0000,1996.4815,1997
2389,1972,71.0000,71.0000,0.0000,1.0000,1.0000,0.0000,8.0000,1996.6690,1997
2390,1560,193.0000,193.0000,0.0000,1.0000,1.0000,0.0000,8.0000,1996.5451,1997
2391,1700,197.0000,197.0000,0.0000,1.0000,1.0000,0.0000,8.0000,1996.7545,1997
2392,2027,72.0000,72.0000,0.0000,1.0000,1.0000,0.0000,8.0000,1996.6921,1997
2393,1368,191.0000,191.0000,0.0000,1.0000,1.0000,0.0000,8.0000,1996.4552,1997
2394,1565,175.0000,175.0000,0.0000,1.0000,1.0000,0.0000,8.0000,1996.6161,1997
2395,1991,101.0000,101.0000,0.0000,1.0000,1.0000,0.0000,8.0000,1996.7299,1997
2396,1450,168.0000,168.0000,0.0000,1.0000,1.0000,0.0000,8.0000,1996.4279,1997
2397,1546,211.0000,211.0000,0.0000,1.0000,1.0000,0.0000,8.0000,1996.5197,1997
2398,1671,20.0000,20.0000,0.0000,0.0000,0.0000,0.0000,8.0000,1996.5332,1997
2399,1718,206.0000,206.0000,0.0000,1.0000,1.0000,0.0000,8.0000,1996.7173,1997
2400,1749,209.0000,209.0000,0.0000,1.0000,1.0000,0.0000,8.0000,1996.6252,1997
2401,2063,43.0000,43.0000,0.0000,0.0000,-0.0000,0.0000,8.0000,1996.6658,1997
2402,2043,21.0000,21.0000,0.0000,0.0000,0.0000,0.0000,8.0000,1996.6011,1997
2403,1665,215.0000,215.0000,0.0000,1.0000,1.0000,0.0000,8.0000,1996.6219,1997
2404,1909,81.0000,81.0000,0.0000,1.0000,1.0000,0.0000,8.0000,1996.6532,1997
2405,1760,207.0000,207.0000,0.0000,1.0000,1.0000,0.0000,8.0000,1996.6359,1997
2406,1390,165.0000,165.0000,0.0000,1.0000,1.0000,0.0000,8.0000,1996.4443,1997
2407,1624,213.0000,213.0000,0.0000,1.0000,1.0000,0.0000,8.0000,1996.5449,1997
2408,1133,28.0000,28.0000,0.0000,0.0000,-0.0000,0.0000,8.0000,1996.6086,1997
2409,2046,45.0000,45.0000,0.0000,0.0000,-0.0000,0.0000,8.0000,1996.6854,1997
2410,2056,38.0000,38.0000,0.0000,0.0000,-0.0000,0.0000,8.0000,1996.6694,1997
2411,1401,151.0000,151.0000,0.0000,1.0000,1.0000,0.0000,8.0000,1996.4538,1997
2412,2003,65.0000,65.0000,0.0000,1.0000,1.0000,0.0000,8.0000,1996.6545,1997
2413,1856,194.0000,194.0000,0.0000,1.0000,1.0000,0.0000,8.0000,1996.6289,1997
2414,1561,196.0000,197.0000,1.0000,1.0000,1.0000,0.0000,8.0000,1996.5491,1997
2415,1828,184.0000,185.0000,1.0000,1.0000,1.0000,0.0000,8.0000,1996.6414,1997
2416,1028,33.0000,33.0000,0.0000,0.0000,0.0000,0.0000,8.0000,1996.3437,1997
2417,1584,211.0000,211.0000,0.0000,1.0000,1.0000,0.0000,8.0000,1996.7674,1997
2418,1119,103.0000,103.0000,0.0000,1.0000,1.0000,0.0000,8.0000,1996.3458,1997
2419,1929,22.0000,22.0000,0.0000,0.0000,-0.0000,0.0000,8.0000,1996.6785,1997
2420,1131,21.0000,21.0000,0.0000,0.0000,-0.0000,0.0000,8.0000,1996.3864,1997
2421,1630,213.0000,213.0000,0.0000,1.0000,1.0000,0.0000,8.0000,1996.7016,1997
2422,1155,142.0000,142.0000,0.0000,1.0000,1.0000,0.0000,8.0000,1996.4021,1997
2423,1344,83.0000,83.0000,0.0000,1.0000,1.0000,0.0000,8.0000,1996.4659,1997
2424,1992,67.0000,67.0000,0.0000,1.0000,1.0000,0.0000,8.0000,1996.6880,1997
2425,1643,213.0000,213.0000,0.0000,1.0000,1.0000,0.0000,8.0000,1996.7616,1997
2426,1764,202.0000,202.0000,0.0000,1.0000,1.0000,0.0000,8.0000,1996.6752,1997
2427,1974,92.0000,92.0000,0.0000,1.0000,1.0000,0.0000,8.0000,1996.6719,1997
2428,1135,137.0000,137.0000,0.0000,1.0000,1.0000,0.0000,8.0000,1996.3414,1997
2429,1311,162.0000,162.0000,0.0000,1.0000,1.0000,0.0000,8.0000,1996.4773,1997
2430,1460,205.0000,205.0000,0.0000,1.0000,1.0000,0.0000,8.0000,1996.4909,1997
2431,1570,213.0000,213.0000,0.0000,1.0000,1.0000,0.0000,8.0000,1996.5365,1997
2432,1688,210.0000,210.0000,0.0000,1.0000,1.0000,0.0000,8.0000,1996.6207,1997
2433,1198,51.0000,51.0000,0.0000,1.0000,1.0000,0.0000,8.0000,1996.3502,1997
2434,1424,14.0000,14.0000,0.0000,0.0000,-0.0000,0.0000,8.0000,1996.3618,1997
2435,1484,181.0000,181.0000,0.0000,1.0000,1.0000,0.0000,8.0000,1996.5920,1997
2436,1846,36.0000,36.0000,0.0000,0.0000,0.0000,0.0000,8.0000,1996.8436,1997
2437,1641,213.0000,213.0000,0.0000,1.0000,1.0000,0.0000,8.0000,1996.7267,1997
2438,1524,211.0000,211.0000,0.0000,1.0000,1.0000,0.0000,8.0000,1996.5818,1997
2439,1418,175.0000,175.0000,0.0000,1.0000,1.0000,0.0000,8.0000,1996.5688,1997
2440,1169,57.0000,57.0000,0.0000,1.0000,1.0000,0.0000,8.0000,1996.4313,1997
2441,1286,152.0000,152.0000,0.0000,1.0000,1.0000,0.0000,8.0000,1996.4680,1997
2442,1510,175.0000,175.0000,0.0000,1.0000,1.0000,0.0000,8.0000,1996.5135,1997
2443,1446,208.0000,208.0000,0.0000,1.0000,1.0000,0.0000,8.0000,1996.4483,1997
2444,1674,31.0000,33.0000,2.0000,0.0000,-0.0000,0.0000,8.0000,1996.5528,1997
2445,1636,213.0000,213.0000,0.0000,1.0000,1.0000,0.0000,8.0000,1996.6778,1997
2446,1307,170.0000,170.0000,0.0000,1.0000,1.0000,0.0000,8.0000,1996.4483,1997
2447,1861,19.0000,19.0000,0.0000,0.0000,0.0000,0.0000,1.0000,2424.2868,2424
2448,1301,144.0000,144.0000,0.0000,1.0000,1.0000,0.0000,8.0000,1996.4836,1997
2449,1903,155.0000,155.0000,0.0000,1.0000,1.0000,0.0000,8.0000,1996.6410,1997
2450,1415,204.0000,204.0000,0.0000,1.0000,1.0000,0.0000,8.0000,1996.4730,1997
2451,1654,213.0000,213.0000,0.0000,1.0000,1.0000,0.0000,8.0000,1996.6242,1997
2452,1525,211.0000,211.0000,0.0000,1.0000,1.0000,0.0000,8.0000,1996.5201,1997
2453,1779,70.0000,71.0000,1.0000,1.0000,1.0000,0.0000,8.0000,1996.7027,1997
2454,1689,215.0000,215.0000,0.0000,1.0000,1.0000,0.0000,8.0000,1996.6322,1997
2455,1961,65.0000,65.0000,0.0000,1.0000,1.0000,0.0000,8.0000,1996.6474,1997
2456,1567,149.0000,149.0000,0.0000,1.0000,1.0000,0.0000,8.0000,1996.5725,1997
2457,1612,214.0000,214.0000,0.0000,1.0000,1.0000,0.0000,8.0000,1996.7439,1997
2458,1260,107.0000,108.0000,1.0000,1.0000,1.0000,0.0000,8.0000,1996.4293,1997
2459,972,6.0000,6.0000,0.0000,0.0000,0.0000,0.0000,0.0000,-0.0428,-1
2460,1835,194.0000,194.0000,0.0000,1.0000,1.0000,0.0000,8.0000,1996.6397,1997
2461,1186,122.0000,122.0000,0.0000,1.0000,1.0000,0.0000,8.0000,1996.4339,1997
2462,1504,203.0000,203.0000,0.0000,1.0000,1.0000,0.0000,8.0000,1996.5370,1997
2463,1271,85.0000,85.0000,0.0000,1.0000,1.0000,0.0000,8.0000,1996.5274,1997
2464,1466,165.0000,165.0000,0.0000,1.0000,1.0000,0.0000,8.0000,1996.5062,1997
2465,1661,214.0000,214.0000,0.0000,1.0000,1.0000,0.0000,8.0000,1996.6113,1997
2466,1896,183.0000,183.0000,0.0000,1.0000,1.0000,0.0000,8.0000,1996.6910,1997
2467,1042,16.0000,17.0000,1.0000,0.0000,-0.0000,0.0000,8.0000,1996.5586,1997
2468,1622,212.0000,212.0000,0.0000,1.0000,1.0000,0.0000,8.0000,1996.5411,1997
2469,1547,170.0000,170.0000,0.0000,1.0000,1.0000,0.0000,8.0000,1996.5344,1997
2470,1994,10.0000,10.0000,0.0000,0.0000,0.0000,0.0000,0.0000,-0.0404,-1
2471,1486,204.0000,204.0000,0.0000,1.0000,1.0000,0.0000,8.0000,1996.5019,1997
2472,1384,201.0000,201.0000,0.0000,1.0000,1.0000,0.0000,8.0000,1996.4641,1997
2473,1115,18.0000,18.0000,0.0000,0.0000,0.0000,0.0000,8.0000,1996.3886,1997
2474,1351,164.0000,164.0000,0.0000,1.0000,1.0000,0.0000,8.0000,1996.5257,1997
2475,2347,15.0000,15.0000,0.0000,0.0000,-0.0000,0.0000,13.0000,3276.1498,3277
2476,1783,207.0000,207.0000,0.0000,1.0000,1.0000,0.0000,8.0000,1996.6298,1997
2477,1408,164.0000,164.0000,0.0000,1.0000,1.0000,0.0000,8.0000,1996.4523,1997
2478,1834,80.0000,80.0000,0.0000,1.0000,1.0000,0.0000,8.0000,1996.5757,1997
2479,1512,157.0000,157.0000,0.0000,1.0000,1.0000,0.0000,8.0000,1996.6603,1997
2480,1268,82.0000,82.0000,0.0000,1.0000,1.0000,0.0000,8.0000,1996.4059,1997
2481,1723,215.0000,215.0000,0.0000,1.0000,1.0000,0.0000,8.0000,1996.6578,1997
2482,1433,163.0000,163.0000,0.0000,1.0000,1.0000,0.0000,8.0000,1996.5394,1997
2483,2001,52.0000,52.0000,0.0000,1.0000,1.0000,0.0000,8.0000,1996.7321,1997
2484,1066,43.0000,43.0000,0.0000,0.0000,-0.0000,0.0000,8.0000,1996.5500,1997
2485,1563,214.0000,214.0000,0.0000,1.0000,1.0000,0.0000,8.0000,1996.5372,1997
2486,1884,146.0000,146.0000,0.0000,1.0000,1.0000,0.0000,8.0000,1996.6615,1997
2487,1578,213.0000,213.0000,0.0000,1.0000,1.0000,0.0000,8.0000,1996.5413,1997
2488,1093,70.0000,70.0000,0.0000,1.0000,1.0000,0.0000,8.0000,1996.2832,1997
2489,2050,56.0000,56.0000,0.0000,1.0000,1.0000,0.0000,8.0000,1996.6725,1997
2490,1090,83.0000,84.0000,1.0000,1.0000,1.0000,0.0000,8.0000,1996.5672,1997
2491,1805,177.0000,177.0000,0.0000,1.0000,1.0000,0.0000,8.0000,1996.5957,1997
2492,1975,85.0000,85.0000,0.0000,1.0000,1.0000,0.0000,8.0000,1996.7756,1997
2493,1918,80.0000,80.0000,0.0000,1.0000,1.0000,0.0000,8.0000,1996.7188,1997
2494,1839,191.0000,191.0000,0.0000,1.0000,1.0000,0.0000,8.0000,1996.6410,1997
2495,1266,76.0000,76.0000,0.0000,1.0000,1.0000,0.0000,8.0000,1996.3968,1997
2496,1878,171.0000,171.0000,0.0000,1.0000,1.0000,0.0000,8.0000,1996.6332,1997
2497,1207,18.0000,18.0000,0.0000,0.0000,0.0000,0.0000,8.0000,1996.3929,1997
2498,1778,125.0000,125.0000,0.0000,1.0000,1.0000,0.0000,8.0000,1996.6330,1997
2499,1396,135.0000,135.0000,0.0000,1.0000,1.0000,0.0000,8.0000,1996.5926,1997
2500,2013,78.0000,78.0000,0.0000,1.0000,1.0000,0.0000,8.0000,1996.6796,1997
2501,1952,54.0000,54.0000,0.0000,1.0000,1.0000,0.0000,8.0000,1996.6510,1997
2502,1527,210.0000,211.0000,1.0000,1.0000,1.0000,0.0000,8.0000,1996.5256,1997
2503,943,2.0000,2.0000,0.0000,0.0000,0.0000,0.0000,0.0000,-0.0429,-1
2504,1734,84.0000,84.0000,0.0000,1.0000,1.0000,0.0000,8.0000,1996.5979,1997
2505,2052,43.0000,43.0000,0.0000,0.0000,0.0000,0.0000,8.0000,1996.6468,1997
2506,1925,80.0000,80.0000,0.0000,1.0000,1.0000,0.0000,8.0000,1996.6456,1997
2507,1244,166.0000,166.0000,0.0000,1.0000,1.0000,0.0000,8.0000,1996.5635,1997
2508,1036,40.0000,40.0000,0.0000,0.0000,0.0000,0.0000,8.0000,1996.3736,1997
2509,1184,142.0000,142.0000,0.0000,1.0000,1.0000,0.0000,8.0000,1996.3970,1997
2510,1531,202.0000,202.0000,0.0000,1.0000,1.0000,0.0000,8.0000,1996.5302,1997
2511,1634,213.0000,213.0000,0.0000,1.0000,1.0000,0.0000,8.0000,1996.5474,1997
2512,1814,205.0000,205.0000,0.0000,1.0000,1.0000,0.0000,8.0000,1996.6306,1997
2513,1950,163.0000,163.0000,0.0000,1.0000,1.0000,0.0000,8.0000,1996.7079,1997
2514,1626,111.0000,111.0000,0.0000,1.0000,1.0000,0.0000,8.0000,1996.5279,1997
2515,1865,193.0000,193.0000,0.0000,1.0000,1.0000,0.0000,8.0000,1996.7899,1997
2516,1645,214.0000,214.0000,0.0000,1.0000,1.0000,0.0000,8.0000,1996.6235,1997
2517,1916,69.0000,69.0000,0.0000,1.0000,1.0000,0.0000,8.0000,1996.6581,1997
2518,1101,100.0000,100.0000,0.0000,1.0000,1.0000,0.0000,8.0000,1996.3150,1997
2519,1945,74.0000,74.0000,0.0000,1.0000,1.0000,0.0000,8.0000,1996.6538,1997
2520,1722,204.0000,204.0000,0.0000,1.0000,1.0000,0.0000,8.0000,1996.5874,1997
2521,1930,176.0000,176.0000,0.0000,1.0000,1.0000,0.0000,8.0000,1996.6399,1997
2522,1499,208.0000,208.0000,0.0000,1.0000,1.0000,0.0000,8.0000,1996.5166,1997
2523,1892,187.0000,187.0000,0.0000,1.0000,1.0000,0.0000,8.0000,1996.8207,1997
2524,1576,212.0000,212.0000,0.0000,1.0000,1.0000,0.0000,8.0000,1996.5449,1997
2525,1937,49.0000,49.0000,0.0000,0.0000,-0.0000,0.0000,8.0000,1996.6133,1997
2526,1968,76.0000,76.0000,0.0000,1.0000,1.0000,0.0000,8.0000,1996.6690,1997
2527,1478,173.0000,173.0000,0.0000,1.0000,1.0000,0.0000,8.0000,1996.4958,1997
2528,1487,212.0000,212.0000,0.0000,1.0000,1.0000,0.0000,8.0000,1996.5750,1997
2529,1912,81.0000,81.0000,0.0000,1.0000,1.0000,0.0000,8.0000,1996.6680,1997
2530,1667,213.0000,213.0000,0.0000,1.0000,1.0000,0.0000,8.0000,1996.6249,1997
2531,1055,19.0000,19.0000,0.0000,0.0000,-0.0000,0.0000,8.0000,1996.3201,1997
2532,1669,213.0000,213.0000,0.0000,1.0000,1.0000,0.0000,8.0000,1996.7097,1997
2533,1617,34.0000,34.0000,0.0000,0.0000,0.0000,0.0000,8.0000,1996.5958,1997
2534,1121,57.0000,57.0000,0.0000,1.0000,1.0000,0.0000,8.0000,1996.4274,1997
2535,1860,198.0000,198.0000,0.0000,1.0000,1.0000,0.0000,8.0000,1996.8079,1997
2536,1758,200.0000,200.0000,0.0000,1.0000,1.0000,0.0000,8.0000,1996.7217,1997
2537,974,10.0000,10.0000,0.0000,0.0000,-0.0000,0.0000,0.0000,-0.0305,-1
2538,1616,212.0000,212.0000,0.0000,1.0000,1.0000,0.0000,8.0000,1996.5440,1997
2539,1849,32.0000,32.0000,0.0000,0.0000,-0.0000,0.0000,8.0000,1996.5927,1997
2540,1495,30.0000,30.0000,0.0000,0.0000,0.0000,0.0000,8.0000,1996.7557,1997
2541,1491,212.0000,213.0000,1.0000,1.0000,1.0000,0.0000,8.0000,1996.6579,1997
2542,1029,38.0000,38.0000,0.0000,0.0000,-0.0000,0.0000,8.0000,1996.1507,1997
2543,1946,100.0000,100.0000,0.0000,1.0000,1.0000,0.0000,8.0000,1996.6492,1997
2544,1202,103.0000,103.0000,0.0000,1.0000,1.0000,0.0000,8.0000,1996.4127,1997
2545,1837,199.0000,199.0000,0.0000,1.0000,1.0000,0.0000,8.0000,1996.6326,1997
2546,1254,141.0000,141.0000,0.0000,1.0000,1.0000,0.0000,8.0000,1996.4054,1997
2547,1682,213.0000,213.0000,0.0000,1.0000,1.0000,0.0000,8.0000,1996.6134,1997
2548,1345,178.0000,178.0000,0.0000,1.0000,1.0000,0.0000,8.0000,1996.5566,1997
2549,1736,187.0000,188.0000,1.0000,1.0000,1.0000,0.0000,8.0000,1996.6771,1997
2550,1858,184.0000,184.0000,0.0000,1.0000,1.0000,0.0000,8.0000,1997.0321,1997
2551,1373,193.0000,193.0000,0.0000,1.0000,1.0000,0.0000,8.0000,1996.4399,1997
2552,1480,189.0000,189.0000,0.0000,1.0000,1.0000,0.0000,8.0000,1996.4915,1997
2553,1340,196.0000,196.0000,0.0000,1.0000,1.0000,0.0000,8.0000,1996.4378,1997
2554,1170,64.0000,64.0000,0.0000,1.0000,1.0000,0.0000,8.0000,1996.3385,1997
2555,1157,37.0000,37.0000,0.0000,0.0000,-0.0000,0.0000,8.0000,1996.4736,1997
2556,1150,146.0000,146.0000,0.0000,1.0000,1.0000,0.0000,8.0000,1996.4044,1997
2557,1629,188.0000,188.0000,0.0000,1.0000,1.0000,0.0000,8.0000,1996.6408,1997
2558,1153,145.0000,146.0000,1.0000,1.0000,1.0000,0.0000,8.0000,1996.3827,1997
2559,1879,172.0000,172.0000,0.0000,1.0000,1.0000,0.0000,8.0000,1996.6796,1997
2560,1585,194.0000,194.0000,0.0000,1.0000,1.0000,0.0000,8.0000,1996.6052,1997
2561,1395,157.0000,157.0000,0.0000,1.0000,1.0000,0.0000,8.0000,1996.4494,1997
2562,1817,193.0000,193.0000,0.0000,1.0000,1.0000,0.0000,8.0000,1996.6016,1997
2563,1770,199.0000,199.0000,0.0000,1.0000,1.0000,0.0000,8.0000,1996.6388,1997
2564,1824,172.0000,172.0000,0.0000,1.0000,1.0000,0.0000,8.0000,1996.6093,1997
2565,1529,215.0000,215.0000,0.0000,1.0000,1.0000,0.0000,8.0000,1996.5195,1997
2566,1172,149.0000,149.0000,0.0000,1.0000,1.0000,0.0000,8.0000,1996.4298,1997
2567,1717,214.0000,214.0000,0.0000,1.0000,1.0000,0.0000,8.0000,1996.6036,1997
2568,1852,186.0000,186.0000,0.0000,1.0000,1.0000,0.0000,8.0000,1996.6330,1997
2569,1050,46.0000,46.0000,0.0000,0.0000,-0.0000,0.0000,8.0000,1996.5065,1997
2570,1735,158.0000,158.0000,0.0000,1.0000,1.0000,0.0000,8.0000,1996.6566,1997
2571,4983,51.0000,52.0000,1.0000,1.0000,1.0000,0.0000,9.0000,4929.9577,4930
2572,4350,21.0000,21.0000,0.0000,0.0000,0.0000,0.0000,9.0000,4929.6200,4930
2573,4591,185.0000,185.0000,0.0000,1.0000,1.0000,0.0000,9.0000,4929.7367,4930
2574,4898,148.0000,148.0000,0.0000,1.0000,1.0000,0.0000,9.0000,4929.9060,4930
2575,4864,200.0000,200.0000,0.0000,1.0000,1.0000,0.0000,9.0000,4929.8986,4930
2576,4935,192.0000,192.0000,0.0000,1.0000,1.0000,0.0000,9.0000,4929.9746,4930
2577,4781,232.0000,232.0000,0.0000,1.0000,1.0000,0.0000,9.0000,4929.9193,4930
2578,4962,149.0000,149.0000,0.0000,1.0000,1.0000,0.0000,9.0000,4929.9577,4930
2579,4761,234.0000,234.0000,0.0000,1.0000,1.0000,0.0000,9.0000,4929.8612,4930
2580,4857,172.0000,172.0000,0.0000,1.0000,1.0000,0.0000,9.0000,4930.0415,4930
2581,4426,74.0000,74.0000,0.0000,1.0000,1.0000,0.0000,9.0000,4929.6830,4930
2582,4917,202.0000,202.0000,0.0000,1.0000,1.0000,0.0000,9.0000,4930.0965,4930
2583,4399,59.0000,59.0000,0.0000,1.0000,1.0000,0.0000,9.0000,4929.5232,4930
2584,4814,225.0000,225.0000,0.0000,1.0000,1.0000,0.0000,9.0000,4929.8933,4930
2585,4842,182.0000,182.0000,0.0000,1.0000,1.0000,0.0000,9.0000,4929.8905,4930
2586,4656,184.0000,184.0000,0.0000,1.0000,1.0000,0.0000,9.0000,4929.7598,4930
2587,4613,110.0000,111.0000,1.0000,1.0000,1.0000,0.0000,9.0000,4929.8350,4930
2588,4922,187.0000,187.0000,0.0000,1.0000,1.0000,0.0000,9.0000,4929.9549,4930
2589,4911,185.0000,185.0000,0.0000,1.0000,1.0000,0.0000,9.0000,4929.9463,4930
2590,4580,107.0000,107.0000,0.0000,1.0000,1.0000,0.0000,9.0000,4929.8926,4930
2591,4928,189.0000,189.0000,0.0000,1.0000,1.0000,0.0000,9.0000,4929.9318,4930
2592,4777,234.0000,234.0000,0.0000,1.0000,1.0000,0.0000,9.0000,4929.8524,4930
2593,4681,212.0000,212.0000,0.0000,1.0000,1.0000,0.0000,9.0000,4929.7765,4930
2594,4682,204.0000,204.0000,0.0000,1.0000,1.0000,0.0000,9.0000,4929.7816,4930
2595,4893,207.0000,207.0000,0.0000,1.0000,1.0000,0.0000,9.0000,4929.9286,4930
2596,4400,50.0000,50.0000,0.0000,1.0000,1.0000,0.0000,9.0000,4929.7303,4930
2597,4675,111.0000,112.0000,1.0000,1.0000,1.0000,0.0000,9.0000,4929.8662,4930
2598,4854,214.0000,214.0000,0.0000,1.0000,1.0000,0.0000,9.0000,4930.1168,4930
2599,4450,66.0000,66.0000,0.0000,1.0000,1.0000,0.0000,9.0000,4929.6554,4930
2600,4708,210.0000,211.0000,1.0000,1.0000,1.0000,0.0000,9.0000,4930.0423,4930
2601,4944,167.0000,167.0000,0.0000,1.0000,1.0000,0.0000,9.0000,4929.9529,4930
2602,4472,58.0000,58.0000,0.0000,1.0000,1.0000,0.0000,9.0000,4929.7332,4930
2603,4683,20.0000,20.0000,0.0000,0.0000,0.0000,0.0000,9.0000,4929.9914,4930
2604,4907,156.0000,156.0000,0.0000,1.0000,1.0000,0.0000,9.0000,4929.9415,4930
2605,4477,94.0000,94.0000,0.0000,1.0000,1.0000,0.0000,9.0000,4929.7282,4930
2606,4875,189.0000,189.0000,0.0000,1.0000,1.0000,0.0000,9.0000,4929.9205,4930
2607,4993,15.0000,15.0000,0.0000,0.0000,-0.0000,0.0000,9.0000,4929.9500,4930
2608,4888,213.0000,213.0000,0.0000,1.0000,1.0000,0.0000,9.0000,4929.9417,4930
2609,4544,126.0000,126.0000,0.0000,1.0000,1.0000,0.0000,9.0000,4929.6961,4930
2610,4877,206.0000,206.0000,0.0000,1.0000,1.0000,0.0000,9.0000,4929.9357,4930
2611,4796,229.0000,229.0000,0.0000,1.0000,1.0000,0.0000,9.0000,4929.8793,4930
2612,4506,147.0000,147.0000,0.0000,1.0000,1.0000,0.0000,9.0000,4929.7809,4930
2613,4892,75.0000,75.0000,0.0000,1.0000,1.0000,0.0000,9.0000,4929.9269,4930
2614,4514,157.0000,157.0000,0.0000,1.0000,1.0000,0.0000,9.0000,4929.6994,4930
2615,4753,234.0000,234.0000,0.0000,1.0000,1.0000,0.0000,9.0000,4929.8496,4930
2616,4827,176.0000,177.0000,1.0000,1.0000,1.0000,0.0000,9.0000,4929.8894,4930
2617,4539,133.0000,134.0000,1.0000,1.0000,1.0000,0.0000,9.0000,4929.6573,4930
2618,4813,103.0000,104.0000,1.0000,1.0000,1.0000,0.0000,9.0000,4929.8834,4930
2619,4831,208.0000,208.0000,0.0000,1.0000,1.0000,0.0000,9.0000,4929.9036,4930
2620,4943,174.0000,175.0000,1.0000,1.0000,1.0000,0.0000,9.0000,4929.9656,4930
2621,4637,36.0000,36.0000,0.0000,0.0000,-0.0000,0.0000,9.0000,4929.8194,4930
2622,4825,73.0000,73.0000,0.0000,1.0000,1.0000,0.0000,9.0000,4929.8844,4930
2623,4632,195.0000,195.0019,0.0019,1.0000,1.0000,0.0000,9.0000,4929.7824,4930
2624,4760,233.0000,233.0000,0.0000,1.0000,1.0000,0.0000,9.0000,4929.8547,4930
2625,4826,194.0000,194.0000,0.0000,1.0000,1.0000,0.0000,9.0000,4929.8711,4930
2626,4856,223.0000,223.0000,0.0000,1.0000,1.0000,0.0000,9.0000,4929.9269,4930
2627,4707,228.0000,228.0000,0.0000,1.0000,1.0000,0.0000,9.0000,4929.8086,4930
2628,4689,215.0000,216.0000,1.0000,1.0000,1.0000,0.0000,9.0000,4929.8940,4930
2629,4755,209.0000,209.0000,0.0000,1.0000,1.0000,0.0000,9.0000,4929.8279,4930
2630,4929,187.0000,187.0000,0.0000,1.0000,1.0000,0.0000,9.0000,4929.9402,4930
2631,4709,94.0000,95.0000,1.0000,1.0000,1.0000,0.0000,9.0000,4929.8953,4930
2632,4628,26.0000,26.0000,0.0000,0.0000,0.0000,0.0000,9.0000,4929.8292,4930
2633,4751,187.0000,187.0000,0.0000,1.0000,1.0000,0.0000,9.0000,4929.8452,4930
2634,4840,220.0000,220.0000,0.0000,1.0000,1.0000,0.0000,9.0000,4929.8892,4930
2635,4897,194.0000,194.0000,0.0000,1.0000,1.0000,0.0000,9.0000,4929.9199,4930
2636,4865,221.0000,221.0000,0.0000,1.0000,1.0000,0.0000,9.0000,4929.9300,4930
2637,4969,100.0000,100.0000,0.0000,1.0000,1.0000,0.0000,9.0000,4929.9659,4930
2638,4623,183.0000,183.0000,0.0000,1.0000,1.0000,0.0000,9.0000,4929.7961,4930
2639,4965,136.0000,136.0000,0.0000,1.0000,1.0000,0.0000,9.0000,4929.9995,4930
2640,4384,24.0000,24.0000,0.0000,0.0000,-0.0000,0.0000,9.0000,4929.6508,4930
2641,4710,170.0000,170.0000,0.0000,1.0000,1.0000,0.0000,9.0000,4929.8057,4930
2642,4984,53.0000,53.0000,0.0000,1.0000,1.0000,0.0000,9.0000,4929.9675,4930
2643,4726,206.0000,206.0000,0.0000,1.0000,1.0000,0.0000,9.0000,4929.8243,4930
2644,4979,66.0000,66.0000,0.0000,1.0000,1.0000,0.0000,9.0000,4930.1149,4930
2645,4750,234.0000,234.0000,0.0000,1.0000,1.0000,0.0000,9.0000,4929.8437,4930
2646,4982,57.0000,57.0000,0.0000,1.0000,1.0000,0.0000,9.0000,4929.9900,4930
2647,4428,53.0000,53.0000,0.0000,1.0000,1.0000,0.0000,9.0000,4929.7081,4930
2648,4807,227.0000,227.0000,0.0000,1.0000,1.0000,0.0000,9.0000,4929.8952,4930
2649,4818,184.0000,184.0000,0.0000,1.0000,1.0000,0.0000,9.0000,4929.8843,4930
2650,4932,178.0000,178.0000,0.0000,1.0000,1.0000,0.0000,9.0000,4929.9240,4930
2651,4471,121.0000,121.0000,0.0000,1.0000,1.0000,0.0000,9.0000,4929.7890,4930
2652,4795,230.0000,231.0000,1.0000,1.0000,1.0000,0.0000,9.0000,4929.8948,4930
2653,4938,184.0000,184.0000,0.0000,1.0000,1.0000,0.0000,9.0000,4930.0279,4930
2654,4713,33.0000,34.0000,1.0000,0.0000,-0.0000,0.0000,9.0000,4929.7616,4930
2655,4663,218.0000,218.0000,0.0000,1.0000,1.0000,0.0000,9.0000,4929.8269,4930
2656,4768,230.0000,231.0000,1.0000,1.0000,1.0000,0.0000,9.0000,4929.9328,4930
2657,4805,229.0000,229.0000,0.0000,1.0000,1.0000,0.0000,9.0000,4930.0027,4930
2658,4855,201.0000,201.0000,0.0000,1.0000,1.0000,0.0000,9.0000,4929.9272,4930
2659,4937,13.0000,13.0000,0.0000,0.0000,0.0000,0.0000,9.0000,4929.8855,4930
2660,4800,223.0000,223.0000,0.0000,1.0000,1.0000,0.0000,9.0000,4929.9593,4930
2661,4639,209.0000,210.0000,1.0000,1.0000,1.0000,0.0000,9.0000,4929.9056,4930
2662,4767,13.0000,13.0000,0.0000,0.0000,-0.0000,0.0000,9.0000,4929.9562,4930
2663,4975,72.0000,72.0000,0.0000,1.0000,1.0000,0.0000,9.0000,4930.0233,4930
2664,4586,170.0000,170.0000,0.0000,1.0000,1.0000,0.0000,9.0000,4929.7196,4930
2665,4625,182.0000,182.0000,0.0000,1.0000,1.0000,0.0000,9.0000,4929.7787,4930
2666,4423,72.0000,72.0000,0.0000,1.0000,1.0000,0.0000,9.0000,4929.6529,4930
2667,4764,194.0000,194.0000,0.0000,1.0000,1.0000,0.0000,9.0000,4929.8228,4930
2668,4665,172.0000,172.0000,0.0000,1.0000,1.0000,0.0000,9.0000,4929.7693,4930
2669,4858,139.0000,140.0000,1.0000,1.0000,1.0000,0.0000,9.0000,4929.9183,4930
2670,4770,228.0000,228.0000,0.0000,1.0000,1.0000,0.0000,9.0000,4930.0013,4930
2671,4724,142.0000,142.0000,0.0000,1.0000,1.0000,0.0000,9.0000,4929.8369,4930
2672,4510,75.0000,75.0000,0.0000,1.0000,1.0000,0.0000,9.0000,4929.7334,4930
2673,4620,176.0000,176.0000,0.0000,1.0000,1.0000,0.0000,9.0000,4929.7367,4930
2674,4744,234.0000,234.0000,0.0000,1.0000,1.0000,0.0000,9.0000,4929.8836,4930
2675,4391,41.0000,41.0000,0.0000,0.0000,-0.0000,0.0000,9.0000,4929.5893,4930
2676,4353,9.0000,9.0000,0.0000,0.0000,-0.0000,0.0000,9.0000,4929.4038,4930
2677,4987,44.0000,44.0000,0.0000,0.0000,-0.0000,0.0000,9.0000,4929.9406,4930
2678,4961,68.0000,68.0000,0.0000,1.0000,1.0000,0.0000,9.0000,4929.9614,4930
2679,4779,221.0000,221.0000,0.0000,1.0000,1.0000,0.0000,9.0000,4930.0180,4930
2680,4732,233.0000,234.0000,1.0000,1.0000,1.0000,0.0000,9.0000,4929.8323,4930
2681,4925,196.0000,196.0000,0.0000,1.0000,1.0000,0.0000,9.0000,4929.9784,4930
2682,4606,136.0000,136.0000,0.0000,1.0000,1.0000,0.0000,9.0000,4929.7718,4930
2683,4565,148.0000,148.0000,0.0000,1.0000,1.0000,0.0000,9.0000,4929.8439,4930
2684,4870,210.0000,211.0000,1.0000,1.0000,1.0000,0.0000,9.0000,4929.9230,4930
2685,4588,176.0000,176.0000,0.0000,1.0000,1.0000,0.0000,9.0000,4929.7344,4930
2686,4789,231.0000,231.0000,0.0000,1.0000,1.0000,0.0000,9.0000,4929.8750,4930
2687,4587,64.0000,64.0000,0.0000,1.0000,1.0000,0.0000,9.0000,4929.7293,4930
2688,4431,9.0000,9.0000,0.0000,0.0000,-0.0000,0.0000,9.0000,4929.5813,4930
2689,4793,232.0000,232.0000,0.0000,1.0000,1.0000,0.0000,9.0000,4929.8736,4930
2690,4388,49.0000,49.0000,0.0000,0.0000,-0.0000,0.0000,9.0000,4929.6428,4930
2691,4699,227.0000,227.0000,0.0000,1.0000,1.0000,0.0000,9.0000,4929.8876,4930
2692,4873,143.0000,143.0000,0.0000,1.0000,1.0000,0.0000,9.0000,4930.1238,4930
2693,4612,6.0000,6.0000,0.0000,0.0000,0.0000,0.0000,0.0000,0.0500,-1
2694,4722,209.0000,209.0000,0.0000,1.0000,1.0000,0.0000,9.0000,4929.8657,4930
2695,4627,155.0000,155.0000,0.0000,1.0000,1.0000,0.0000,9.0000,4929.7708,4930
2696,4435,74.0000,74.0000,0.0000,1.0000,1.0000,0.0000,9.0000,4929.7131,4930
2697,4752,192.0000,192.0000,0.0000,1.0000,1.0000,0.0000,9.0000,4929.8388,4930
2698,4804,229.0000,230.0000,1.0000,1.0000,1.0000,0.0000,9.0000,4929.9974,4930
2699,4874,160.0000,160.4715,0.4715,1.0000,1.0000,0.0000,9.0000,4929.9093,4930
2700,4626,201.0000,201.0000,0.0000,1.0000,1.0000,0.0000,9.0000,4929.8819,4930
2701,4597,179.0000,179.0000,0.0000,1.0000,1.0000,0.0000,9.0000,4929.7392,4930
2702,4930,52.0000,52.0000,0.0000,1.0000,1.0000,0.0000,9.0000,4930.0310,4930
2703,4491,62.0000,62.0000,0.0000,1.0000,1.0000,0.0000,9.0000,4929.8215,4930
2704,4555,99.0000,99.0000,0.0000,1.0000,1.0000,0.0000,9.0000,4929.6855,4930
2705,4868,170.0000,170.0000,0.0000,1.0000,1.0000,0.0000,9.0000,4929.9304,4930
2706,4799,231.0000,231.0000,0.0000,1.0000,1.0000,0.0000,9.0000,4929.8784,4930
2707,4836,161.0000,161.0000,0.0000,1.0000,1.0000,0.0000,9.0000,4929.9179,4930
2708,4526,136.0000,136.0000,0.0000,1.0000,1.0000,0.0000,9.0000,4929.7394,4930
2709,4835,219.0000,219.0000,0.0000,1.0000,1.0000,0.0000,9.0000,4929.9334,4930
2710,4972,76.0000,76.0000,0.0000,1.0000,1.0000,0.0000,9.0000,4929.9989,4930
2711,4797,229.0000,229.0000,0.0000,1.0000,1.0000,0.0000,9.0000,4929.8910,4930
2712,4995,18.0000,18.0000,0.0000,0.0000,-0.0000,0.0000,9.0000,4929.9583,4930
2713,4933,27.0000,27.0000,0.0000,0.0000,-0.0000,0.0000,9.0000,4929.9241,4930
2714,4978,13.0000,13.0000,0.0000,0.0000,0.0000,0.0000,9.0000,4929.8991,4930
2715,4676,222.0000,222.0000,0.0000,1.0000,1.0000,0.0000,9.0000,4930.0352,4930
2716,4876,216.0000,216.0000,0.0000,1.0000,1.0000,0.0000,9.0000,4929.9173,4930
2717,4977,54.0000,54.0000,0.0000,1.0000,1.0000,0.0000,9.0000,4930.0683,4930
2718,4936,92.0000,92.0000,0.0000,1.0000,1.0000,0.0000,9.0000,4929.9365,4930
2719,4998,2.0000,2.0000,0.0000,0.0000,-0.0000,0.0000,0.0000,-0.0303,-1
2720,4421,19.0000,19.0000,0.0000,0.0000,-0.0000,0.0000,9.0000,4929.7420,4930
2721,4412,39.0000,39.0000,0.0000,0.0000,-0.0000,0.0000,9.0000,4929.6526,4930
2722,4844,217.0000,217.0000,0.0000,1.0000,1.0000,0.0000,9.0000,4930.0651,4930
2723,4771,215.0000,216.0000,1.0000,1.0000,1.0000,0.0000,9.0000,4929.8517,4930
2724,4784,121.0000,121.0000,0.0000,1.0000,1.0000,0.0000,9.0000,4929.8571,4930
2725,4769,234.0000,234.0000,0.0000,1.0000,1.0000,0.0000,9.0000,4929.8450,4930
2726,4974,83.0000,83.0000,0.0000,1.0000,1.0000,0.0000,9.0000,4929.9764,4930
2727,4861,214.0000,214.0000,0.0000,1.0000,1.0000,0.0000,9.0000,4929.9068,4930
2728,4574,36.0000,36.0000,0.0000,0.0000,0.0000,0.0000,9.0000,4929.7953,4930
2729,4902,208.0000,209.0000,1.0000,1.0000,1.0000,0.0000,9.0000,4929.9548,4930
2730,4392,47.0000,47.0000,0.0000,0.0000,0.0000,0.0000,9.0000,4929.7120,4930
2731,4523,145.0000,145.0000,0.0000,1.0000,1.0000,0.0000,9.0000,4929.6894,4930
2732,4846,216.0000,216.0000,0.0000,1.0000,1.0000,0.0000,9.0000,4929.9130,4930
2733,4786,210.0000,210.0000,0.0000,1.0000,1.0000,0.0000,9.0000,4929.9947,4930
2734,4734,157.0000,157.0000,0.0000,1.0000,1.0000,0.0000,9.0000,4929.8181,4930
2735,4678,211.0000,211.0000,0.0000,1.0000,1.0000,0.0000,9.0000,4929.8285,4930
2736,4927,4.0000,4.0000,0.0000,0.0000,-0.0000,0.0000,0.0000,-0.0433,-1
2737,4696,194.0000,194.0000,0.0000,1.0000,1.0000,0.0000,9.0000,4929.7819,4930
2738,4791,231.0000,231.0000,0.0000,1.0000,1.0000,0.0000,9.0000,4929.8720,4930
2739,4741,231.0000,231.0000,0.0000,1.0000,1.0000,0.0000,9.0000,4929.8348,4930
2740,4596,180.0000,180.0000,0.0000,1.0000,1.0000,0.0000,9.0000,4929.7497,4930
2741,4754,99.0000,99.0000,0.0000,1.0000,1.0000,0.0000,9.0000,4929.7896,4930
2742,4704,91.0000,91.0000,0.0000,1.0000,1.0000,0.0000,9.0000,4929.7953,4930
2743,4773,233.0000,233.0000,0.0000,1.0000,1.0000,0.0000,9.0000,4929.8967,4930
2744,4905,43.0000,43.0000,0.0000,0.0000,0.0000,0.0000,9.0000,4929.9098,4930
2745,4661,211.0000,211.0000,0.0000,1.0000,1.0000,0.0000,9.0000,4929.8526,4930
2746,4787,232.0000,232.0000,0.0000,1.0000,1.0000,0.0000,9.0000,4929.9622,4930
2747,4553,150.0000,150.0000,0.0000,1.0000,1.0000,0.0000,9.0000,4929.7021,4930
2748,4954,93.0000,93.0000,0.0000,1.0000,1.0000,0.0000,9.0000,4930.0475,4930
2749,4953,110.0000,110.0000,0.0000,1.0000,1.0000,0.0000,9.0000,4930.0693,4930
2750,4563,149.0000,149.0000,0.0000,1.0000,1.0000,0.0000,9.0000,4929.7293,4930
2751,4999,1.0000,1.0000,0.0000,0.0000,0.0000,0.0000,0.0000,0.0432,-1
2752,4863,214.0000,214.0000,0.0000,1.0000,1.0000,0.0000,9.0000,4929.9624,4930
2753,4872,212.0000,212.0000,0.0000,1.0000,1.0000,0.0000,9.0000,4929.9191,4930
2754,4718,198.0000,198.0000,0.0000,1.0000,1.0000,0.0000,9.0000,4929.8544,4930
2755,4940,91.0000,92.0000,1.0000,1.0000,1.0000,0.0000,9.0000,4929.9248,4930
2756,4393,46.0000,46.0000,0.0000,0.0000,0.0000,0.0000,9.0000,4929.4536,4930
2757,4695,184.0000,184.0000,0.0000,1.0000,1.0000,0.0000,9.0000,4929.7792,4930
2758,4958,48.0000,48.0000,0.0000,0.0000,0.0000,0.0000,9.0000,4929.9357,4930
2759,4679,220.0000,220.0000,0.0000,1.0000,1.0000,0.0000,9.0000,4929.9406,4930
2760,4871,213.0000,213.0000,0.0000,1.0000,1.0000,0.0000,9.0000,4929.9587,4930
2761,4809,160.0000,160.0000,0.0000,1.0000,1.0000,0.0000,9.0000,4930.0534,4930
2762,4716,219.0000,219.0000,0.0000,1.0000,1.0000,0.0000,9.0000,4929.8409,4930
2763,4880,214.0000,214.0000,0.0000,1.0000,1.0000,0.0000,9.0000,4929.9082,4930
2764,4706,227.0000,227.0000,0.0000,1.0000,1.0000,0.0000,9.0000,4929.8679,4930
2765,4516,131.0000,131.0000,0.0000,1.0000,1.0000,0.0000,9.0000,4929.6829,4930
2766,4963,98.0000,98.0000,0.0000,1.0000,1.0000,0.0000,9.0000,4930.1185,4930
2767,4884,193.0000,193.0000,0.0000,1.0000,1.0000,0.0000,9.0000,4930.0490,4930
2768,4924,143.0000,144.0000,1.0000,1.0000,1.0000,0.0000,9.0000,4929.9554,4930
2769,4991,25.0000,25.0000,0.0000,0.0000,0.0000,0.0000,9.0000,4929.9570,4930
2770,4992,14.0000,14.0000,0.0000,0.0000,0.0000,0.0000,9.0000,4929.9307,4930
2771,4790,224.0000,224.0000,0.0000,1.0000,1.0000,0.0000,9.0000,4929.9575,4930
2772,4762,226.0000,226.0000,0.0000,1.0000,1.0000,0.0000,9.0000,4929.8358,4930
2773,4666,213.0000,213.0000,0.0000,1.0000,1.0000,0.0000,9.0000,4929.8492,4930
2774,4731,226.0000,226.0000,0.0000,1.0000,1.0000,0.0000,9.0000,4929.8600,4930
2775,4947,158.0000,158.0000,0.0000,1.0000,1.0000,0.0000,9.0000,4929.9622,4930
2776,4552,142.0000,142.0000,0.0000,1.0000,1.0000,0.0000,9.0000,4929.7224,4930
2777,4775,233.0000,233.0000,0.0000,1.0000,1.0000,0.0000,9.0000,4929.9338,4930
2778,4672,159.0000,159.0000,0.0000,1.0000,1.0000,0.0000,9.0000,4929.7583,4930
2779,4967,69.0000,69.0000,0.0000,1.0000,1.0000,0.0000,9.0000,4929.9514,4930
2780,4783,208.0000,208.0000,0.0000,1.0000,1.0000,0.0000,9.0000,4929.8742,4930
2781,4641,66.0000,66.0000,0.0000,1.0000,1.0000,0.0000,9.0000,4929.8737,4930
2782,4931,166.0000,166.0000,0.0000,1.0000,1.0000,0.0000,9.0000,4929.9598,4930
2783,4785,230.0000,230.0000,0.0000,1.0000,1.0000,0.0000,9.0000,4929.8725,4930
2784,4364,3.0000,3.0000,0.0000,0.0000,0.0000,0.0000,0.0000,0.0832,-1
2785,4562,167.0000,167.0000,0.0000,1.0000,1.0000,0.0000,9.0000,4929.6962,4930
2786,4792,230.0000,230.0000,0.0000,1.0000,1.0000,0.0000,9.0000,4930.1037,4930
2787,4735,235.0000,235.0000,0.0000,1.0000,1.0000,0.0000,9.0000,4929.8348,4930
2788,4913,202.0000,202.0000,0.0000,1.0000,1.0000,0.0000,9.0000,4929.9208,4930
2789,4901,143.0000,144.0000,1.0000,1.0000,1.0000,0.0000,9.0000,4929.9961,4930
2790,4973,33.0000,33.0000,0.0000,0.0000,0.0000,0.0000,9.0000,4929.9199,4930
2791,4780,231.0000,232.0000,1.0000,1.0000,1.0000,0.0000,9.0000,4929.8497,4930
2792,4572,89.0000,90.0000,1.0000,1.0000,1.0000,0.0000,9.0000,4929.7919,4930
2793,4719,168.0000,168.0000,0.0000,1.0000,1.0000,0.0000,9.0000,4929.8360,4930
2794,4440,5.0000,5.0000,0.0000,0.0000,0.0000,0.0000,0.0000,-0.0307,-1
2795,4503,107.0000,108.0000,1.0000,1.0000,1.0000,0.0000,9.0000,4929.6986,4930
2796,4815,226.0000,227.0000,1.0000,1.0000,1.0000,0.0000,9.0000,4929.8833,4930
2797,4823,224.0000,224.0000,0.0000,1.0000,1.0000,0.0000,9.0000,4930.0300,4930
2798,4406,64.0000,64.0000,0.0000,1.0000,1.0000,0.0000,9.0000,4929.6419,4930
2799,4798,228.0000,228.0000,0.0000,1.0000,1.0000,0.0000,9.0000,4929.8777,4930
2800,4890,210.0000,210.0000,0.0000,1.0000,1.0000,0.0000,9.0000,4929.9237,4930
2801,4878,60.0000,60.0000,0.0000,1.0000,1.0000,0.0000,9.0000,4929.9145,4930
2802,4801,162.0000,162.0000,0.0000,1.0000,1.0000,0.0000,9.0000,4929.8762,4930
2803,4912,194.0000,194.0019,0.0019,1.0000,1.0000,0.0000,9.0000,4929.9491,4930
2804,4934,12.0000,12.0000,0.0000,0.0000,0.0000,0.0000,9.0000,4929.9104,4930
2805,4794,92.0000,92.0000,0.0000,1.0000,1.0000,0.0000,9.0000,4929.8298,4930
2806,4910,172.0000,172.0000,0.0000,1.0000,1.0000,0.0000,9.0000,4929.9176,4930
2807,4976,14.0000,14.0000,0.0000,0.0000,0.0000,0.0000,9.0000,4929.9193,4930
2808,4737,182.0000,182.0000,0.0000,1.0000,1.0000,0.0000,9.0000,4929.9357,4930
2809,4439,77.0000,78.0000,1.0000,1.0000,1.0000,0.0000,9.0000,4929.6431,4930
2810,4701,174.0000,174.0000,0.0000,1.0000,1.0000,0.0000,9.0000,4929.8484,4930
2811,4368,37.0000,37.0000,0.0000,0.0000,-0.0000,0.0000,9.0000,4929.6795,4930
2812,4950,166.0000,166.0000,0.0000,1.0000,1.0000,0.0000,9.0000,4930.1571,4930
2813,4573,87.0000,87.0000,0.0000,1.0000,1.0000,0.0000,9.0000,4929.7037,4930
2814,4820,219.0000,219.0000,0.0000,1.0000,1.0000,0.0000,9.0000,4929.9299,4930
2815,4891,211.0000,211.0000,0.0000,1.0000,1.0000,0.0000,9.0000,4930.0127,4930
2816,4828,229.0000,229.0000,0.0000,1.0000,1.0000,0.0000,9.0000,4929.8870,4930
2817,4886,214.0000,214.0000,0.0000,1.0000,1.0000,0.0000,9.0000,4930.1136,4930
2818,4668,177.0000,177.0000,0.0000,1.0000,1.0000,0.0000,9.0000,4929.9331,4930
2819,4816,227.0000,227.0000,0.0000,1.0000,1.0000,0.0000,9.0000,4929.9190,4930
2820,4803,160.0000,160.0000,0.0000,1.0000,1.0000,0.0000,9.0000,4929.8953,4930
2821,4759,233.0000,233.0000,0.0000,1.0000,1.0000,0.0000,9.0000,4929.8513,4930
2822,4850,188.0000,188.0000,0.0000,1.0000,1.0000,0.0000,9.0000,4930.0658,4930
2823,4894,210.0000,211.0000,1.0000,1.0000,1.0000,0.0000,9.0000,4929.9260,4930
2824,4765,233.0000,234.0000,1.0000,1.0000,1.0000,0.0000,9.0000,4929.8884,4930
2825,4923,178.0000,178.0000,0.0000,1.0000,1.0000,0.0000,9.0000,4930.1311,4930
2826,4730,209.0000,209.0000,0.0000,1.0000,1.0000,0.0000,9.0000,4929.8356,4930
2827,4748,231.0000,231.0000,0.0000,1.0000,1.0000,0.0000,9.0000,4929.8358,4930
2828,4926,190.0000,190.0000,0.0000,1.0000,1.0000,0.0000,9.0000,4930.0050,4930
2829,4430,80.0000,80.0000,0.0000,1.0000,1.0000,0.0000,9.0000,4929.6748,4930
2830,4739,234.0000,234.0000,0.0000,1.0000,1.0000,0.0000,9.0000,4929.8226,4930
2831,4782,73.0000,73.0000,0.0000,1.0000,1.0000,0.0000,9.0000,4929.8765,4930
2832,4849,205.0000,205.0000,0.0000,1.0000,1.0000,0.0000,9.0000,4929.9203,4930
2833,4630,202.0000,202.0000,0.0000,1.0000,1.0000,0.0000,9.0000,4929.8230,4930
2834,4740,234.0000,235.0000,1.0000,1.0000,1.0000,0.0000,9.0000,4929.8676,4930
2835,4909,172.0000,172.0000,0.0000,1.0000,1.0000,0.0000,9.0000,4929.9190,4930
2836,4841,186.0000,187.0000,1.0000,1.0000,1.0000,0.0000,9.0000,4929.8931,4930
2837,4942,137.0000,137.0000,0.0000,1.0000,1.0000,0.0000,9.0000,4930.1962,4930
2838,4693,195.0000,195.0000,0.0000,1.0000,1.0000,0.0000,9.0000,4929.7788,4930
2839,4952,15.0000,15.0000,0.0000,0.0000,-0.0000,0.0000,9.0000,4929.9197,4930
2840,4802,225.0000,225.0000,0.0000,1.0000,1.0000,0.0000,9.0000,4930.0162,4930
2841,4449,27.0000,27.0000,0.0000,0.0000,-0.0000,0.0000,9.0000,4929.8217,4930
2842,4808,91.0000,91.0000,0.0000,1.0000,1.0000,0.0000,9.0000,4929.9342,4930
2843,4738,234.0000,234.0000,0.0000,1.0000,1.0000,0.0000,9.0000,4929.8170,4930
2844,4883,192.0000,192.0000,0.0000,1.0000,1.0000,0.0000,9.0000,4929.9183,4930
2845,4592,24.0000,24.0000,0.0000,0.0000,-0.0000,0.0000,9.0000,4929.6859,4930
2846,4959,166.0000,166.0000,0.0000,1.0000,1.0000,0.0000,9.0000,4929.9560,4930
2847,4853,222.0000,222.0000,0.0000,1.0000,1.0000,0.0000,9.0000,4929.9173,4930
2848,4729,202.0000,202.0000,0.0000,1.0000,1.0000,0.0000,9.0000,4929.9057,4930
2849,4622,195.0000,195.0000,0.0000,1.0000,1.0000,0.0000,9.0000,4929.9089,4930
2850,4766,215.0000,215.0000,0.0000,1.0000,1.0000,0.0000,9.0000,4929.8599,4930
2851,4405,46.0000,46.0000,0.0000,0.0000,-0.0000,0.0000,9.0000,4929.7213,4930
2852,4520,120.0000,120.0000,0.0000,1.0000,1.0000,0.0000,9.0000,4929.7106,4930
2853,4595,173.0000,173.0000,0.0000,1.0000,1.0000,0.0000,9.0000,4929.7354,4930
2854,4603,143.0000,144.0000,1.0000,1.0000,1.0000,0.0000,9.0000,4929.7282,4930
2855,4778,233.0000,233.0000,0.0000,1.0000,1.0000,0.0000,9.0000,4929.8717,4930
2856,4997,6.0000,6.0000,0.0000,0.0000,-0.0000,0.0000,0.0000,-0.0269,-1
2857,4989,17.0000,17.0000,0.0000,0.0000,0.0000,0.0000,9.0000,4929.9780,4930
2858,4743,238.0000,238.0000,0.0000,1.0000,1.0000,0.0000,9.0000,4929.8406,4930
2859,4452,80.0000,80.0000,0.0000,1.0000,1.0000,0.0000,9.0000,4929.7699,4930
2860,4919,199.0000,199.0000,0.0000,1.0000,1.0000,0.0000,9.0000,4929.9761,4930
2861,4811,17.0000,17.0000,0.0000,0.0000,0.0000,0.0000,9.0000,4929.8488,4930
2862,4758,209.0000,209.0000,0.0000,1.0000,1.0000,0.0000,9.0000,4929.9119,4930
2863,4746,231.0000,231.0000,0.0000,1.0000,1.0000,0.0000,9.0000,4929.8238,4930
2864,4948,166.0000,166.0000,0.0000,1.0000,1.0000,0.0000,9.0000,4929.9611,4930
2865,4882,189.0000,189.0000,0.0000,1.0000,1.0000,0.0000,9.0000,4930.1794,4930
2866,4664,176.0000,176.0000,0.0000,1.0000,1.0000,0.0000,9.0000,4929.9356,4930
2867,4916,187.0000,187.0000,0.0000,1.0000,1.0000,0.0000,9.0000,4929.9588,4930
2868,4651,203.0000,203.0000,0.0000,1.0000,1.0000,0.0000,9.0000,4929.7891,4930
2869,4832,174.0000,174.0000,0.0000,1.0000,1.0000,0.0000,9.0000,4929.9351,4930
2870,4697,198.0000,198.0000,0.0000,1.0000,1.0000,0.0000,9.0000,4929.8581,4930
2871,4843,205.0000,205.0000,0.0000,1.0000,1.0000,0.0000,9.0000,4929.8970,4930
2872,4847,205.0000,205.0000,0.0000,1.0000,1.0000,0.0000,9.0000,4929.9150,4930
2873,4968,105.0000,105.0000,0.0000,1.0000,1.0000,0.0000,9.0000,4929.9840,4930
2874,4900,184.0000,184.0000,0.0000,1.0000,1.0000,0.0000,9.0000,4929.9144,4930
2875,4715,233.0000,233.0000,0.0000,1.0000,1.0000,0.0000,9.0000,4929.8932,4930
2876,4970,11.0000,11.0000,0.0000,0.0000,0.0000,0.0000,9.0000,4929.8964,4930
2877,4674,25.0000,25.0000,0.0000,0.0000,0.0000,0.0000,9.0000,4929.8168,4930
2878,4838,212.0000,212.0000,0.0000,1.0000,1.0000,0.0000,9.0000,4929.9078,4930
2879,4484,54.0000,54.0000,0.0000,1.0000,1.0000,0.0000,9.0000,4929.6550,4930
2880,4677,171.0000,171.0000,0.0000,1.0000,1.0000,0.0000,9.0000,4929.9120,4930
2881,4372,36.0000,36.0000,0.0000,0.0000,0.0000,0.0000,9.0000,4929.8125,4930
2882,4652,160.0000,160.0000,0.0000,1.0000,1.0000,0.0000,9.0000,4929.9452,4930
2883,4903,203.0000,203.0000,0.0000,1.0000,1.0000,0.0000,9.0000,4930.0320,4930
2884,4742,183.0000,183.0000,0.0000,1.0000,1.0000,0.0000,9.0000,4929.8969,4930
2885,4988,29.0000,30.0000,1.0000,0.0000,-0.0000,0.0000,9.0000,4929.9342,4930
2886,4946,169.0000,170.0000,1.0000,1.0000,1.0000,0.0000,9.0000,4929.9649,4930
2887,4845,224.0000,224.0000,0.0000,1.0000,1.0000,0.0000,9.0000,4930.0921,4930
2888,4404,64.0000,64.0000,0.0000,1.0000,1.0000,0.0000,9.0000,4929.6652,4930
2889,4776,96.0000,96.0000,0.0000,1.0000,1.0000,0.0000,9.0000,4929.8383,4930
2890,4921,196.0000,196.0000,0.0000,1.0000,1.0000,0.0000,9.0000,4929.9407,4930
2891,4747,234.0000,234.0000,0.0000,1.0000,1.0000,0.0000,9.0000,4929.8318,4930
2892,4728,19.0000,19.0000,0.0000,0.0000,0.0000,0.0000,9.0000,4930.0589,4930
2893,4757,164.0000,164.0000,0.0000,1.0000,1.0000,0.0000,9.0000,4929.8418,4930
2894,4643,84.0000,84.0000,0.0000,1.0000,1.0000,0.0000,9.0000,4929.7633,4930
2895,4394,48.0000,48.0000,0.0000,0.0000,0.0000,0.0000,9.0000,4929.5126,4930
2896,4906,166.0000,166.0000,0.0000,1.0000,1.0000,0.0000,9.0000,4929.9346,4930
2897,4869,171.0000,171.0000,0.0000,1.0000,1.0000,0.0000,9.0000,4929.9795,4930
2898,4915,199.0000,199.4715,0.4715,1.0000,1.0000,0.0000,9.0000,4930.0139,4930
2899,4817,225.0000,225.0000,0.0000,1.0000,1.0000,0.0000,9.0000,4929.8795,4930
2900,4956,170.0000,170.0000,0.0000,1.0000,1.0000,0.0000,9.0000,4929.9703,4930
2901,4774,233.0000,233.0000,0.0000,1.0000,1.0000,0.0000,9.0000,4929.8421,4930
2902,4670,156.0000,156.0000,0.0000,1.0000,1.0000,0.0000,9.0000,4929.7887,4930
2903,4599,72.0000,72.0000,0.0000,1.0000,1.0000,0.0000,9.0000,4929.7360,4930
2904,4645,196.0000,196.0000,0.0000,1.0000,1.0000,0.0000,9.0000,4929.7565,4930
2905,4812,226.0000,226.0000,0.0000,1.0000,1.0000,0.0000,9.0000,4929.9155,4930
2906,4955,168.0000,168.0000,0.0000,1.0000,1.0000,0.0000,9.0000,4929.9754,4930
2907,4960,152.0000,152.0000,0.0000,1.0000,1.0000,0.0000,9.0000,4930.0585,4930
2908,4896,211.0000,211.0000,0.0000,1.0000,1.0000,0.0000,9.0000,4929.9248,4930
2909,4629,94.0000,94.0000,0.0000,1.0000,1.0000,0.0000,9.0000,4929.9086,4930
2910,4702,228.0000,229.0000,1.0000,1.0000,1.0000,0.0000,9.0000,4929.7852,4930
2911,4957,39.0000,39.0000,0.0000,0.0000,-0.0000,0.0000,9.0000,4929.9256,4930
2912,2961,168.0000,168.0000,0.0000,1.0000,1.0000,0.0000,10.0000,3198.1841,3198
2913,2259,14.0000,14.0000,0.0000,0.0000,0.0000,0.0000,0.0000,0.0202,-1
2914,2583,196.0000,196.0000,0.0000,1.0000,1.0000,0.0000,10.0000,3198.1593,3198
2915,3216,47.0000,47.0000,0.0000,0.0000,0.0000,0.0000,10.0000,3198.2904,3198
2916,2751,204.0000,204.0000,0.0000,1.0000,1.0000,0.0000,10.0000,3198.1901,3198
2917,3192,17.0000,17.0000,0.0000,0.0000,0.0000,0.0000,10.0000,3198.1756,3198
2918,3073,132.0000,132.0000,0.0000,1.0000,1.0000,0.0000,10.0000,3198.1812,3198
2919,2260,69.0000,69.0000,0.0000,1.0000,1.0000,0.0000,10.0000,3197.8947,3198
2920,2545,182.0000,182.0000,0.0000,1.0000,1.0000,0.0000,10.0000,3198.1484,3198
2921,2920,175.0000,175.0000,0.0000,1.0000,1.0000,0.0000,10.0000,3198.2571,3198
2922,2632,180.0000,180.0000,0.0000,1.0000,1.0000,0.0000,10.0000,3198.1725,3198
2923,3184,78.0000,78.0000,0.0000,1.0000,1.0000,0.0000,10.0000,3198.2408,3198
2924,2641,34.0000,34.0000,0.0000,0.0000,-0.0000,0.0000,10.0000,3198.1157,3198
2925,2724,50.0000,51.0000,1.0000,1.0000,1.0000,0.0000,10.0000,3198.1793,3198
2926,2669,198.0000,198.0000,0.0000,1.0000,1.0000,0.0000,10.0000,3198.1389,3198
2927,3346,7.0000,7.0000,0.0000,0.0000,0.0000,0.0000,0.0000,-0.0319,-1
2928,2424,30.0000,30.0000,0.0000,0.0000,-0.0000,0.0000,10.0000,3198.0448,3198
2929,2836,195.0000,195.0000,0.0000,1.0000,1.0000,0.0000,10.0000,3198.1929,3198
2930,2675,198.0000,198.0000,0.0000,1.0000,1.0000,0.0000,10.0000,3198.1472,3198
2931,2770,82.0000,82.0000,0.0000,1.0000,1.0000,0.0000,10.0000,3198.2426,3198
2932,2518,29.0000,29.0000,0.0000,0.0000,0.0000,0.0000,10.0000,3198.2867,3198
2933,2274,46.0000,46.0000,0.0000,0.0000,0.0000,0.0000,10.0000,3198.0547,3198
2934,2606,165.0000,166.0000,1.0000,1.0000,1.0000,0.0000,10.0000,3198.2844,3198
2935,2520,194.0000,194.0000,0.0000,1.0000,1.0000,0.0000,10.0000,3198.1247,3198
2936,2348,145.0000,145.0000,0.0000,1.0000,1.0000,0.0000,10.0000,3198.1569,3198
2937,2754,196.0000,196.0000,0.0000,1.0000,1.0000,0.0000,10.0000,3198.2057,3198
2938,2728,203.0000,203.0000,0.0000,1.0000,1.0000,0.0000,10.0000,3198.1317,3198
2939,2871,42.0000,42.0000,0.0000,0.0000,-0.0000,0.0000,10.0000,3198.2409,3198
2940,2220,55.0000,55.0000,0.0000,1.0000,1.0000,0.0000,10.0000,3197.8440,3198
2941,2339,146.0000,146.0000,0.0000,1.0000,1.0000,0.0000,10.0000,3198.0357,3198
2942,2351,161.0000,161.0000,0.0000,1.0000,1.0000,0.0000,10.0000,3198.1564,3198
2943,2631,193.0000,193.0000,0.0000,1.0000,1.0000,0.0000,10.0000,3198.1518,3198
2944,2915,152.0000,152.0000,0.0000,1.0000,1.0000,0.0000,10.0000,3198.1973,3198
2945,2383,182.0000,182.0000,0.0000,1.0000,1.0000,0.0000,10.0000,3198.0777,3198
2946,3303,25.0000,25.0000,0.0000,0.0000,-0.0000,0.0000,10.0000,3198.1573,3198
2947,2594,32.0000,32.0000,0.0000,0.0000,0.0000,0.0000,10.0000,3198.2184,3198
2948,2508,195.0000,195.0000,0.0000,1.0000,1.0000,0.0000,10.0000,3198.1150,3198
2949,2586,19.0000,19.0000,0.0000,0.0000,-0.0000,0.0000,10.0000,3198.1520,3198
2950,3356,4.0000,4.0000,0.0000,0.0000,-0.0000,0.0000,0.0000,-0.0418,-1
2951,2258,54.0000,54.0000,0.0000,1.0000,1.0000,0.0000,10.0000,3197.9291,3198
2952,2104,15.0000,15.0000,0.0000,0.0000,-0.0000,0.0000,10.0000,3198.1373,3198
2953,2460,186.0000,186.0000,0.0000,1.0000,1.0000,0.0000,10.0000,3198.1546,3198
2954,2461,191.0000,191.0000,0.0000,1.0000,1.0000,0.0000,10.0000,3198.1808,3198
2955,2814,186.0000,186.0000,0.0000,1.0000,1.0000,0.0000,10.0000,3198.1815,3198
2956,2971,93.0000,93.0000,0.0000,1.0000,1.0000,0.0000,10.0000,3198.2127,3198
2957,2841,201.0000,201.0000,0.0000,1.0000,1.0000,0.0000,10.0000,3198.3113,3198
2958,2791,196.0000,196.0000,0.0000,1.0000,1.0000,0.0000,10.0000,3198.2344,3198
2959,2074,17.0000,17.0000,0.0000,0.0000,0.0000,0.0000,10.0000,3197.9282,3198
2960,2617,188.0000,188.0000,0.0000,1.0000,1.0000,0.0000,10.0000,3198.3730,3198
2961,2850,193.0000,193.0000,0.0000,1.0000,1.0000,0.0000,10.0000,3198.1923,3198
2962,2692,179.0000,179.0000,0.0000,1.0000,1.0000,0.0000,10.0000,3198.1563,3198
2963,2771,145.0000,146.0000,1.0000,1.0000,1.0000,0.0000,10.0000,3198.1543,3198
2964,2918,177.0000,177.0000,0.0000,1.0000,1.0000,0.0000,10.0000,3198.2032,3198
2965,2416,184.0000,184.0000,0.0000,1.0000,1.0000,0.0000,10.0000,3198.0890,3198
2966,2713,200.0000,200.0000,0.0000,1.0000,1.0000,0.0000,10.0000,3198.1421,3198
2967,2677,198.0000,199.0000,1.0000,1.0000,1.0000,0.0000,10.0000,3198.1400,3198
2968,2845,200.0000,200.0000,0.0000,1.0000,1.0000,0.0000,10.0000,3198.2253,3198
2969,2741,181.0000,181.0000,0.0000,1.0000,1.0000,0.0000,10.0000,3198.1911,3198
2970,2317,145.0000,145.0000,0.0000,1.0000,1.0000,0.0000,10.0000,3197.9814,3198
2971,2509,124.0000,124.0000,0.0000,1.0000,1.0000,0.0000,10.0000,3198.1376,3198
2972,2663,197.0000,197.0000,0.0000,1.0000,1.0000,0.0000,10.0000,3198.1731,3198
2973,2744,164.0000,164.0000,0.0000,1.0000,1.0000,0.0000,10.0000,3198.1673,3198
2974,3010,153.0000,154.0000,1.0000,1.0000,1.0000,0.0000,10.0000,3198.2059,3198
2975,2522,40.0000,40.0000,0.0000,0.0000,-0.0000,0.0000,10.0000,3198.2274,3198
2976,2452,57.0000,57.0000,0.0000,1.0000,1.0000,0.0000,10.0000,3198.1071,3198
2977,2765,187.0000,187.0000,0.0000,1.0000,1.0000,0.0000,10.0000,3198.3217,3198
2978,2721,57.0000,57.0000,0.0000,1.0000,1.0000,0.0000,10.0000,3198.2196,3198
2979,2408,134.0000,134.0000,0.0000,1.0000,1.0000,0.0000,10.0000,3198.0898,3198
2980,2864,65.0000,65.0000,0.0000,1.0000,1.0000,0.0000,10.0000,3198.2328,3198
2981,2648,196.0000,196.0000,0.0000,1.0000,1.0000,0.0000,10.0000,3198.2441,3198
2982,2986,43.0000,43.0000,0.0000,0.0000,0.0000,0.0000,10.0000,3198.2016,3198
2983,2028,12.0000,12.0000,0.0000,0.0000,0.0000,0.0000,0.0000,-0.0089,-1
2984,2802,79.0000,79.0000,0.0000,1.0000,1.0000,0.0000,10.0000,3198.1764,3198
2985,2353,37.0000,37.0000,0.0000,0.0000,-0.0000,0.0000,10.0000,3198.2799,3198
2986,2698,201.0000,201.0000,0.0000,1.0000,1.0000,0.0000,10.0000,3198.4110,3198
2987,3280,27.0000,27.0000,0.0000,0.0000,0.0000,0.0000,10.0000,3198.1657,3198
2988,2100,14.0000,14.0000,0.0000,0.0000,-0.0000,0.0000,10.0000,3198.0768,3198
2989,2377,176.0000,177.0000,1.0000,1.0000,1.0000,0.0000,10.0000,3198.1208,3198
2990,3113,13.0000,13.0000,0.0000,0.0000,-0.0000,0.0000,0.0000,-0.0251,-1
2991,2111,32.0000,32.0000,0.0000,0.0000,0.0000,0.0000,10.0000,3198.0971,3198
2992,2400,184.0000,184.0000,0.0000,1.0000,1.0000,0.0000,10.0000,3198.0909,3198
2993,2737,199.0000,199.0000,0.0000,1.0000,1.0000,0.0000,10.0000,3198.2747,3198
2994,2389,183.0000,183.0000,0.0000,1.0000,1.0000,0.0000,10.0000,3198.1015,3198
2995,2517,194.0000,194.0000,0.0000,1.0000,1.0000,0.0000,10.0000,3198.1934,3198
2996,2313,144.0000,144.0000,0.0000,1.0000,1.0000,0.0000,10.0000,3197.9597,3198
2997,2549,193.0000,193.0000,0.0000,1.0000,1.0000,0.0000,10.0000,3198.1679,3198
2998,2670,198.0000,198.0000,0.0000,1.0000,1.0000,0.0000,10.0000,3198.1945,3198
2999,2323,133.0000,133.0000,0.0000,1.0000,1.0000,0.0000,10.0000,3198.0364,3198
3000,2821,194.0000,195.9929,1.9929,1.0000,1.0000,0.0000,10.0000,3198.2876,3198
3001,2470,180.0000,180.0000,0.0000,1.0000,1.0000,0.0000,10.0000,3198.2403,3198
3002,2620,171.0000,171.0000,0.0000,1.0000,1.0000,0.0000,10.0000,3198.1734,3198
3003,2497,194.0000,194.0000,0.0000,1.0000,1.0000,0.0000,10.0000,3198.1272,3198
3004,2906,186.0000,186.0000,0.0000,1.0000,1.0000,0.0000,10.0000,3198.1941,3198
3005,2661,199.0000,199.0000,0.0000,1.0000,1.0000,0.0000,10.0000,3198.2121,3198
3006,2413,47.0000,47.0000,0.0000,0.0000,0.0000,0.0000,10.0000,3198.1844,3198
3007,2667,177.0000,178.0000,1.0000,1.0000,1.0000,0.0000,10.0000,3198.1501,3198
3008,2856,138.0000,138.0000,0.0000,1.0000,1.0000,0.0000,10.0000,3198.2004,3198
3009,2302,135.0000,135.0000,0.0000,1.0000,1.0000,0.0000,10.0000,3197.9557,3198
3010,2376,173.0000,173.0000,0.0000,1.0000,1.0000,0.0000,10.0000,3198.0660,3198
3011,2854,169.0000,169.0000,0.0000,1.0000,1.0000,0.0000,10.0000,3198.2406,3198
3012,2668,194.0000,194.0000,0.0000,1.0000,1.0000,0.0000,10.0000,3198.1472,3198
3013,2057,21.0000,21.0000,0.0000,0.0000,0.0000,0.0000,11.0000,1969.6105,1970
3014,3240,55.0000,56.0000,1.0000,1.0000,1.0000,0.0000,10.0000,3198.1872,3198
3015,2459,174.0000,174.0000,0.0000,1.0000,1.0000,0.0000,10.0000,3198.1051,3198
3016,3128,66.0000,66.0000,0.0000,1.0000,1.0000,0.0000,10.0000,3198.1574,3198
3017,2626,196.0000,196.0000,0.0000,1.0000,1.0000,0.0000,10.0000,3198.2355,3198
3018,2289,46.0000,46.0000,0.0000,0.0000,-0.0000,0.0000,10.0000,3198.0807,3198
3019,2513,167.0000,167.0000,0.0000,1.0000,1.0000,0.0000,10.0000,3198.1348,3198
3020,2295,129.0000,129.0000,0.0000,1.0000,1.0000,0.0000,10.0000,3197.9787,3198
3021,2931,174.0000,174.0000,0.0000,1.0000,1.0000,0.0000,10.0000,3198.1839,3198
3022,2807,197.0000,197.0000,0.0000,1.0000,1.0000,0.0000,10.0000,3198.1760,3198
3023,2684,179.0000,179.0000,0.0000,1.0000,1.0000,0.0000,10.0000,3198.1456,3198
3024,2454,188.0000,188.0000,0.0000,1.0000,1.0000,0.0000,10.0000,3198.1077,3198
3025,2403,162.0000,162.0000,0.0000,1.0000,1.0000,0.0000,10.0000,3198.0920,3198
3026,2382,182.0000,182.0000,0.0000,1.0000,1.0000,0.0000,10.0000,3198.0862,3198
3027,2642,199.0000,199.0000,0.0000,1.0000,1.0000,0.0000,10.0000,3198.1463,3198
3028,2473,117.0000,117.0000,0.0000,1.0000,1.0000,0.0000,10.0000,3198.1204,3198
3029,3264,32.0000,32.0000,0.0000,0.0000,-0.0000,0.0000,10.0000,3198.2167,3198
3030,2591,185.0000,185.0000,0.0000,1.0000,1.0000,0.0000,10.0000,3198.1875,3198
3031,2878,181.0000,181.0000,0.0000,1.0000,1.0000,0.0000,10.0000,3198.2661,3198
3032,2162,46.0000,46.0000,0.0000,0.0000,0.0000,0.0000,10.0000,3198.0972,3198
3033,2687,197.0000,197.0000,0.0000,1.0000,1.0000,0.0000,10.0000,3198.1526,3198
3034,3269,41.0000,41.0000,0.0000,0.0000,0.0000,0.0000,10.0000,3198.1875,3198
3035,2396,70.0000,70.0000,0.0000,1.0000,1.0000,0.0000,10.0000,3198.0606,3198
3036,2418,145.0000,145.0000,0.0000,1.0000,1.0000,0.0000,10.0000,3198.1393,3198
3037,2582,196.0000,196.0000,0.0000,1.0000,1.0000,0.0000,10.0000,3198.1372,3198
3038,2598,54.0000,54.0000,0.0000,1.0000,1.0000,0.0000,10.0000,3198.3041,3198
3039,2768,199.0000,199.0000,0.0000,1.0000,1.0000,0.0000,10.0000,3198.2110,3198
3040,2731,151.0000,151.0000,0.0000,1.0000,1.0000,0.0000,10.0000,3198.1451,3198
3041,2482,182.0000,182.0000,0.0000,1.0000,1.0000,0.0000,10.0000,3198.1340,3198
3042,2531,127.0000,127.0000,0.0000,1.0000,1.0000,0.0000,10.0000,3198.2253,3198
3043,2897,149.0000,149.0000,0.0000,1.0000,1.0000,0.0000,10.0000,3198.1623,3198
3044,2867,23.0000,23.0000,0.0000,0.0000,-0.0000,0.0000,10.0000,3198.1568,3198
3045,3134,88.0000,88.0000,0.0000,1.0000,1.0000,0.0000,10.0000,3198.1716,3198
3046,2527,187.0000,187.0000,0.0000,1.0000,1.0000,0.0000,10.0000,3198.1029,3198
3047,2708,176.0000,176.0000,0.0000,1.0000,1.0000,0.0000,10.0000,3198.1617,3198
3048,2664,170.0000,170.0000,0.0000,1.0000,1.0000,0.0000,10.0000,3198.1385,3198
3049,2344,35.0000,35.0000,0.0000,0.0000,0.0000,0.0000,10.0000,3198.2461,3198
3050,2061,26.0000,26.0000,0.0000,0.0000,-0.0000,0.0000,10.0000,3197.8195,3198
3051,2407,181.0000,182.0000,1.0000,1.0000,1.0000,0.0000,10.0000,3198.1708,3198
3052,2890,188.0000,189.0000,1.0000,1.0000,1.0000,0.0000,10.0000,3198.1825,3198
3053,3166,44.0000,44.0000,0.0000,0.0000,0.0000,0.0000,10.0000,3198.1592,3198
3054,2224,37.0000,37.0000,0.0000,0.0000,0.0000,0.0000,10.0000,3198.1814,3198
3055,2238,48.0000,48.0000,0.0000,0.0000,0.0000,0.0000,10.0000,3198.1558,3198
3056,2600,37.0000,37.0000,0.0000,0.0000,-0.0000,0.0000,10.0000,3198.1585,3198
3057,2121,16.0000,16.0000,0.0000,0.0000,0.0000,0.0000,10.0000,3197.6563,3198
3058,3310,26.0000,26.0000,0.0000,0.0000,-0.0000,0.0000,10.0000,3198.1818,3198
3059,3282,39.0000,39.0000,0.0000,0.0000,0.0000,0.0000,10.0000,3198.1977,3198
3060,2512,187.0000,188.0000,1.0000,1.0000,1.0000,0.0000,10.0000,3198.1258,3198
3061,2264,86.0000,86.0000,0.0000,1.0000,1.0000,0.0000,10.0000,3197.9558,3198
3062,2995,157.0000,158.0000,1.0000,1.0000,1.0000,0.0000,10.0000,3198.2015,3198
3063,2757,198.0000,198.0000,0.0000,1.0000,1.0000,0.0000,10.0000,3198.2423,3198
3064,2362,144.0000,144.0000,0.0000,1.0000,1.0000,0.0000,10.0000,3198.0339,3198
3065,2699,53.0000,53.0000,0.0000,1.0000,1.0000,0.0000,10.0000,3198.1406,3198
3066,3285,30.0000,30.0000,0.0000,0.0000,0.0000,0.0000,10.0000,3198.2105,3198
3067,2953,42.0000,42.0000,0.0000,0.0000,0.0000,0.0000,10.0000,3198.2962,3198
3068,2073,26.0000,26.0000,0.0000,0.0000,0.0000,0.0000,10.0000,3197.8261,3198
3069,3252,56.0000,56.0000,0.0000,1.0000,1.0000,0.0000,10.0000,3198.2044,3198
3070,2511,192.0000,192.0000,0.0000,1.0000,1.0000,0.0000,10.0000,3198.3053,3198
3071,2923,170.0000,170.0000,0.0000,1.0000,1.0000,0.0000,10.0000,3198.2216,3198
3072,2990,105.0000,105.0000,0.0000,1.0000,1.0000,0.0000,10.0000,3198.1935,3198
3073,2328,152.0000,152.0000,0.0000,1.0000,1.0000,0.0000,10.0000,3198.0394,3198
3074,2603,43.0000,43.0000,0.0000,0.0000,0.0000,0.0000,10.0000,3198.1816,3198
3075,2435,33.0000,33.0000,0.0000,0.0000,0.0000,0.0000,10.0000,3198.0567,3198
3076,2693,194.0000,195.0000,1.0000,1.0000,1.0000,0.0000,10.0000,3198.1592,3198
3077,3083,132.0000,132.0000,0.0000,1.0000,1.0000,0.0000,10.0000,3198.2224,3198
3078,2585,140.0000,140.0000,0.0000,1.0000,1.0000,0.0000,10.0000,3198.1502,3198
3079,2817,55.0000,55.0000,0.0000,1.0000,1.0000,0.0000,10.0000,3198.1749,3198
3080,3236,55.0000,55.0000,0.0000,1.0000,1.0000,0.0000,10.0000,3198.1956,3198
3081,1995,26.0000,26.0000,0.0000,0.0000,-0.0000,0.0000,11.0000,1969.6072,1970
3082,2578,164.0000,164.0000,0.0000,1.0000,1.0000,0.0000,10.0000,3198.1313,3198
3083,2157,40.0000,40.0000,0.0000,0.0000,0.0000,0.0000,10.0000,3198.0483,3198
3084,2747,198.0000,198.0000,0.0000,1.0000,1.0000,0.0000,10.0000,3198.2426,3198
3085,2819,200.0000,200.0000,0.0000,1.0000,1.0000,0.0000,10.0000,3198.1720,3198
3086,2883,191.0000,192.0000,1.0000,1.0000,1.0000,0.0000,10.0000,3198.2131,3198
3087,2505,195.0000,196.0000,1.0000,1.0000,1.0000,0.0000,10.0000,3198.1170,3198
3088,2940,172.0000,172.0000,0.0000,1.0000,1.0000,0.0000,10.0000,3198.2067,3198
3089,2253,79.0000,79.0000,0.0000,1.0000,1.0000,0.0000,10.0000,3197.8665,3198
3090,2680,185.0000,185.0000,0.0000,1.0000,1.0000,0.0000,10.0000,3198.1862,3198
3091,2472,192.0000,192.0000,0.0000,1.0000,1.0000,0.0000,10.0000,3198.1089,3198
3092,2524,195.0000,195.0000,0.0000,1.0000,1.0000,0.0000,10.0000,3198.1261,3198
3093,2826,167.0000,167.0000,0.0000,1.0000,1.0000,0.0000,10.0000,3198.1798,3198
3094,2269,45.0000,45.0000,0.0000,0.0000,-0.0000,0.0000,10.0000,3198.0896,3198
3095,2381,176.0000,176.0000,0.0000,1.0000,1.0000,0.0000,10.0000,3198.0893,3198
3096,2521,195.0000,195.0000,0.0000,1.0000,1.0000,0.0000,10.0000,3198.1131,3198
3097,2711,61.0000,61.0000,0.0000,1.0000,1.0000,0.0000,10.0000,3198.1427,3198
3098,2221,59.0000,59.0000,0.0000,1.0000,1.0000,0.0000,10.0000,3197.8425,3198
3099,2491,168.0000,168.0000,0.0000,1.0000,1.0000,0.0000,10.0000,3198.1227,3198
3100,2537,196.0000,196.0000,0.0000,1.0000,1.0000,0.0000,10.0000,3198.1390,3198
3101,2239,19.0000,19.0000,0.0000,0.0000,-0.0000,0.0000,10.0000,3198.1330,3198
3102,2650,192.0000,192.0000,0.0000,1.0000,1.0000,0.0000,10.0000,3198.1460,3198
3103,2429,179.0000,179.0000,0.0000,1.0000,1.0000,0.0000,10.0000,3198.1927,3198
3104,2316,78.0000,78.0000,0.0000,1.0000,1.0000,0.0000,10.0000,3198.0696,3198
3105,2496,28.0000,28.0000,0.0000,0.0000,0.0000,0.0000,10.0000,3198.0284,3198
3106,3029,137.0000,137.0000,0.0000,1.0000,1.0000,0.0000,10.0000,3198.2739,3198
3107,2868,198.0000,198.0000,0.0000,1.0000,1.0000,0.0000,10.0000,3198.1891,3198
3108,3047,138.0000,138.0000,0.0000,1.0000,1.0000,0.0000,10.0000,3198.1533,3198
3109,3238,33.0000,33.0000,0.0000,0.0000,-0.0000,0.0000,10.0000,3198.2111,3198
3110,2786,202.0000,202.0000,0.0000,1.0000,1.0000,0.0000,10.0000,3198.1623,3198
3111,2704,61.0000,61.0000,0.0000,1.0000,1.0000,0.0000,10.0000,3198.1399,3198
3112,2825,197.0000,198.0000,1.0000,1.0000,1.0000,0.0000,10.0000,3198.2778,3198
3113,2426,135.0000,135.0000,0.0000,1.0000,1.0000,0.0000,10.0000,3198.1836,3198
3114,3099,42.0000,42.0000,0.0000,0.0000,0.0000,0.0000,10.0000,3198.2134,3198
3115,3169,86.0000,86.0000,0.0000,1.0000,1.0000,0.0000,10.0000,3198.2089,3198
3116,3124,21.0000,21.0000,0.0000,0.0000,-0.0000,0.0000,10.0000,3198.1837,3198
3117,2855,199.0000,199.0000,0.0000,1.0000,1.0000,0.0000,10.0000,3198.2048,3198
3118,2412,31.0000,31.0000,0.0000,0.0000,0.0000,0.0000,10.0000,3198.2249,3198
3119,2613,198.0000,198.0000,0.0000,1.0000,1.0000,0.0000,10.0000,3198.1734,3198
3120,2601,193.0000,193.0000,0.0000,1.0000,1.0000,0.0000,10.0000,3198.1569,3198
3121,2839,200.0000,200.0000,0.0000,1.0000,1.0000,0.0000,10.0000,3198.3585,3198
3122,2425,172.0000,172.0000,0.0000,1.0000,1.0000,0.0000,10.0000,3198.1273,3198
3123,2750,81.0000,81.0000,0.0000,1.0000,1.0000,0.0000,10.0000,3198.2509,3198
3124,2481,196.0000,196.0000,0.0000,1.0000,1.0000,0.0000,10.0000,3198.1320,3198
3125,2596,178.0000,178.0000,0.0000,1.0000,1.0000,0.0000,10.0000,3198.1427,3198
3126,2535,194.0000,194.0000,0.0000,1.0000,1.0000,0.0000,10.0000,3198.3315,3198
3127,2963,165.0000,165.0000,0.0000,1.0000,1.0000,0.0000,10.0000,3198.2028,3198
3128,2935,173.0000,174.0000,1.0000,1.0000,1.0000,0.0000,10.0000,3198.2435,3198
3129,3137,99.0000,99.0000,0.0000,1.0000,1.0000,0.0000,10.0000,3198.1846,3198
3130,2936,163.0000,163.0000,0.0000,1.0000,1.0000,0.0000,10.0000,3198.1664,3198
3131,2678,198.0000,198.0000,0.0000,1.0000,1.0000,0.0000,10.0000,3198.1441,3198
3132,2256,54.0000,54.0000,0.0000,1.0000,1.0000,0.0000,10.0000,3197.8832,3198
3133,3299,10.0000,10.0000,0.0000,0.0000,0.0000,0.0000,10.0000,3198.1298,3198
3134,2290,76.0000,76.0000,0.0000,1.0000,1.0000,0.0000,10.0000,3197.9694,3198
3135,2023,52.0000,52.0000,0.0000,1.0000,1.0000,0.0000,11.0000,1969.6034,1970
3136,2257,83.0000,83.0000,0.0000,1.0000,1.0000,0.0000,10.0000,3197.8904,3198
3137,2267,10.0000,10.0000,0.0000,0.0000,-0.0000,0.0000,10.0000,3197.8512,3198
3138,3189,54.0000,54.0000,0.0000,1.0000,1.0000,0.0000,10.0000,3198.2058,3198
3139,2818,64.0000,64.0000,0.0000,1.0000,1.0000,0.0000,10.0000,3198.1751,3198
3140,2894,87.0000,88.0000,1.0000,1.0000,1.0000,0.0000,10.0000,3198.2363,3198
3141,2294,102.0000,102.0000,0.0000,1.0000,1.0000,0.0000,10.0000,3197.9748,3198
3142,2428,186.0000,186.0000,0.0000,1.0000,1.0000,0.0000,10.0000,3198.1190,3198
3143,2357,92.0000,92.0000,0.0000,1.0000,1.0000,0.0000,10.0000,3198.2473,3198
3144,2528,32.0000,32.0000,0.0000,0.0000,0.0000,0.0000,10.0000,3198.1564,3198
3145,2369,168.0000,168.0000,0.0000,1.0000,1.0000,0.0000,10.0000,3198.0679,3198
3146,2192,41.0000,42.0000,1.0000,0.0000,0.0000,0.0000,10.0000,3197.9704,3198
3147,2448,177.0000,177.0000,0.0000,1.0000,1.0000,0.0000,10.0000,3198.1645,3198
3148,2568,193.0000,193.0000,0.0000,1.0000,1.0000,0.0000,10.0000,3198.1555,3198
3149,2662,202.0000,202.0000,0.0000,1.0000,1.0000,0.0000,10.0000,3198.1783,3198
3150,3183,80.0000,80.0000,0.0000,1.0000,1.0000,0.0000,10.0000,3198.2165,3198
3151,2749,182.0000,183.0000,1.0000,1.0000,1.0000,0.0000,10.0000,3198.1631,3198
3152,2234,57.0000,57.0000,0.0000,1.0000,1.0000,0.0000,10.0000,3197.8462,3198
3153,2700,203.0000,203.0000,0.0000,1.0000,1.0000,0.0000,10.0000,3198.1485,3198
3154,2272,79.0000,79.0000,0.0000,1.0000,1.0000,0.0000,10.0000,3197.9387,3198
3155,3209,36.0000,36.0000,0.0000,0.0000,-0.0000,0.0000,10.0000,3198.2189,3198
3156,2719,203.0000,203.0000,0.0000,1.0000,1.0000,0.0000,10.0000,3198.2250,3198
3157,2019,20.0000,20.0000,0.0000,0.0000,0.0000,0.0000,0.0000,-0.0385,-1
3158,2709,152.0000,152.0000,0.0000,1.0000,1.0000,0.0000,10.0000,3198.2432,3198
3159,3306,9.0000,9.0000,0.0000,0.0000,0.0000,0.0000,0.0000,-0.0257,-1
3160,2417,188.0000,188.0000,0.0000,1.0000,1.0000,0.0000,10.0000,3198.0818,3198
3161,2559,195.0000,195.0000,0.0000,1.0000,1.0000,0.0000,10.0000,3198.1624,3198
3162,2736,49.0000,49.0000,0.0000,0.0000,-0.0000,0.0000,10.0000,3198.1890,3198
3163,2980,96.0000,96.0000,0.0000,1.0000,1.0000,0.0000,10.0000,3198.1873,3198
3164,2300,63.0000,63.0000,0.0000,1.0000,1.0000,0.0000,10.0000,3197.9311,3198
3165,2084,28.0000,28.0000,0.0000,0.0000,0.0000,0.0000,10.0000,3198.0113,3198
3166,2565,196.0000,196.0000,0.0000,1.0000,1.0000,0.0000,10.0000,3198.2666,3198
3167,2851,195.0000,195.0000,0.0000,1.0000,1.0000,0.0000,10.0000,3198.2620,3198
3168,2539,193.0000,193.0000,0.0000,1.0000,1.0000,0.0000,10.0000,3198.1552,3198
3169,2639,200.0000,200.0000,0.0000,1.0000,1.0000,0.0000,10.0000,3198.1551,3198
3170,2739,197.0000,197.0000,0.0000,1.0000,1.0000,0.0000,10.0000,3198.3458,3198
3171,3201,77.0000,77.0000,0.0000,1.0000,1.0000,0.0000,10.0000,3198.2408,3198
3172,3003,113.0000,113.0000,0.0000,1.0000,1.0000,0.0000,10.0000,3198.2856,3198
3173,2658,200.0000,201.0000,1.0000,1.0000,1.0000,0.0000,10.0000,3198.1966,3198
3174,2763,176.0000,176.0000,0.0000,1.0000,1.0000,0.0000,10.0000,3198.1677,3198
3175,2113,28.0000,28.0000,0.0000,0.0000,0.0000,0.0000,10.0000,3198.1315,3198
3176,2781,199.0000,199.0000,0.0000,1.0000,1.0000,0.0000,10.0000,3198.1679,3198
3177,2516,174.0000,174.9995,0.9995,1.0000,1.0000,0.0000,10.0000,3198.2368,3198
3178,2775,200.0000,200.0000,0.0000,1.0000,1.0000,0.0000,10.0000,3198.1742,3198
3179,2695,201.0000,201.0000,0.0000,1.0000,1.0000,0.0000,10.0000,3198.3025,3198
3180,2832,126.0000,126.0000,0.0000,1.0000,1.0000,0.0000,10.0000,3198.1638,3198
3181,3006,50.0000,50.0000,0.0000,1.0000,1.0000,0.0000,10.0000,3198.1889,3198
3182,3119,97.0000,98.0000,1.0000,1.0000,1.0000,0.0000,10.0000,3198.2257,3198
3183,2805,45.0000,45.0000,0.0000,0.0000,0.0000,0.0000,10.0000,3198.1870,3198
3184,2946,147.0000,147.0000,0.0000,1.0000,1.0000,0.0000,10.0000,3198.2496,3198
3185,2293,100.0000,100.0000,0.0000,1.0000,1.0000,0.0000,10.0000,3197.8542,3198
3186,2707,10.0000,10.0000,0.0000,0.0000,0.0000,0.0000,0.0000,0.0044,-1
3187,3147,98.0000,98.0000,0.0000,1.0000,1.0000,0.0000,10.0000,3198.1686,3198
3188,3102,126.0000,126.0000,0.0000,1.0000,1.0000,0.0000,10.0000,3198.1877,3198
3189,2733,180.0000,180.0000,0.0000,1.0000,1.0000,0.0000,10.0000,3198.2311,3198
3190,2584,197.0000,197.0000,0.0000,1.0000,1.0000,0.0000,10.0000,3198.2502,3198
3191,2556,196.0000,196.0000,0.0000,1.0000,1.0000,0.0000,10.0000,3198.1526,3198
3192,2126,31.0000,31.0000,0.0000,0.0000,0.0000,0.0000,10.0000,3197.8617,3198
3193,3219,36.0000,36.0000,0.0000,0.0000,-0.0000,0.0000,10.0000,3198.3871,3198
3194,2563,187.0000,187.0000,0.0000,1.0000,1.0000,0.0000,10.0000,3198.1190,3198
3195,2743,187.0000,187.0000,0.0000,1.0000,1.0000,0.0000,10.0000,3198.1649,3198
3196,3208,70.0000,70.0000,0.0000,1.0000,1.0000,0.0000,10.0000,3198.2363,3198
3197,3000,153.0000,153.9995,0.9995,1.0000,1.0000,0.0000,10.0000,3198.3379,3198
3198,3157,93.0000,93.0000,0.0000,1.0000,1.0000,0.0000,10.0000,3198.2005,3198
3199,2368,18.0000,18.0000,0.0000,0.0000,-0.0000,0.0000,10.0000,3197.9687,3198
3200,2815,198.0000,198.0000,0.0000,1.0000,1.0000,0.0000,10.0000,3198.1633,3198
3201,3069,111.0000,112.0000,1.0000,1.0000,1.0000,0.0000,10.0000,3198.2633,3198
3202,2874,30.0000,30.0000,0.0000,0.0000,-0.0000,0.0000,10.0000,3198.1621,3198
3203,3232,11.0000,11.0000,0.0000,0.0000,0.0000,0.0000,10.0000,3198.2667,3198
3204,2502,179.0000,179.0000,0.0000,1.0000,1.0000,0.0000,10.0000,3198.1905,3198
3205,2798,198.0000,198.0000,0.0000,1.0000,1.0000,0.0000,10.0000,3198.2667,3198
3206,3092,20.0000,20.0000,0.0000,0.0000,0.0000,0.0000,10.0000,3198.1272,3198
3207,2849,196.0000,196.0000,0.0000,1.0000,1.0000,0.0000,10.0000,3198.1744,3198
3208,2010,19.0000,19.0000,0.0000,0.0000,0.0000,0.0000,0.0000,-0.0267,-1
3209,2543,32.0000,32.0000,0.0000,0.0000,-0.0000,0.0000,10.0000,3198.0929,3198
3210,2742,199.0000,199.0000,0.0000,1.0000,1.0000,0.0000,10.0000,3198.1876,3198
3211,2455,188.0000,188.0000,0.0000,1.0000,1.0000,0.0000,10.0000,3198.1095,3198
3212,3107,100.0000,100.0000,0.0000,1.0000,1.0000,0.0000,10.0000,3198.2087,3198
3213,2882,188.0000,188.0000,0.0000,1.0000,1.0000,0.0000,10.0000,3198.1828,3198
3214,2640,199.0000,199.0000,0.0000,1.0000,1.0000,0.0000,10.0000,3198.2550,3198
3215,2548,195.0000,195.0000,0.0000,1.0000,1.0000,0.0000,10.0000,3198.1568,3198
3216,3070,3.0000,3.0000,0.0000,0.0000,0.0000,0.0000,0.0000,-0.0228,-1
3217,2619,160.0000,160.0000,0.0000,1.0000,1.0000,0.0000,10.0000,3198.2039,3198
3218,2655,200.0000,200.0000,0.0000,1.0000,1.0000,0.0000,10.0000,3198.1535,3198
3219,2574,106.0000,107.0000,1.0000,1.0000,1.0000,0.0000,10.0000,3198.2426,3198
3220,2799,84.0000,84.0000,0.0000,1.0000,1.0000,0.0000,10.0000,3198.1614,3198
3221,3235,30.0000,30.0000,0.0000,0.0000,0.0000,0.0000,10.0000,3198.2034,3198
3222,2450,184.0000,184.0000,0.0000,1.0000,1.0000,0.0000,10.0000,3198.2708,3198
3223,3149,74.0000,74.0000,0.0000,1.0000,1.0000,0.0000,10.0000,3198.3538,3198
3224,2553,156.0000,157.0000,1.0000,1.0000,1.0000,0.0000,10.0000,3198.1381,3198
3225,2519,32.0000,32.0000,0.0000,0.0000,-0.0000,0.0000,10.0000,3198.1811,3198
3226,2420,171.0000,171.0000,0.0000,1.0000,1.0000,0.0000,10.0000,3198.1072,3198
3227,2573,191.0000,191.0000,0.0000,1.0000,1.0000,0.0000,10.0000,3198.2742,3198
3228,2346,141.0000,141.0000,0.0000,1.0000,1.0000,0.0000,10.0000,3198.2248,3198
3229,3278,46.0000,46.0000,0.0000,0.0000,0.0000,0.0000,10.0000,3198.1782,3198
3230,3247,44.0000,44.0000,0.0000,0.0000,0.0000,0.0000,10.0000,3198.1853,3198
3231,2445,177.0000,177.0000,0.0000,1.0000,1.0000,0.0000,10.0000,3198.1470,3198
3232,2206,6.0000,6.0000,0.0000,0.0000,-0.0000,0.0000,0.0000,0.0665,-1
3233,2515,193.0000,194.0000,1.0000,1.0000,1.0000,0.0000,10.0000,3198.1220,3198
3234,2732,202.0000,202.0000,0.0000,1.0000,1.0000,0.0000,10.0000,3198.1465,3198
3235,3051,131.0000,131.0000,0.0000,1.0000,1.0000,0.0000,10.0000,3198.3448,3198
3236,2686,203.0000,203.0000,0.0000,1.0000,1.0000,0.0000,10.0000,3198.1424,3198
3237,2571,197.0000,197.0000,0.0000,1.0000,1.0000,0.0000,10.0000,3198.2485,3198
3238,2365,173.0000,174.0000,1.0000,1.0000,1.0000,0.0000,10.0000,3198.0633,3198
3239,2778,194.0000,194.0000,0.0000,1.0000,1.0000,0.0000,10.0000,3198.1699,3198
3240,2597,197.0000,197.0000,0.0000,1.0000,1.0000,0.0000,10.0000,3198.3849,3198
3241,2350,34.0000,34.0000,0.0000,0.0000,-0.0000,0.0000,10.0000,3198.1246,3198
3242,2811,88.0000,88.0000,0.0000,1.0000,1.0000,0.0000,10.0000,3198.2450,3198
3243,2974,29.0000,29.0000,0.0000,0.0000,-0.0000,0.0000,10.0000,3198.1868,3198
3244,2462,165.0000,165.0000,0.0000,1.0000,1.0000,0.0000,10.0000,3198.1047,3198
3245,3118,73.0000,73.0000,0.0000,1.0000,1.0000,0.0000,10.0000,3198.3023,3198
3246,2827,195.0000,195.0000,0.0000,1.0000,1.0000,0.0000,10.0000,3198.1955,3198
3247,2977,165.0000,165.0000,0.0000,1.0000,1.0000,0.0000,10.0000,3198.2002,3198
3248,3195,73.0000,73.9929,0.9929,1.0000,1.0000,0.0000,10.0000,3198.2214,3198
3249,3298,37.0000,37.0000,0.0000,0.0000,0.0000,0.0000,10.0000,3198.2553,3198
3250,3274,46.0000,46.0000,0.0000,0.0000,-0.0000,0.0000,10.0000,3198.2555,3198
3251,2432,109.0000,109.0000,0.0000,1.0000,1.0000,0.0000,10.0000,3198.0611,3198
3252,2514,4.0000,4.0000,0.0000,0.0000,-0.0000,0.0000,0.0000,0.0794,-1
3253,2546,188.0000,188.0000,0.0000,1.0000,1.0000,0.0000,10.0000,3198.1572,3198
3254,4378,193.0000,193.0000,0.0000,1.0000,1.0000,0.0000,12.0000,4863.2752,4863
3255,4634,172.0000,172.0000,0.0000,1.0000,1.0000,0.0000,12.0000,4863.6222,4863
3256,4585,221.0000,221.0000,0.0000,1.0000,1.0000,0.0000,12.0000,4863.5384,4863
3257,4822,81.0000,81.0000,0.0000,1.0000,1.0000,0.0000,12.0000,4863.6894,4863
3258,4685,123.0000,123.0000,0.0000,1.0000,1.0000,0.0000,12.0000,4863.4725,4863
3259,4358,110.0000,110.0000,0.0000,1.0000,1.0000,0.0000,12.0000,4863.2881,4863
3260,4733,149.0000,149.0000,0.0000,1.0000,1.0000,0.0000,12.0000,4863.5320,4863
3261,4810,133.0000,133.0000,0.0000,1.0000,1.0000,0.0000,12.0000,4863.6013,4863
3262,4650,178.0000,178.0000,0.0000,1.0000,1.0000,0.0000,12.0000,4863.4839,4863
3263,4638,65.0000,65.0000,0.0000,1.0000,1.0000,0.0000,12.0000,4863.5107,4863
3264,4621,207.0000,207.0000,0.0000,1.0000,1.0000,0.0000,12.0000,4863.5026,4863
3265,4558,202.0000,203.0000,1.0000,1.0000,1.0000,0.0000,12.0000,4863.4870,4863
3266,4557,219.0000,219.0000,0.0000,1.0000,1.0000,0.0000,12.0000,4863.5365,4863
3267,4329,54.0000,54.0000,0.0000,1.0000,1.0000,0.0000,12.0000,4863.2640,4863
3268,4351,126.0000,126.0000,0.0000,1.0000,1.0000,0.0000,12.0000,4863.2457,4863
3269,4519,217.0000,217.0000,0.0000,1.0000,1.0000,0.0000,12.0000,4863.5324,4863
3270,4605,43.0000,43.0000,0.0000,0.0000,-0.0000,0.0000,12.0000,4863.5616,4863
3271,4981,13.0000,13.0000,0.0000,0.0000,0.0000,0.0000,12.0000,4863.5868,4863
3272,4986,9.0000,9.0000,0.0000,0.0000,-0.0000,0.0000,0.0000,0.0579,-1
3273,4561,201.0000,202.0000,1.0000,1.0000,1.0000,0.0000,12.0000,4863.4592,4863
3274,4441,209.0000,209.0000,0.0000,1.0000,1.0000,0.0000,12.0000,4863.3747,4863
3275,4538,218.0000,218.0000,0.0000,1.0000,1.0000,0.0000,12.0000,4863.4562,4863
3276,4951,30.0000,30.0000,0.0000,0.0000,0.0000,0.0000,12.0000,4863.5308,4863
3277,4363,110.0000,110.0000,0.0000,1.0000,1.0000,0.0000,12.0000,4863.4220,4863
3278,4298,34.0000,34.0000,0.0000,0.0000,0.0000,0.0000,12.0000,4863.2232,4863
3279,4567,182.0000,182.0000,0.0000,1.0000,1.0000,0.0000,12.0000,4863.4873,4863
3280,4546,218.0000,218.0000,0.0000,1.0000,1.0000,0.0000,12.0000,4863.4558,4863
3281,4571,216.0000,216.0000,0.0000,1.0000,1.0000,0.0000,12.0000,4863.4918,4863
3282,4594,216.0000,216.0000,0.0000,1.0000,1.0000,0.0000,12.0000,4863.5117,4863
3283,4848,44.0000,44.0000,0.0000,0.0000,-0.0000,0.0000,12.0000,4863.4396,4863
3284,4533,217.0000,217.0000,0.0000,1.0000,1.0000,0.0000,12.0000,4863.4625,4863
3285,4949,39.0000,39.0000,0.0000,0.0000,-0.0000,0.0000,12.0000,4863.5097,4863
3286,4390,147.0000,147.0000,0.0000,1.0000,1.0000,0.0000,12.0000,4863.3326,4863
3287,4644,124.0000,124.0000,0.0000,1.0000,1.0000,0.0000,12.0000,4863.5186,4863
3288,4454,214.0000,214.0000,0.0000,1.0000,1.0000,0.0000,12.0000,4863.4133,4863
3289,4532,219.0000,219.0000,0.0000,1.0000,1.0000,0.0000,12.0000,4863.5013,4863
3290,4649,205.0000,206.0000,1.0000,1.0000,1.0000,0.0000,12.0000,4863.5444,4863
3291,4914,53.0000,53.0000,0.0000,1.0000,1.0000,0.0000,12.0000,4863.5657,4863
3292,4528,218.0000,218.0000,0.0000,1.0000,1.0000,0.0000,12.0000,4863.4381,4863
3293,4602,221.0000,221.0000,0.0000,1.0000,1.0000,0.0000,12.0000,4863.6108,4863
3294,4407,186.0000,186.0000,0.0000,1.0000,1.0000,0.0000,12.0000,4863.3187,4863
3295,4980,16.0000,16.0000,0.0000,0.0000,0.0000,0.0000,12.0000,4863.5141,4863
3296,4498,198.0000,198.0000,0.0000,1.0000,1.0000,0.0000,12.0000,4863.4200,4863
3297,4424,209.0000,209.0000,0.0000,1.0000,1.0000,0.0000,12.0000,4863.3366,4863
3298,4462,219.0000,219.0000,0.0000,1.0000,1.0000,0.0000,12.0000,4863.3849,4863
3299,4470,222.0000,222.0000,0.0000,1.0000,1.0000,0.0000,12.0000,4863.4377,4863
3300,4467,217.0000,217.0000,0.0000,1.0000,1.0000,0.0000,12.0000,4863.5028,4863
3301,4311,43.0000,43.0000,0.0000,0.0000,0.0000,0.0000,12.0000,4863.2032,4863
3302,4332,78.0000,78.0000,0.0000,1.0000,1.0000,0.0000,12.0000,4863.3489,4863
3303,4385,115.0000,115.0000,0.0000,1.0000,1.0000,0.0000,12.0000,4863.2930,4863
3304,4386,81.0000,81.0000,0.0000,1.0000,1.0000,0.0000,12.0000,4863.2916,4863
3305,4492,221.0000,221.0000,0.0000,1.0000,1.0000,0.0000,12.0000,4863.4168,4863
3306,4530,213.0000,213.0000,0.0000,1.0000,1.0000,0.0000,12.0000,4863.5252,4863
3307,4920,44.0000,44.0000,0.0000,0.0000,-0.0000,0.0000,12.0000,4863.5185,4863
3308,4468,224.0000,224.0000,0.0000,1.0000,1.0000,0.0000,12.0000,4863.5909,4863
3309,4669,191.0000,191.0000,0.0000,1.0000,1.0000,0.0000,12.0000,4863.4775,4863
3310,4736,35.0000,35.0000,0.0000,0.0000,-0.0000,0.0000,12.0000,4863.4978,4863
3311,4581,215.0000,215.0000,0.0000,1.0000,1.0000,0.0000,12.0000,4863.4737,4863
3312,4686,192.0000,192.0000,0.0000,1.0000,1.0000,0.0000,12.0000,4863.4646,4863
3313,4763,32.0000,32.0000,0.0000,0.0000,0.0000,0.0000,12.0000,4863.4750,4863
3314,4534,218.0000,218.0000,0.0000,1.0000,1.0000,0.0000,12.0000,4863.6113,4863
3315,4369,29.0000,29.0000,0.0000,0.0000,-0.0000,0.0000,12.0000,4863.3261,4863
3316,4994,6.0000,6.0000,0.0000,0.0000,-0.0000,0.0000,0.0000,0.0103,-1
3317,4720,181.0000,181.0000,0.0000,1.0000,1.0000,0.0000,12.0000,4863.5783,4863
3318,4344,57.0000,57.0000,0.0000,1.0000,1.0000,0.0000,12.0000,4863.2470,4863
3319,4717,196.0000,196.0000,0.0000,1.0000,1.0000,0.0000,12.0000,4863.5184,4863
3320,4698,66.0000,66.0000,0.0000,1.0000,1.0000,0.0000,12.0000,4863.4930,4863
3321,4382,151.0000,151.0000,0.0000,1.0000,1.0000,0.0000,12.0000,4863.3002,4863
3322,4859,71.0000,71.0000,0.0000,1.0000,1.0000,0.0000,12.0000,4863.5009,4863
3323,4479,213.0000,213.0000,0.0000,1.0000,1.0000,0.0000,12.0000,4863.4716,4863
3324,4321,24.0000,25.0000,1.0000,0.0000,-0.0000,0.0000,12.0000,4863.1458,4863
3325,4579,216.0000,216.0000,0.0000,1.0000,1.0000,0.0000,12.0000,4863.5769,4863
3326,4541,218.0000,218.0000,0.0000,1.0000,1.0000,0.0000,12.0000,4863.5381,4863
3327,4941,38.0000,38.0000,0.0000,0.0000,-0.0000,0.0000,12.0000,4863.5021,4863
3328,4487,191.0000,191.0000,0.0000,1.0000,1.0000,0.0000,12.0000,4863.4919,4863
3329,4611,219.0000,219.0000,0.0000,1.0000,1.0000,0.0000,12.0000,4863.4974,4863
3330,4583,218.0000,219.0000,1.0000,1.0000,1.0000,0.0000,12.0000,4863.4847,4863
3331,4497,223.0000,223.0000,0.0000,1.0000,1.0000,0.0000,12.0000,4863.5774,4863
3332,4576,194.0000,194.0000,0.0000,1.0000,1.0000,0.0000,12.0000,4863.4679,4863
3333,4536,216.0000,216.0000,0.0000,1.0000,1.0000,0.0000,12.0000,4863.5330,4863
3334,4578,214.0000,214.0000,0.0000,1.0000,1.0000,0.0000,12.0000,4863.4879,4863
3335,4410,167.0000,168.0000,1.0000,1.0000,1.0000,0.0000,12.0000,4863.3300,4863
3336,4448,204.0000,204.0000,0.0000,1.0000,1.0000,0.0000,12.0000,4863.4235,4863
3337,4327,69.0000,69.0000,0.0000,1.0000,1.0000,0.0000,12.0000,4863.3241,4863
3338,4517,214.0000,214.0000,0.0000,1.0000,1.0000,0.0000,12.0000,4863.4281,4863
3339,4445,198.0000,198.0000,0.0000,1.0000,1.0000,0.0000,12.0000,4863.4954,4863
3340,4365,55.0000,55.0000,0.0000,1.0000,1.0000,0.0000,12.0000,4863.2739,4863
3341,4908,36.0000,36.0000,0.0000,0.0000,-0.0000,0.0000,12.0000,4863.5042,4863
3342,4481,193.0000,193.0000,0.0000,1.0000,1.0000,0.0000,12.0000,4863.4336,4863
3343,4653,200.0000,200.0000,0.0000,1.0000,1.0000,0.0000,12.0000,4863.5114,4863
3344,4551,194.0000,194.0000,0.0000,1.0000,1.0000,0.0000,12.0000,4863.4592,4863
3345,4397,95.0000,95.0000,0.0000,1.0000,1.0000,0.0000,12.0000,4863.3060,4863
3346,4433,217.0000,217.0000,0.0000,1.0000,1.0000,0.0000,12.0000,4863.3509,4863
3347,4985,9.0000,9.0000,0.0000,0.0000,0.0000,0.0000,0.0000,-0.0428,-1
3348,4819,81.0000,82.0000,1.0000,1.0000,1.0000,0.0000,12.0000,4863.5103,4863
3349,4330,51.0000,51.0000,0.0000,1.0000,1.0000,0.0000,12.0000,4863.2410,4863
3350,4607,95.0000,96.0000,1.0000,1.0000,1.0000,0.0000,12.0000,4863.6899,4863
3351,4687,208.0000,208.0000,0.0000,1.0000,1.0000,0.0000,12.0000,4863.4764,4863
3352,4590,214.0000,214.0000,0.0000,1.0000,1.0000,0.0000,12.0000,4863.4852,4863
3353,4432,197.0000,198.0000,1.0000,1.0000,1.0000,0.0000,12.0000,4863.3320,4863
3354,4512,219.0000,219.0000,0.0000,1.0000,1.0000,0.0000,12.0000,4863.4383,4863
3355,4617,159.0000,159.0000,0.0000,1.0000,1.0000,0.0000,12.0000,4863.5046,4863
3356,4540,218.0000,218.0000,0.0000,1.0000,1.0000,0.0000,12.0000,4863.6404,4863
3357,4545,218.0000,218.0000,0.0000,1.0000,1.0000,0.0000,12.0000,4863.4500,4863
3358,4312,13.0000,13.0000,0.0000,0.0000,0.0000,0.0000,12.0000,4863.2234,4863
3359,4821,125.0000,125.0000,0.0000,1.0000,1.0000,0.0000,12.0000,4863.4777,4863
3360,4490,149.0000,149.0000,0.0000,1.0000,1.0000,0.0000,12.0000,4863.4297,4863
3361,4692,208.0000,208.0000,0.0000,1.0000,1.0000,0.0000,12.0000,4863.5519,4863
3362,4508,224.0000,224.0000,0.0000,1.0000,1.0000,0.0000,12.0000,4863.5789,4863
3363,4640,169.0000,169.0000,0.0000,1.0000,1.0000,0.0000,12.0000,4863.4828,4863
3364,4396,171.0000,171.0000,0.0000,1.0000,1.0000,0.0000,12.0000,4863.3090,4863
3365,4887,55.0000,55.0000,0.0000,1.0000,1.0000,0.0000,12.0000,4863.5345,4863
3366,4389,194.0000,194.0000,0.0000,1.0000,1.0000,0.0000,12.0000,4863.3233,4863
3367,4457,204.0000,204.0000,0.0000,1.0000,1.0000,0.0000,12.0000,4863.3923,4863
3368,4966,30.0000,30.0000,0.0000,0.0000,-0.0000,0.0000,12.0000,4863.4835,4863
3369,4712,67.0000,67.0000,0.0000,1.0000,1.0000,0.0000,12.0000,4863.4697,4863
3370,4456,211.0000,211.0000,0.0000,1.0000,1.0000,0.0000,12.0000,4863.3902,4863
3371,4383,103.0000,104.0000,1.0000,1.0000,1.0000,0.0000,12.0000,4863.3936,4863
3372,4292,39.0000,39.0000,0.0000,0.0000,0.0000,0.0000,12.0000,4863.2744,4863
3373,4436,211.0000,211.0000,0.0000,1.0000,1.0000,0.0000,12.0000,4863.4598,4863
3374,4380,138.0000,138.0000,0.0000,1.0000,1.0000,0.0000,12.0000,4863.5004,4863
3375,4633,155.0000,156.0000,1.0000,1.0000,1.0000,0.0000,12.0000,4863.5723,4863
3376,4502,170.0000,170.0000,0.0000,1.0000,1.0000,0.0000,12.0000,4863.4593,4863
3377,4723,44.0000,44.0000,0.0000,0.0000,-0.0000,0.0000,12.0000,4863.6669,4863
3378,4535,219.0000,219.0000,0.0000,1.0000,1.0000,0.0000,12.0000,4863.4474,4863
3379,4727,192.0000,192.0000,0.0000,1.0000,1.0000,0.0000,12.0000,4863.5048,4863
3380,4376,156.0000,156.0000,0.0000,1.0000,1.0000,0.0000,12.0000,4863.3121,4863
3381,4093,40.0000,40.0000,0.0000,0.0000,-0.0000,0.0000,6.0000,4030.8314,4031
3382,4569,219.0000,219.0000,0.0000,1.0000,1.0000,0.0000,12.0000,4863.4888,4863
3383,4756,100.0000,100.0000,0.0000,1.0000,1.0000,0.0000,12.0000,4863.4819,4863
3384,4359,93.0000,93.0000,0.0000,1.0000,1.0000,0.0000,12.0000,4863.2972,4863
3385,4346,32.0000,32.0000,0.0000,0.0000,-0.0000,0.0000,12.0000,4863.2291,4863
3386,4360,150.0000,150.0000,0.0000,1.0000,1.0000,0.0000,12.0000,4863.3040,4863
3387,4395,184.0000,184.0000,0.0000,1.0000,1.0000,0.0000,12.0000,4863.3018,4863
3388,4615,159.0000,159.0000,0.0000,1.0000,1.0000,0.0000,12.0000,4863.6783,4863
3389,4340,49.0000,49.0000,0.0000,0.0000,0.0000,0.0000,12.0000,4863.2229,4863
3390,4354,123.0000,123.0000,0.0000,1.0000,1.0000,0.0000,12.0000,4863.3839,4863
3391,4473,204.0000,204.0000,0.0000,1.0000,1.0000,0.0000,12.0000,4863.4232,4863
3392,4339,67.0000,67.0000,0.0000,1.0000,1.0000,0.0000,12.0000,4863.2757,4863
3393,4711,74.0000,74.0000,0.0000,1.0000,1.0000,0.0000,12.0000,4863.4667,4863
3394,4442,216.0000,216.0000,0.0000,1.0000,1.0000,0.0000,12.0000,4863.3852,4863
3395,4420,184.0000,184.0000,0.0000,1.0000,1.0000,0.0000,12.0000,4863.3337,4863
3396,4860,77.0000,77.0000,0.0000,1.0000,1.0000,0.0000,12.0000,4863.6298,4863
3397,4403,193.0000,193.0000,0.0000,1.0000,1.0000,0.0000,12.0000,4863.3389,4863
3398,4684,209.0000,209.0000,0.0000,1.0000,1.0000,0.0000,12.0000,4863.4730,4863
3399,4485,223.0000,223.0000,0.0000,1.0000,1.0000,0.0000,12.0000,4863.4318,4863
3400,4598,180.0000,180.0000,0.0000,1.0000,1.0000,0.0000,12.0000,4863.4824,4863
3401,4531,176.0000,176.0000,0.0000,1.0000,1.0000,0.0000,12.0000,4863.4672,4863
3402,4483,215.0000,215.0000,0.0000,1.0000,1.0000,0.0000,12.0000,4863.4442,4863
3403,4549,218.0000,218.0000,0.0000,1.0000,1.0000,0.0000,12.0000,4863.4616,4863
3404,4559,219.0000,219.0000,0.0000,1.0000,1.0000,0.0000,12.0000,4863.4661,4863
3405,4501,223.0000,223.0000,0.0000,1.0000,1.0000,0.0000,12.0000,4863.4237,4863
3406,4582,85.0000,85.0000,0.0000,1.0000,1.0000,0.0000,12.0000,4863.5863,4863
3407,4705,64.0000,64.0000,0.0000,1.0000,1.0000,0.0000,12.0000,4863.5081,4863
3408,4745,150.0000,150.0000,0.0000,1.0000,1.0000,0.0000,12.0000,4863.4900,4863
3409,4309,14.0000,14.0000,0.0000,0.0000,0.0000,0.0000,12.0000,4863.2531,4863
3410,4659,190.0000,190.0000,0.0000,1.0000,1.0000,0.0000,12.0000,4863.4900,4863
3411,4370,176.0000,176.0000,0.0000,1.0000,1.0000,0.0000,12.0000,4863.2980,4863
3412,4504,153.0000,153.0000,0.0000,1.0000,1.0000,0.0000,12.0000,4863.5762,4863
3413,4415,149.0000,149.0000,0.0000,1.0000,1.0000,0.0000,12.0000,4863.3385,4863
3414,4469,223.0000,223.0000,0.0000,1.0000,1.0000,0.0000,12.0000,4863.4426,4863
3415,4475,190.0000,190.0000,0.0000,1.0000,1.0000,0.0000,12.0000,4863.4229,4863
3416,4461,211.0000,211.0000,0.0000,1.0000,1.0000,0.0000,12.0000,4863.4040,4863
3417,4422,187.0000,187.0000,0.0000,1.0000,1.0000,0.0000,12.0000,4863.3137,4863
3418,4749,72.0000,72.0000,0.0000,1.0000,1.0000,0.0000,12.0000,4863.4736,4863
3419,4197,40.0000,40.0000,0.0000,0.0000,0.0000,0.0000,6.0000,4030.8212,4031
3420,4480,210.0000,210.0000,0.0000,1.0000,1.0000,0.0000,12.0000,4863.4353,4863
3421,4600,220.0000,220.0000,0.0000,1.0000,1.0000,0.0000,12.0000,4863.4818,4863
3422,4444,201.0000,201.0000,0.0000,1.0000,1.0000,0.0000,12.0000,4863.3679,4863
3423,4413,209.0000,209.0000,0.0000,1.0000,1.0000,0.0000,12.0000,4863.4487,4863
3424,4691,175.0000,175.0000,0.0000,1.0000,1.0000,0.0000,12.0000,4863.6011,4863
3425,4416,213.0000,213.0000,0.0000,1.0000,1.0000,0.0000,12.0000,4863.4439,4863
3426,4486,37.0000,37.0000,0.0000,0.0000,0.0000,0.0000,12.0000,4863.7092,4863
3427,4680,45.0000,45.0000,0.0000,0.0000,-0.0000,0.0000,12.0000,4863.4400,4863
3428,4671,75.0000,75.0000,0.0000,1.0000,1.0000,0.0000,12.0000,4863.6297,4863
3429,4434,216.0000,216.0000,0.0000,1.0000,1.0000,0.0000,12.0000,4863.3523,4863
3430,4419,170.0000,170.0000,0.0000,1.0000,1.0000,0.0000,12.0000,4863.3372,4863
3431,4334,68.0000,68.0000,0.0000,1.0000,1.0000,0.0000,12.0000,4863.2429,4863
3432,4575,216.0000,216.0000,0.0000,1.0000,1.0000,0.0000,12.0000,4863.5367,4863
3433,4463,213.0000,213.0000,0.0000,1.0000,1.0000,0.0000,12.0000,4863.4237,4863
3434,4833,38.0000,38.0000,0.0000,0.0000,-0.0000,0.0000,12.0000,4863.4729,4863
3435,4493,211.0000,211.0000,0.0000,1.0000,1.0000,0.0000,12.0000,4863.4888,4863
3436,4714,193.0000,193.0000,0.0000,1.0000,1.0000,0.0000,12.0000,4863.5431,4863
3437,4636,34.0000,34.0000,0.0000,0.0000,0.0000,0.0000,12.0000,4863.4834,4863
3438,4609,206.0000,206.0000,0.0000,1.0000,1.0000,0.0000,12.0000,4863.4863,4863
3439,4556,198.0000,198.0000,0.0000,1.0000,1.0000,0.0000,12.0000,4863.4672,4863
3440,4170,43.0000,43.0000,0.0000,0.0000,-0.0000,0.0000,6.0000,4030.8201,4031
3441,4655,157.0000,157.0000,0.0000,1.0000,1.0000,0.0000,12.0000,4863.5000,4863
3442,4879,67.0000,67.0000,0.0000,1.0000,1.0000,0.0000,12.0000,4863.7011,4863
3443,4453,199.0000,199.0000,0.0000,1.0000,1.0000,0.0000,12.0000,4863.3860,4863
3444,4366,24.0000,24.0000,0.0000,0.0000,0.0000,0.0000,12.0000,4863.3584,4863
3445,4521,70.0000,70.0000,0.0000,1.0000,1.0000,0.0000,12.0000,4863.4535,4863
3446,4895,61.0000,61.0000,0.0000,1.0000,1.0000,0.0000,12.0000,4863.5549,4863
3447,4323,68.0000,68.0000,0.0000,1.0000,1.0000,0.0000,12.0000,4863.3925,4863
3448,4648,201.0000,201.0000,0.0000,1.0000,1.0000,0.0000,12.0000,4863.4880,4863
3449,4357,137.0000,137.0000,0.0000,1.0000,1.0000,0.0000,12.0000,4863.3017,4863
3450,4414,169.0000,170.0000,1.0000,1.0000,1.0000,0.0000,12.0000,4863.4787,4863
3451,4647,177.0000,177.0000,0.0000,1.0000,1.0000,0.0000,12.0000,4863.5564,4863
3452,4885,69.0000,69.0000,0.0000,1.0000,1.0000,0.0000,12.0000,4863.6273,4863
3453,4529,216.0000,216.0000,0.0000,1.0000,1.0000,0.0000,12.0000,4863.4463,4863
3454,4509,197.0000,197.0000,0.0000,1.0000,1.0000,0.0000,12.0000,4863.4775,4863
3455,4964,12.0000,12.0000,0.0000,0.0000,-0.0000,0.0000,0.0000,0.1989,-1
3456,4839,66.0000,67.0000,1.0000,1.0000,1.0000,0.0000,12.0000,4863.4812,4863
3457,4465,82.0000,82.0000,0.0000,1.0000,1.0000,0.0000,12.0000,4863.4186,4863
3458,4333,62.0000,62.0000,0.0000,1.0000,1.0000,0.0000,12.0000,4863.2372,4863
3459,4331,51.0000,51.0000,0.0000,1.0000,1.0000,0.0000,12.0000,4863.4102,4863
3460,4446,191.0000,191.0000,0.0000,1.0000,1.0000,0.0000,12.0000,4863.5085,4863
3461,4564,212.0000,213.0000,1.0000,1.0000,1.0000,0.0000,12.0000,4863.5087,4863
3462,4824,93.0000,93.0000,0.0000,1.0000,1.0000,0.0000,12.0000,4863.5040,4863
3463,4829,39.0000,39.0000,0.0000,0.0000,0.0000,0.0000,12.0000,4863.4504,4863
3464,4345,29.0000,29.0000,0.0000,0.0000,0.0000,0.0000,12.0000,4863.3562,4863
3465,4478,154.0000,154.0000,0.0000,1.0000,1.0000,0.0000,12.0000,4863.4420,4863
3466,4460,219.0000,219.0000,0.0000,1.0000,1.0000,0.0000,12.0000,4863.4067,4863
3467,4266,21.0000,21.0000,0.0000,0.0000,0.0000,0.0000,12.0000,4863.0316,4863
3468,4429,206.0000,206.0000,0.0000,1.0000,1.0000,0.0000,12.0000,4863.3466,4863
3469,4455,214.0000,214.0000,0.0000,1.0000,1.0000,0.0000,12.0000,4863.3978,4863
3470,4437,173.0000,173.0000,0.0000,1.0000,1.0000,0.0000,12.0000,4863.3607,4863
3471,4381,194.0000,194.0000,0.0000,1.0000,1.0000,0.0000,12.0000,4863.3097,4863
3472,4662,195.0000,195.0000,0.0000,1.0000,1.0000,0.0000,12.0000,4863.5036,4863
3473,4500,223.0000,223.0000,0.0000,1.0000,1.0000,0.0000,12.0000,4863.4441,4863
3474,4862,68.0000,68.0000,0.0000,1.0000,1.0000,0.0000,12.0000,4863.5205,4863
3475,4593,219.0000,219.0000,0.0000,1.0000,1.0000,0.0000,12.0000,4863.4765,4863
3476,4550,198.0000,198.0000,0.0000,1.0000,1.0000,0.0000,12.0000,4863.4575,4863
3477,4673,211.0000,211.0000,0.0000,1.0000,1.0000,0.0000,12.0000,4863.4639,4863
3478,4341,29.0000,29.0000,0.0000,0.0000,0.0000,0.0000,12.0000,4863.2024,4863
3479,4507,222.0000,222.0000,0.0000,1.0000,1.0000,0.0000,12.0000,4863.4230,4863
3480,4474,218.0000,218.0000,0.0000,1.0000,1.0000,0.0000,12.0000,4863.4357,4863
3481,4401,191.0000,191.0000,0.0000,1.0000,1.0000,0.0000,12.0000,4863.3322,4863
3482,4589,218.0000,218.0000,0.0000,1.0000,1.0000,0.0000,12.0000,4863.4730,4863
3483,4361,103.0000,103.0000,0.0000,1.0000,1.0000,0.0000,12.0000,4863.3039,4863
3484,4316,31.0000,31.0000,0.0000,0.0000,0.0000,0.0000,12.0000,4862.9862,4863
3485,4945,39.0000,39.0000,0.0000,0.0000,-0.0000,0.0000,12.0000,4863.5103,4863
3486,4409,213.0000,213.0000,0.0000,1.0000,1.0000,0.0000,12.0000,4863.3225,4863
3487,4319,58.0000,58.0000,0.0000,1.0000,1.0000,0.0000,12.0000,4863.2092,4863
3488,4584,221.0000,222.0000,1.0000,1.0000,1.0000,0.0000,12.0000,4863.4960,4863
3489,4425,215.0000,215.0000,0.0000,1.0000,1.0000,0.0000,12.0000,4863.3927,4863
3490,4543,215.0000,215.0000,0.0000,1.0000,1.0000,0.0000,12.0000,4863.5213,4863
3491,4505,210.0000,210.0000,0.0000,1.0000,1.0000,0.0000,12.0000,4863.5315,4863
3492,4690,34.0000,34.0000,0.0000,0.0000,0.0000,0.0000,12.0000,4863.4681,4863
3493,4355,124.0000,124.0000,0.0000,1.0000,1.0000,0.0000,12.0000,4863.4575,4863
3494,4352,113.0000,113.0000,0.0000,1.0000,1.0000,0.0000,12.0000,4863.2426,4863
3495,4527,215.0000,215.0000,0.0000,1.0000,1.0000,0.0000,12.0000,4863.4496,4863
3496,4373,189.0000,189.0000,0.0000,1.0000,1.0000,0.0000,12.0000,4863.3463,4863
3497,4458,201.0000,201.0000,0.0000,1.0000,1.0000,0.0000,12.0000,4863.4329,4863
3498,4482,218.0000,218.0000,0.0000,1.0000,1.0000,0.0000,12.0000,4863.6279,4863
3499,4459,199.0000,199.0000,0.0000,1.0000,1.0000,0.0000,12.0000,4863.3860,4863
3500,4348,49.0000,49.0000,0.0000,0.0000,-0.0000,0.0000,12.0000,4863.3047,4863
3501,4806,38.0000,38.0000,0.0000,0.0000,0.0000,0.0000,12.0000,4863.4665,4863
3502,4337,99.0000,100.0000,1.0000,1.0000,1.0000,0.0000,12.0000,4863.4295,4863
3503,4577,211.0000,211.0000,0.0000,1.0000,1.0000,0.0000,12.0000,4863.4842,4863
3504,4371,165.0000,165.0000,0.0000,1.0000,1.0000,0.0000,12.0000,4863.3050,4863
3505,4308,38.0000,38.0000,0.0000,0.0000,0.0000,0.0000,12.0000,4863.2206,4863
3506,4654,197.0000,197.0000,0.0000,1.0000,1.0000,0.0000,12.0000,4863.4858,4863
3507,4398,195.0000,196.0000,1.0000,1.0000,1.0000,0.0000,12.0000,4863.3050,4863
3508,4554,217.0000,217.0000,0.0000,1.0000,1.0000,0.0000,12.0000,4863.4511,4863
3509,4488,201.0000,201.0000,0.0000,1.0000,1.0000,0.0000,12.0000,4863.4485,4863
3510,4703,170.0000,170.0000,0.0000,1.0000,1.0000,0.0000,12.0000,4863.5190,4863
3511,4658,80.0000,80.0000,0.0000,1.0000,1.0000,0.0000,12.0000,4863.4682,4863
3512,4904,30.0000,30.0000,0.0000,0.0000,0.0000,0.0000,12.0000,4863.5183,4863
3513,4867,86.0000,86.0000,0.0000,1.0000,1.0000,0.0000,12.0000,4863.6067,4863
3514,4881,58.0000,58.0000,0.0000,1.0000,1.0000,0.0000,12.0000,4863.5034,4863
3515,4721,165.0000,165.0000,0.0000,1.0000,1.0000,0.0000,12.0000,4863.5082,4863
3516,4318,58.0000,58.0000,0.0000,1.0000,1.0000,0.0000,12.0000,4863.2568,4863
3517,4499,211.0000,211.0000,0.0000,1.0000,1.0000,0.0000,12.0000,4863.4311,4863
3518,4336,27.0000,27.0000,0.0000,0.0000,-0.0000,0.0000,12.0000,4863.1990,4863
3519,4496,221.0000,221.0000,0.0000,1.0000,1.0000,0.0000,12.0000,4863.4431,4863
3520,4322,21.0000,21.0000,0.0000,0.0000,0.0000,0.0000,12.0000,4863.3625,4863
3521,4417,210.0000,210.0000,0.0000,1.0000,1.0000,0.0000,12.0000,4863.3754,4863
3522,4451,215.0000,215.0000,0.0000,1.0000,1.0000,0.0000,12.0000,4863.4097,4863
3523,4619,155.0000,155.0000,0.0000,1.0000,1.0000,0.0000,12.0000,4863.5269,4863
3524,4335,99.0000,99.0000,0.0000,1.0000,1.0000,0.0000,12.0000,4863.5171,4863
3525,4990,9.0000,9.0000,0.0000,0.0000,-0.0000,0.0000,0.0000,-0.0199,-1
3526,4548,218.0000,218.0000,0.0000,1.0000,1.0000,0.0000,12.0000,4863.4804,4863
3527,4547,216.0000,216.0000,0.0000,1.0000,1.0000,0.0000,12.0000,4863.4685,4863
3528,4899,58.0000,58.0000,0.0000,1.0000,1.0000,0.0000,12.0000,4863.5278,4863
3529,4342,53.0000,53.0000,0.0000,1.0000,1.0000,0.0000,12.0000,4863.4071,4863
3530,4918,53.0000,53.0000,0.0000,1.0000,1.0000,0.0000,12.0000,4863.7596,4863
3531,4495,215.0000,215.0000,0.0000,1.0000,1.0000,0.0000,12.0000,4863.4053,4863
3532,4725,76.0000,76.0000,0.0000,1.0000,1.0000,0.0000,12.0000,4863.5445,4863
3533,4604,222.0000,222.0000,0.0000,1.0000,1.0000,0.0000,12.0000,4863.5881,4863
3534,4852,97.0000,97.0000,0.0000,1.0000,1.0000,0.0000,12.0000,4863.4808,4863
3535,4518,211.0000,211.0000,0.0000,1.0000,1.0000,0.0000,12.0000,4863.5493,4863
3536,4489,222.0000,222.0000,0.0000,1.0000,1.0000,0.0000,12.0000,4863.4189,4863
3537,4513,217.0000,217.0000,0.0000,1.0000,1.0000,0.0000,12.0000,4863.4357,4863
3538,4566,216.0000,216.0000,0.0000,1.0000,1.0000,0.0000,12.0000,4863.4847,4863
3539,4476,223.0000,223.0000,0.0000,1.0000,1.0000,0.0000,12.0000,4863.4189,4863
3540,4356,65.0000,65.0000,0.0000,1.0000,1.0000,0.0000,12.0000,4863.3175,4863
3541,4443,158.0000,158.0000,0.0000,1.0000,1.0000,0.0000,12.0000,4863.3702,4863
3542,4618,219.0000,219.0000,0.0000,1.0000,1.0000,0.0000,12.0000,4863.5021,4863
3543,4387,183.0000,184.0000,1.0000,1.0000,1.0000,0.0000,12.0000,4863.2987,4863
3544,4379,195.0000,195.0000,0.0000,1.0000,1.0000,0.0000,12.0000,4863.2961,4863
3545,4568,205.0000,205.0000,0.0000,1.0000,1.0000,0.0000,12.0000,4863.6066,4863
3546,4889,69.0000,69.0000,0.0000,1.0000,1.0000,0.0000,12.0000,4863.5619,4863
3547,4614,219.0000,219.0000,0.0000,1.0000,1.0000,0.0000,12.0000,4863.5130,4863
3548,4837,108.0000,108.0000,0.0000,1.0000,1.0000,0.0000,12.0000,4863.6550,4863
3549,4235,22.0000,22.0000,0.0000,0.0000,-0.0000,0.0000,12.0000,4863.0051,4863
3550,4601,217.0000,217.0000,0.0000,1.0000,1.0000,0.0000,12.0000,4863.4797,4863
3551,4515,220.0000,220.0000,0.0000,1.0000,1.0000,0.0000,12.0000,4863.5238,4863
3552,4646,209.0000,209.0000,0.0000,1.0000,1.0000,0.0000,12.0000,4863.5366,4863
3553,4688,162.0000,162.0000,0.0000,1.0000,1.0000,0.0000,12.0000,4863.5113,4863
3554,4466,155.0000,155.0000,0.0000,1.0000,1.0000,0.0000,12.0000,4863.4151,4863
3555,4667,209.0000,209.0000,0.0000,1.0000,1.0000,0.0000,12.0000,4863.4590,4863
3556,4971,24.0000,24.0000,0.0000,0.0000,-0.0000,0.0000,12.0000,4863.4943,4863
3557,4939,11.0000,11.0000,0.0000,0.0000,-0.0000,0.0000,12.0000,4863.4637,4863
3558,4700,162.0000,162.0000,0.0000,1.0000,1.0000,0.0000,12.0000,4863.4928,4863
3559,4610,220.0000,220.0000,0.0000,1.0000,1.0000,0.0000,12.0000,4863.4982,4863
3560,4375,126.0000,128.0000,2.0000,1.0000,1.0000,0.0000,12.0000,4863.3651,4863
3561,4198,25.0000,25.0000,0.0000,0.0000,0.0000,0.0000,6.0000,4030.7788,4031
3562,4418,69.0000,69.0000,0.0000,1.0000,1.0000,0.0000,12.0000,4863.3612,4863
3563,4307,40.0000,40.0000,0.0000,0.0000,-0.0000,0.0000,12.0000,4863.1664,4863
3564,4537,218.0000,218.0000,0.0000,1.0000,1.0000,0.0000,12.0000,4863.4512,4863
3565,4522,210.0000,210.0000,0.0000,1.0000,1.0000,0.0000,12.0000,4863.4254,4863
3566,4694,128.0000,128.0000,0.0000,1.0000,1.0000,0.0000,12.0000,4863.6069,4863
3567,4788,112.0000,113.0000,1.0000,1.0000,1.0000,0.0000,12.0000,4863.5718,4863
3568,4642,142.0000,143.0000,1.0000,1.0000,1.0000,0.0000,12.0000,4863.4846,4863
3569,4616,185.0000,186.0000,1.0000,1.0000,1.0000,0.0000,12.0000,4863.6020,4863
3570,4349,123.0000,123.0000,0.0000,1.0000,1.0000,0.0000,12.0000,4863.3328,4863
3571,4834,101.0000,101.0000,0.0000,1.0000,1.0000,0.0000,12.0000,4863.4793,4863
3572,4608,193.0000,193.0000,0.0000,1.0000,1.0000,0.0000,12.0000,4863.4682,4863
3573,4408,147.0000,147.0000,0.0000,1.0000,1.0000,0.0000,12.0000,4863.3976,4863
3574,4830,40.0000,40.0000,0.0000,0.0000,-0.0000,0.0000,12.0000,4863.4654,4863
3575,4542,217.0000,218.0000,1.0000,1.0000,1.0000,0.0000,12.0000,4863.4490,4863
3576,4427,215.0000,215.0000,0.0000,1.0000,1.0000,0.0000,12.0000,4863.3694,4863
3577,4511,219.0000,219.0000,0.0000,1.0000,1.0000,0.0000,12.0000,4863.4643,4863
3578,4851,99.0000,99.0000,0.0000,1.0000,1.0000,0.0000,12.0000,4863.5783,4863
3579,4438,182.0000,182.0000,0.0000,1.0000,1.0000,0.0000,12.0000,4863.3574,4863
3580,4447,217.0000,217.0000,0.0000,1.0000,1.0000,0.0000,12.0000,4863.3764,4863
3581,4183,44.0000,44.0000,0.0000,0.0000,0.0000,0.0000,6.0000,4030.7926,4031
3582,4866,80.0000,80.0000,0.0000,1.0000,1.0000,0.0000,12.0000,4863.5343,4863
3583,4524,220.0000,220.0000,0.0000,1.0000,1.0000,0.0000,12.0000,4863.4499,4863
3584,4343,79.0000,79.0000,0.0000,1.0000,1.0000,0.0000,12.0000,4863.2530,4863
3585,4282,20.0000,20.0000,0.0000,0.0000,-0.0000,0.0000,12.0000,4863.1819,4863
3586,4402,202.0000,202.0000,0.0000,1.0000,1.0000,0.0000,12.0000,4863.3296,4863
3587,4772,35.0000,35.0000,0.0000,0.0000,-0.0000,0.0000,12.0000,4863.4787,4863
3588,4411,200.0000,200.0000,0.0000,1.0000,1.0000,0.0000,12.0000,4863.3334,4863
3589,4570,214.0000,214.0000,0.0000,1.0000,1.0000,0.0000,12.0000,4863.4869,4863
3590,4657,212.0000,212.0000,0.0000,1.0000,1.0000,0.0000,12.0000,4863.7066,4863
3591,4635,211.0000,211.0000,0.0000,1.0000,1.0000,0.0000,12.0000,4863.4875,4863
3592,4631,187.0000,187.0000,0.0000,1.0000,1.0000,0.0000,12.0000,4863.6799,4863
3593,4560,221.0000,221.0000,0.0000,1.0000,1.0000,0.0000,12.0000,4863.5584,4863
3594,4660,209.0000,209.0000,0.0000,1.0000,1.0000,0.0000,12.0000,4863.4800,4863
3595,4314,18.0000,18.0000,0.0000,0.0000,0.0000,0.0000,12.0000,4863.3676,4863
3596,4525,195.0000,195.0000,0.0000,1.0000,1.0000,0.0000,12.0000,4863.4480,4863
3597,4494,216.0000,216.0000,0.0000,1.0000,1.0000,0.0000,12.0000,4863.4952,4863
3598,4996,8.0000,8.0000,0.0000,0.0000,-0.0000,0.0000,0.0000,-0.0288,-1
3599,4464,220.0000,220.0000,0.0000,1.0000,1.0000,0.0000,12.0000,4863.4419,4863
3600,4624,124.0000,124.0000,0.0000,1.0000,1.0000,0.0000,12.0000,4863.7585,4863
3601,1632,267.0000,267.0000,0.0000,1.0000,1.0000,0.0000,11.0000,1969.5551,1970
3602,1710,241.0000,241.0000,0.0000,1.0000,1.0000,0.0000,11.0000,1969.5665,1970
3603,1942,169.0000,169.0000,0.0000,1.0000,1.0000,0.0000,11.0000,1969.6955,1970
3604,1756,233.0000,233.0000,0.0000,1.0000,1.0000,0.0000,11.0000,1969.6622,1970
3605,1117,64.0000,64.0000,0.0000,1.0000,1.0000,0.0000,11.0000,1969.3660,1970
3606,1668,261.0000,261.0000,0.0000,1.0000,1.0000,0.0000,11.0000,1969.6326,1970
3607,1399,135.0000,135.0000,0.0000,1.0000,1.0000,0.0000,11.0000,1969.5164,1970
3608,1640,261.0000,261.0000,0.0000,1.0000,1.0000,0.0000,11.0000,1969.6814,1970
3609,1990,99.0000,99.0000,0.0000,1.0000,1.0000,0.0000,11.0000,1969.5918,1970
3610,1591,251.0000,251.0000,0.0000,1.0000,1.0000,0.0000,11.0000,1969.5331,1970
3611,1847,200.0000,200.0000,0.0000,1.0000,1.0000,0.0000,11.0000,1969.6153,1970
3612,1702,262.0000,262.0000,0.0000,1.0000,1.0000,0.0000,11.0000,1969.7185,1970
3613,1911,154.0000,155.0000,1.0000,1.0000,1.0000,0.0000,11.0000,1969.6443,1970
3614,1514,251.0000,251.0000,0.0000,1.0000,1.0000,0.0000,11.0000,1969.6869,1970
3615,1727,254.0000,254.0000,0.0000,1.0000,1.0000,0.0000,11.0000,1969.5899,1970
3616,1962,103.0000,103.0000,0.0000,1.0000,1.0000,0.0000,11.0000,1969.6557,1970
3617,1146,31.0000,31.0000,0.0000,0.0000,-0.0000,0.0000,11.0000,1969.5523,1970
3618,1103,101.0000,101.0000,0.0000,1.0000,1.0000,0.0000,11.0000,1969.2788,1970
3619,1574,261.0000,261.0000,0.0000,1.0000,1.0000,0.0000,11.0000,1969.5667,1970
3620,1160,171.0000,171.0000,0.0000,1.0000,1.0000,0.0000,11.0000,1969.3760,1970
3621,1923,182.0000,182.0000,0.0000,1.0000,1.0000,0.0000,11.0000,1969.6674,1970
3622,1650,225.0000,226.0000,1.0000,1.0000,1.0000,0.0000,11.0000,1969.6754,1970
3623,1409,236.0000,236.0000,0.0000,1.0000,1.0000,0.0000,11.0000,1969.5096,1970
3624,1149,87.0000,87.0000,0.0000,1.0000,1.0000,0.0000,11.0000,1969.3920,1970
3625,1979,15.0000,15.0000,0.0000,0.0000,-0.0000,0.0000,0.0000,0.1286,-1
3626,1330,92.0000,92.0000,0.0000,1.0000,1.0000,0.0000,11.0000,1969.4431,1970
3627,1151,147.0000,147.0000,0.0000,1.0000,1.0000,0.0000,11.0000,1969.3939,1970
3628,1605,218.0000,218.0000,0.0000,1.0000,1.0000,0.0000,11.0000,1969.5537,1970
3629,1917,188.0000,188.0000,0.0000,1.0000,1.0000,0.0000,11.0000,1969.6212,1970
3630,1786,230.0000,231.0000,1.0000,1.0000,1.0000,0.0000,11.0000,1969.5812,1970
3631,1659,252.0000,252.0000,0.0000,1.0000,1.0000,0.0000,11.0000,1969.7846,1970
3632,1745,34.0000,34.0000,0.0000,0.0000,0.0000,0.0000,11.0000,1969.6258,1970
3633,1085,59.0000,59.0000,0.0000,1.0000,1.0000,0.0000,11.0000,1969.3345,1970
3634,1658,256.0000,256.0000,0.0000,1.0000,1.0000,0.0000,11.0000,1969.5896,1970
3635,1614,249.0000,249.0000,0.0000,1.0000,1.0000,0.0000,11.0000,1969.5612,1970
3636,1740,256.0000,256.0000,0.0000,1.0000,1.0000,0.0000,11.0000,1969.5826,1970
3637,1757,247.0000,247.0000,0.0000,1.0000,1.0000,0.0000,11.0000,1969.6316,1970
3638,1110,101.0000,102.0000,1.0000,1.0000,1.0000,0.0000,11.0000,1969.3710,1970
3639,1826,211.0000,211.0000,0.0000,1.0000,1.0000,0.0000,11.0000,1969.5925,1970
3640,1362,58.0000,58.0000,0.0000,1.0000,1.0000,0.0000,11.0000,1969.3748,1970
3641,1686,256.0000,256.0000,0.0000,1.0000,1.0000,0.0000,11.0000,1969.5909,1970
3642,1536,263.0000,264.0000,1.0000,1.0000,1.0000,0.0000,11.0000,1969.5427,1970
3643,1347,186.0000,186.0000,0.0000,1.0000,1.0000,0.0000,11.0000,1969.5606,1970
3644,1315,216.0000,216.0000,0.0000,1.0000,1.0000,0.0000,11.0000,1969.4303,1970
3645,1517,258.0000,258.0000,0.0000,1.0000,1.0000,0.0000,11.0000,1969.5771,1970
3646,1998,59.0000,59.0000,0.0000,1.0000,1.0000,0.0000,11.0000,1969.6230,1970
3647,1331,207.0000,207.0000,0.0000,1.0000,1.0000,0.0000,11.0000,1969.4501,1970
3648,1791,223.0000,223.0000,0.0000,1.0000,1.0000,0.0000,11.0000,1969.6273,1970
3649,1660,262.0000,262.0000,0.0000,1.0000,1.0000,0.0000,11.0000,1969.7515,1970
3650,1922,112.0000,112.0000,0.0000,1.0000,1.0000,0.0000,11.0000,1969.6158,1970
3651,1379,231.0000,231.0000,0.0000,1.0000,1.0000,0.0000,11.0000,1969.5376,1970
3652,1841,112.0000,113.0000,1.0000,1.0000,1.0000,0.0000,11.0000,1969.6563,1970
3653,1324,218.0000,218.0000,0.0000,1.0000,1.0000,0.0000,11.0000,1969.4260,1970
3654,1586,255.0000,255.0000,0.0000,1.0000,1.0000,0.0000,11.0000,1969.6097,1970
3655,1372,107.0000,107.0000,0.0000,1.0000,1.0000,0.0000,11.0000,1969.6376,1970
3656,1383,195.0000,195.0000,0.0000,1.0000,1.0000,0.0000,11.0000,1969.4604,1970
3657,1627,261.0000,261.0000,0.0000,1.0000,1.0000,0.0000,11.0000,1969.7230,1970
3658,1663,261.0000,261.0000,0.0000,1.0000,1.0000,0.0000,11.0000,1969.6452,1970
3659,1825,92.0000,94.0000,2.0000,1.0000,1.0000,0.0000,11.0000,1969.6818,1970
3660,1792,25.0000,25.0000,0.0000,0.0000,0.0000,0.0000,11.0000,1969.6306,1970
3661,2007,31.0000,31.0000,0.0000,0.0000,-0.0000,0.0000,11.0000,1969.6308,1970
3662,1394,229.0000,229.0000,0.0000,1.0000,1.0000,0.0000,11.0000,1969.5621,1970
3663,1609,264.0000,264.0000,0.0000,1.0000,1.0000,0.0000,11.0000,1969.6096,1970
3664,1430,205.0000,205.0000,0.0000,1.0000,1.0000,0.0000,11.0000,1969.5842,1970
3665,1836,76.0000,76.0000,0.0000,1.0000,1.0000,0.0000,11.0000,1969.6168,1970
3666,1926,180.0000,180.0000,0.0000,1.0000,1.0000,0.0000,11.0000,1969.6558,1970
3667,1442,239.0000,239.0000,0.0000,1.0000,1.0000,0.0000,11.0000,1969.5508,1970
3668,1573,257.0000,257.0000,0.0000,1.0000,1.0000,0.0000,11.0000,1969.5481,1970
3669,1551,256.0000,256.0000,0.0000,1.0000,1.0000,0.0000,11.0000,1969.5404,1970
3670,1921,24.0000,24.0000,0.0000,0.0000,0.0000,0.0000,11.0000,1969.5649,1970
3671,1720,37.0000,37.0000,0.0000,0.0000,0.0000,0.0000,11.0000,1969.5863,1970
3672,1475,215.0000,216.0000,1.0000,1.0000,1.0000,0.0000,11.0000,1969.5676,1970
3673,1958,148.0000,148.0000,0.0000,1.0000,1.0000,0.0000,11.0000,1969.6930,1970
3674,1572,254.0000,254.0000,0.0000,1.0000,1.0000,0.0000,11.0000,1969.5465,1970
3675,1420,216.0000,216.0000,0.0000,1.0000,1.0000,0.0000,11.0000,1969.5678,1970
3676,1488,74.0000,74.0000,0.0000,1.0000,1.0000,0.0000,11.0000,1969.5689,1970
3677,1802,233.0000,233.0000,0.0000,1.0000,1.0000,0.0000,11.0000,1969.7040,1970
3678,1355,206.0000,206.0000,0.0000,1.0000,1.0000,0.0000,11.0000,1969.4487,1970
3679,1793,213.0000,213.0000,0.0000,1.0000,1.0000,0.0000,11.0000,1969.5654,1970
3680,1465,243.0000,243.0000,0.0000,1.0000,1.0000,0.0000,11.0000,1969.5628,1970
3681,1840,230.0000,230.0000,0.0000,1.0000,1.0000,0.0000,11.0000,1969.6151,1970
3682,1908,192.0000,192.0000,0.0000,1.0000,1.0000,0.0000,11.0000,1969.6383,1970
3683,1873,130.0000,130.0000,0.0000,1.0000,1.0000,0.0000,11.0000,1969.5801,1970
3684,1623,22.0000,22.0000,0.0000,0.0000,-0.0000,0.0000,11.0000,1969.7107,1970
3685,1061,48.0000,48.0000,0.0000,0.0000,-0.0000,0.0000,11.0000,1969.5936,1970
3686,1367,208.0000,208.0000,0.0000,1.0000,1.0000,0.0000,11.0000,1969.4650,1970
3687,1955,151.0000,152.0000,1.0000,1.0000,1.0000,0.0000,11.0000,1969.6095,1970
3688,1555,69.0000,69.0000,0.0000,1.0000,1.0000,0.0000,11.0000,1969.5649,1970
3689,1678,256.0000,256.0000,0.0000,1.0000,1.0000,0.0000,11.0000,1969.5458,1970
3690,1766,178.0000,178.0000,0.0000,1.0000,1.0000,0.0000,11.0000,1969.6192,1970
3691,1161,57.0000,57.0000,0.0000,1.0000,1.0000,0.0000,11.0000,1969.5787,1970
3692,1537,252.0000,252.0000,0.0000,1.0000,1.0000,0.0000,11.0000,1969.5896,1970
3693,1489,249.0000,249.0000,0.0000,1.0000,1.0000,0.0000,11.0000,1969.6636,1970
3694,1797,234.0000,234.0000,0.0000,1.0000,1.0000,0.0000,11.0000,1969.6065,1970
3695,1423,82.0000,82.0000,0.0000,1.0000,1.0000,0.0000,11.0000,1969.4950,1970
3696,1336,178.0000,179.0000,1.0000,1.0000,1.0000,0.0000,11.0000,1969.4442,1970
3697,1441,247.0000,247.0000,0.0000,1.0000,1.0000,0.0000,11.0000,1969.5015,1970
3698,1850,203.0000,203.0000,0.0000,1.0000,1.0000,0.0000,11.0000,1969.6123,1970
3699,1417,213.0000,213.0000,0.0000,1.0000,1.0000,0.0000,11.0000,1969.4991,1970
3700,1429,188.0000,188.0000,0.0000,1.0000,1.0000,0.0000,11.0000,1969.5232,1970
3701,1772,241.0000,241.0000,0.0000,1.0000,1.0000,0.0000,11.0000,1969.5855,1970
3702,1613,244.0000,244.0000,0.0000,1.0000,1.0000,0.0000,11.0000,1969.5704,1970
3703,1705,258.0000,258.0000,0.0000,1.0000,1.0000,0.0000,11.0000,1969.5775,1970
3704,1106,116.0000,116.0000,0.0000,1.0000,1.0000,0.0000,11.0000,1969.3222,1970
3705,1677,194.0000,194.0000,0.0000,1.0000,1.0000,0.0000,11.0000,1969.5523,1970
3706,1830,228.0000,228.0000,0.0000,1.0000,1.0000,0.0000,11.0000,1969.7152,1970
3707,1500,248.0000,248.0000,0.0000,1.0000,1.0000,0.0000,11.0000,1969.5034,1970
3708,1070,57.0000,57.0000,0.0000,1.0000,1.0000,0.0000,11.0000,1969.2129,1970
3709,1463,69.0000,69.0000,0.0000,1.0000,1.0000,0.0000,11.0000,1969.5063,1970
3710,1868,44.0000,44.0000,0.0000,0.0000,0.0000,0.0000,11.0000,1969.5720,1970
3711,1422,192.0000,192.0000,0.0000,1.0000,1.0000,0.0000,11.0000,1969.5164,1970
3712,1741,2.0000,2.0000,0.0000,0.0000,0.0000,0.0000,0.0000,0.0106,-1
3713,1438,247.0000,247.0000,0.0000,1.0000,1.0000,0.0000,11.0000,1969.5498,1970
3714,1765,243.0000,244.0000,1.0000,1.0000,1.0000,0.0000,11.0000,1969.6674,1970
3715,1869,80.0000,80.0000,0.0000,1.0000,1.0000,0.0000,11.0000,1969.5777,1970
3716,1620,255.0000,255.0000,0.0000,1.0000,1.0000,0.0000,11.0000,1969.5848,1970
3717,1767,240.0000,240.0000,0.0000,1.0000,1.0000,0.0000,11.0000,1969.7314,1970
3718,1259,192.0000,192.0000,0.0000,1.0000,1.0000,0.0000,11.0000,1969.5052,1970
3719,1580,261.0000,261.0000,0.0000,1.0000,1.0000,0.0000,11.0000,1969.5523,1970
3720,1528,239.0000,239.0000,0.0000,1.0000,1.0000,0.0000,11.0000,1969.5313,1970
3721,1875,183.0000,183.0000,0.0000,1.0000,1.0000,0.0000,11.0000,1969.5898,1970
3722,1672,191.0000,191.0000,0.0000,1.0000,1.0000,0.0000,11.0000,1969.5569,1970
3723,1364,216.0000,216.0000,0.0000,1.0000,1.0000,0.0000,11.0000,1969.4688,1970
3724,1657,252.0000,252.0000,0.0000,1.0000,1.0000,0.0000,11.0000,1969.5527,1970
3725,1471,249.0000,250.0000,1.0000,1.0000,1.0000,0.0000,11.0000,1969.5768,1970
3726,1552,251.0000,251.0000,0.0000,1.0000,1.0000,0.0000,11.0000,1969.5439,1970
3727,1872,203.0000,203.0000,0.0000,1.0000,1.0000,0.0000,11.0000,1969.5893,1970
3728,1577,253.0000,253.0000,0.0000,1.0000,1.0000,0.0000,11.0000,1969.5454,1970
3729,1843,188.0000,188.6398,0.6398,1.0000,1.0000,0.0000,11.0000,1969.6245,1970
3730,1276,63.0000,63.0000,0.0000,1.0000,1.0000,0.0000,11.0000,1969.4584,1970
3731,1782,231.0000,231.0000,0.0000,1.0000,1.0000,0.0000,11.0000,1969.7520,1970
3732,1414,194.0000,194.0000,0.0000,1.0000,1.0000,0.0000,11.0000,1969.5133,1970
3733,1182,181.0000,181.0000,0.0000,1.0000,1.0000,0.0000,11.0000,1969.4098,1970
3734,1818,233.0000,233.0000,0.0000,1.0000,1.0000,0.0000,11.0000,1969.5988,1970
3735,1730,247.0000,247.0000,0.0000,1.0000,1.0000,0.0000,11.0000,1969.5994,1970
3736,1809,231.0000,231.0000,0.0000,1.0000,1.0000,0.0000,11.0000,1969.6543,1970
3737,1122,136.0000,136.0000,0.0000,1.0000,1.0000,0.0000,11.0000,1969.3567,1970
3738,1385,191.0000,191.0000,0.0000,1.0000,1.0000,0.0000,11.0000,1969.5849,1970
3739,1509,258.0000,258.0000,0.0000,1.0000,1.0000,0.0000,11.0000,1969.5546,1970
3740,1295,213.0000,213.0000,0.0000,1.0000,1.0000,0.0000,11.0000,1969.4982,1970
3741,1554,152.0000,152.0000,0.0000,1.0000,1.0000,0.0000,11.0000,1969.5397,1970
3742,1714,238.0000,238.6398,0.6398,1.0000,1.0000,0.0000,11.0000,1969.5526,1970
3743,1284,168.0000,168.0000,0.0000,1.0000,1.0000,0.0000,11.0000,1969.4659,1970
3744,1127,31.0000,31.0000,0.0000,0.0000,-0.0000,0.0000,11.0000,1969.4551,1970
3745,1939,164.0000,165.0000,1.0000,1.0000,1.0000,0.0000,11.0000,1969.8510,1970
3746,1985,102.0000,102.0000,0.0000,1.0000,1.0000,0.0000,11.0000,1969.5674,1970
3747,1810,233.0000,233.0000,0.0000,1.0000,1.0000,0.0000,11.0000,1969.7859,1970
3748,1924,167.0000,167.0000,0.0000,1.0000,1.0000,0.0000,11.0000,1969.6736,1970
3749,1859,219.0000,219.0000,0.0000,1.0000,1.0000,0.0000,11.0000,1969.6466,1970
3750,1599,259.0000,259.0000,0.0000,1.0000,1.0000,0.0000,11.0000,1969.5390,1970
3751,1890,189.0000,189.0000,0.0000,1.0000,1.0000,0.0000,11.0000,1969.7809,1970
3752,1815,225.0000,226.0000,1.0000,1.0000,1.0000,0.0000,11.0000,1969.6129,1970
3753,1596,29.0000,29.0000,0.0000,0.0000,0.0000,0.0000,11.0000,1969.6272,1970
3754,1706,251.0000,251.0000,0.0000,1.0000,1.0000,0.0000,11.0000,1969.5785,1970
3755,1625,245.0000,245.0000,0.0000,1.0000,1.0000,0.0000,11.0000,1969.8274,1970
3756,1428,13.0000,13.0000,0.0000,0.0000,0.0000,0.0000,11.0000,1969.5152,1970
3757,1679,232.0000,232.0000,0.0000,1.0000,1.0000,0.0000,11.0000,1969.5596,1970
3758,1474,247.0000,247.0000,0.0000,1.0000,1.0000,0.0000,11.0000,1969.5161,1970
3759,1382,228.0000,228.0000,0.0000,1.0000,1.0000,0.0000,11.0000,1969.4682,1970
3760,1963,27.0000,27.0000,0.0000,0.0000,-0.0000,0.0000,11.0000,1969.5555,1970
3761,1550,260.0000,260.0000,0.0000,1.0000,1.0000,0.0000,11.0000,1969.5299,1970
3762,1699,254.0000,254.0000,0.0000,1.0000,1.0000,0.0000,11.0000,1969.7853,1970
3763,1453,239.0000,239.0000,0.0000,1.0000,1.0000,0.0000,11.0000,1969.5641,1970
3764,1794,126.0000,126.0000,0.0000,1.0000,1.0000,0.0000,11.0000,1969.5813,1970
3765,1274,59.0000,59.0000,0.0000,1.0000,1.0000,0.0000,11.0000,1969.4139,1970
3766,1566,257.0000,257.0000,0.0000,1.0000,1.0000,0.0000,11.0000,1969.5558,1970
3767,1587,252.0000,252.0000,0.0000,1.0000,1.0000,0.0000,11.0000,1969.6417,1970
3768,1571,268.0000,268.0000,0.0000,1.0000,1.0000,0.0000,11.0000,1969.6564,1970
3769,1497,43.0000,44.0000,1.0000,0.0000,0.0000,0.0000,11.0000,1969.6915,1970
3770,1448,204.0000,204.0000,0.0000,1.0000,1.0000,0.0000,11.0000,1969.5002,1970
3771,1844,221.0000,221.0000,0.0000,1.0000,1.0000,0.0000,11.0000,1969.6099,1970
3772,1210,190.0000,191.0000,1.0000,1.0000,1.0000,0.0000,11.0000,1969.4078,1970
3773,1904,185.0000,185.0000,0.0000,1.0000,1.0000,0.0000,11.0000,1969.8279,1970
3774,1855,30.0000,30.0000,0.0000,0.0000,-0.0000,0.0000,11.0000,1969.5558,1970
3775,1831,236.0000,236.0000,0.0000,1.0000,1.0000,0.0000,11.0000,1969.6876,1970
3776,1313,216.0000,216.0000,0.0000,1.0000,1.0000,0.0000,11.0000,1969.4297,1970
3777,1739,197.0000,197.0000,0.0000,1.0000,1.0000,0.0000,11.0000,1969.5883,1970
3778,1485,209.0000,209.0000,0.0000,1.0000,1.0000,0.0000,11.0000,1969.6195,1970
3779,1180,164.0000,165.0000,1.0000,1.0000,1.0000,0.0000,11.0000,1969.4511,1970
3780,1538,250.0000,250.0000,0.0000,1.0000,1.0000,0.0000,11.0000,1969.7831,1970
3781,1431,242.0000,242.0000,0.0000,1.0000,1.0000,0.0000,11.0000,1969.5126,1970
3782,1785,27.0000,27.0000,0.0000,0.0000,0.0000,0.0000,11.0000,1969.5993,1970
3783,1664,226.0000,226.0000,0.0000,1.0000,1.0000,0.0000,11.0000,1969.6751,1970
3784,1776,122.0000,123.0000,1.0000,1.0000,1.0000,0.0000,11.0000,1969.6199,1970
3785,1535,251.0000,251.0000,0.0000,1.0000,1.0000,0.0000,11.0000,1969.5342,1970
3786,1684,248.0000,248.0000,0.0000,1.0000,1.0000,0.0000,11.0000,1969.5648,1970
3787,1472,213.0000,214.0000,1.0000,1.0000,1.0000,0.0000,11.0000,1969.5327,1970
3788,1864,104.0000,104.0000,0.0000,1.0000,1.0000,0.0000,11.0000,1969.6333,1970
3789,1523,254.0000,254.0000,0.0000,1.0000,1.0000,0.0000,11.0000,1969.5625,1970
3790,1957,64.0000,64.0000,0.0000,1.0000,1.0000,0.0000,11.0000,1969.6785,1970
3791,1882,210.0000,210.0000,0.0000,1.0000,1.0000,0.0000,11.0000,1969.7055,1970
3792,1052,18.0000,18.0000,0.0000,0.0000,0.0000,0.0000,11.0000,1969.2101,1970
3793,1079,68.0000,68.0000,0.0000,1.0000,1.0000,0.0000,11.0000,1969.2855,1970
3794,1505,206.0000,207.0000,1.0000,1.0000,1.0000,0.0000,11.0000,1969.6638,1970
3795,1795,99.0000,99.0000,0.0000,1.0000,1.0000,0.0000,11.0000,1969.6068,1970
3796,1381,201.0000,202.0000,1.0000,1.0000,1.0000,0.0000,11.0000,1969.5142,1970
3797,1761,73.0000,73.0000,0.0000,1.0000,1.0000,0.0000,11.0000,1969.5871,1970
3798,1533,251.0000,251.0000,0.0000,1.0000,1.0000,0.0000,11.0000,1969.5188,1970
3799,1289,160.0000,160.0000,0.0000,1.0000,1.0000,0.0000,11.0000,1969.4236,1970
3800,1267,42.0000,42.0000,0.0000,0.0000,0.0000,0.0000,11.0000,1969.4632,1970
3801,1212,43.0000,43.0000,0.0000,0.0000,-0.0000,0.0000,11.0000,1969.4930,1970
3802,1353,223.0000,223.0000,0.0000,1.0000,1.0000,0.0000,11.0000,1969.5877,1970
3803,1755,235.0000,235.0000,0.0000,1.0000,1.0000,0.0000,11.0000,1969.6044,1970
3804,1352,218.0000,219.0000,1.0000,1.0000,1.0000,0.0000,11.0000,1969.4312,1970
3805,1581,245.0000,245.0000,0.0000,1.0000,1.0000,0.0000,11.0000,1969.5637,1970
3806,1339,178.0000,178.0000,0.0000,1.0000,1.0000,0.0000,11.0000,1969.6567,1970
3807,1845,225.0000,225.0000,0.0000,1.0000,1.0000,0.0000,11.0000,1969.7935,1970
3808,1174,166.0000,166.0000,0.0000,1.0000,1.0000,0.0000,11.0000,1969.4575,1970
3809,1821,108.0000,108.0000,0.0000,1.0000,1.0000,0.0000,11.0000,1969.6813,1970
3810,1327,31.0000,31.0000,0.0000,0.0000,0.0000,0.0000,11.0000,1969.4585,1970
3811,1732,243.0000,243.0000,0.0000,1.0000,1.0000,0.0000,11.0000,1969.5595,1970
3812,1729,246.0000,246.0000,0.0000,1.0000,1.0000,0.0000,11.0000,1969.5664,1970
3813,1413,234.0000,234.0000,0.0000,1.0000,1.0000,0.0000,11.0000,1969.5293,1970
3814,1774,188.0000,188.0000,0.0000,1.0000,1.0000,0.0000,11.0000,1969.5699,1970
3815,1644,263.0000,263.0000,0.0000,1.0000,1.0000,0.0000,11.0000,1969.5683,1970
3816,1888,206.0000,206.0000,0.0000,1.0000,1.0000,0.0000,11.0000,1969.7491,1970
3817,1569,254.0000,254.0000,0.0000,1.0000,1.0000,0.0000,11.0000,1969.5418,1970
3818,1526,11.0000,11.0000,0.0000,0.0000,-0.0000,0.0000,0.0000,-0.0291,-1
3819,1691,200.0000,200.0000,0.0000,1.0000,1.0000,0.0000,11.0000,1969.5563,1970
3820,1812,231.0000,231.0000,0.0000,1.0000,1.0000,0.0000,11.0000,1969.6001,1970
3821,1816,213.0000,213.0000,0.0000,1.0000,1.0000,0.0000,11.0000,1969.5846,1970
3822,1440,245.0000,245.0000,0.0000,1.0000,1.0000,0.0000,11.0000,1969.5910,1970
3823,1889,205.0000,205.0000,0.0000,1.0000,1.0000,0.0000,11.0000,1969.7176,1970
3824,1520,237.0000,237.0000,0.0000,1.0000,1.0000,0.0000,11.0000,1969.7120,1970
3825,1532,69.0000,70.0000,1.0000,1.0000,1.0000,0.0000,11.0000,1969.5169,1970
3826,1681,69.0000,69.0000,0.0000,1.0000,1.0000,0.0000,11.0000,1969.6937,1970
3827,1604,243.0000,243.0000,0.0000,1.0000,1.0000,0.0000,11.0000,1969.6400,1970
3828,1728,262.0000,262.0000,0.0000,1.0000,1.0000,0.0000,11.0000,1969.5721,1970
3829,1737,246.0000,246.0000,0.0000,1.0000,1.0000,0.0000,11.0000,1969.7462,1970
3830,1377,199.0000,199.0000,0.0000,1.0000,1.0000,0.0000,11.0000,1969.4561,1970
3831,1754,239.0000,239.0000,0.0000,1.0000,1.0000,0.0000,11.0000,1969.6745,1970
3832,1434,52.0000,52.0000,0.0000,1.0000,1.0000,0.0000,11.0000,1969.5323,1970
3833,1796,110.0000,110.0000,0.0000,1.0000,1.0000,0.0000,11.0000,1969.6396,1970
3834,1854,122.0000,122.0000,0.0000,1.0000,1.0000,0.0000,11.0000,1969.5967,1970
3835,1476,71.0000,71.0000,0.0000,1.0000,1.0000,0.0000,11.0000,1969.5198,1970
3836,1356,231.0000,231.0000,0.0000,1.0000,1.0000,0.0000,11.0000,1969.4759,1970
3837,1389,235.0000,235.0000,0.0000,1.0000,1.0000,0.0000,11.0000,1969.6634,1970
3838,1494,242.0000,242.0000,0.0000,1.0000,1.0000,0.0000,11.0000,1969.5178,1970
3839,1292,199.0000,199.0000,0.0000,1.0000,1.0000,0.0000,11.0000,1969.7290,1970
3840,1666,268.0000,268.0000,0.0000,1.0000,1.0000,0.0000,11.0000,1969.5614,1970
3841,1832,236.0000,236.0000,0.0000,1.0000,1.0000,0.0000,11.0000,1969.6149,1970
3842,1498,250.0000,250.0000,0.0000,1.0000,1.0000,0.0000,11.0000,1969.5046,1970
3843,1410,223.0000,223.0000,0.0000,1.0000,1.0000,0.0000,11.0000,1969.5477,1970
3844,1811,96.0000,96.0000,0.0000,1.0000,1.0000,0.0000,11.0000,1969.5839,1970
3845,2000,45.0000,45.0000,0.0000,0.0000,-0.0000,0.0000,11.0000,1969.6911,1970
3846,1851,208.0000,208.0000,0.0000,1.0000,1.0000,0.0000,11.0000,1969.6067,1970
3847,1940,164.0000,164.0000,0.0000,1.0000,1.0000,0.0000,11.0000,1969.7172,1970
3848,1833,228.0000,228.0000,0.0000,1.0000,1.0000,0.0000,11.0000,1969.6498,1970
3849,1651,252.0000,252.0000,0.0000,1.0000,1.0000,0.0000,11.0000,1969.5704,1970
3850,1252,184.0000,184.0000,0.0000,1.0000,1.0000,0.0000,11.0000,1969.4144,1970
3851,1427,241.0000,241.0000,0.0000,1.0000,1.0000,0.0000,11.0000,1969.5615,1970
3852,1799,243.0000,243.0000,0.0000,1.0000,1.0000,0.0000,11.0000,1969.5904,1970
3853,1426,68.0000,68.0000,0.0000,1.0000,1.0000,0.0000,11.0000,1969.6027,1970
3854,1502,248.0000,248.0000,0.0000,1.0000,1.0000,0.0000,11.0000,1969.5121,1970
3855,1105,32.0000,32.0000,0.0000,0.0000,0.0000,0.0000,11.0000,1969.5959,1970
3856,1601,257.0000,258.0000,1.0000,1.0000,1.0000,0.0000,11.0000,1969.5507,1970
3857,1222,170.0000,170.0000,0.0000,1.0000,1.0000,0.0000,11.0000,1969.6169,1970
3858,1293,203.0000,203.0000,0.0000,1.0000,1.0000,0.0000,11.0000,1969.5385,1970
3859,1575,255.0000,255.0000,0.0000,1.0000,1.0000,0.0000,11.0000,1969.6489,1970
3860,1733,243.0000,243.0000,0.0000,1.0000,1.0000,0.0000,11.0000,1969.6613,1970
3861,1784,48.0000,48.0000,0.0000,0.0000,0.0000,0.0000,11.0000,1969.5401,1970
3862,1600,155.0000,155.0000,0.0000,1.0000,1.0000,0.0000,11.0000,1969.5105,1970
3863,1748,45.0000,45.0000,0.0000,0.0000,0.0000,0.0000,11.0000,1969.6134,1970
3864,1820,216.0000,216.0000,0.0000,1.0000,1.0000,0.0000,11.0000,1969.6175,1970
3865,1329,182.0000,183.0000,1.0000,1.0000,1.0000,0.0000,11.0000,1969.4503,1970
3866,1597,251.0000,251.0000,0.0000,1.0000,1.0000,0.0000,11.0000,1969.6313,1970
3867,1857,217.0000,217.0000,0.0000,1.0000,1.0000,0.0000,11.0000,1969.7094,1970
3868,1877,205.0000,205.0000,0.0000,1.0000,1.0000,0.0000,11.0000,1969.6000,1970
3869,1603,263.0000,263.0000,0.0000,1.0000,1.0000,0.0000,11.0000,1969.5513,1970
3870,1343,222.0000,222.0000,0.0000,1.0000,1.0000,0.0000,11.0000,1969.4801,1970
3871,1241,187.0000,188.0000,1.0000,1.0000,1.0000,0.0000,11.0000,1969.3941,1970
3872,1708,215.0000,215.0000,0.0000,1.0000,1.0000,0.0000,11.0000,1969.5661,1970
3873,1084,60.0000,60.0000,0.0000,1.0000,1.0000,0.0000,11.0000,1969.2999,1970
3874,1187,145.0000,145.0000,0.0000,1.0000,1.0000,0.0000,11.0000,1969.4446,1970
3875,1647,239.0000,239.0000,0.0000,1.0000,1.0000,0.0000,11.0000,1969.6091,1970
3876,1707,112.0000,112.0000,0.0000,1.0000,1.0000,0.0000,11.0000,1969.5785,1970
3877,1549,257.0000,258.0000,1.0000,1.0000,1.0000,0.0000,11.0000,1969.5666,1970
3878,1977,46.0000,46.0000,0.0000,0.0000,-0.0000,0.0000,11.0000,1969.6265,1970
3879,1804,239.0000,239.0000,0.0000,1.0000,1.0000,0.0000,11.0000,1969.5886,1970
3880,1731,209.0000,209.0000,0.0000,1.0000,1.0000,0.0000,11.0000,1969.6979,1970
3881,1880,212.0000,212.0000,0.0000,1.0000,1.0000,0.0000,11.0000,1969.6321,1970
3882,1511,177.0000,177.0000,0.0000,1.0000,1.0000,0.0000,11.0000,1969.6689,1970
3883,1742,251.0000,251.0000,0.0000,1.0000,1.0000,0.0000,11.0000,1969.5800,1970
3884,1866,88.0000,88.0000,0.0000,1.0000,1.0000,0.0000,11.0000,1969.7201,1970
3885,1459,250.0000,250.0000,0.0000,1.0000,1.0000,0.0000,11.0000,1969.5217,1970
3886,1269,197.0000,197.0000,0.0000,1.0000,1.0000,0.0000,11.0000,1969.3941,1970
3887,1562,233.0000,233.0000,0.0000,1.0000,1.0000,0.0000,11.0000,1969.5502,1970
3888,1461,239.0000,239.0000,0.0000,1.0000,1.0000,0.0000,11.0000,1969.5273,1970
3889,1200,72.0000,72.0000,0.0000,1.0000,1.0000,0.0000,11.0000,1969.4283,1970
3890,1309,150.0000,150.0000,0.0000,1.0000,1.0000,0.0000,11.0000,1969.4608,1970
3891,1607,258.0000,259.0000,1.0000,1.0000,1.0000,0.0000,11.0000,1969.6785,1970
3892,1064,18.0000,18.0000,0.0000,0.0000,-0.0000,0.0000,11.0000,1969.2490,1970
3893,1522,252.0000,252.0000,0.0000,1.0000,1.0000,0.0000,11.0000,1969.5977,1970
3894,1931,179.0000,179.0000,0.0000,1.0000,1.0000,0.0000,11.0000,1969.6086,1970
3895,1762,254.0000,255.0000,1.0000,1.0000,1.0000,0.0000,11.0000,1969.5941,1970
3896,1938,171.0000,171.0000,0.0000,1.0000,1.0000,0.0000,11.0000,1969.6270,1970
3897,1915,174.0000,174.0000,0.0000,1.0000,1.0000,0.0000,11.0000,1969.7280,1970
3898,1557,262.0000,262.0000,0.0000,1.0000,1.0000,0.0000,11.0000,1969.5378,1970
3899,1069,66.0000,66.0000,0.0000,1.0000,1.0000,0.0000,11.0000,1969.2742,1970
3900,1697,246.0000,246.0000,0.0000,1.0000,1.0000,0.0000,11.0000,1969.5575,1970
3901,1492,250.0000,250.0000,0.0000,1.0000,1.0000,0.0000,11.0000,1969.5762,1970
3902,1618,263.0000,264.0000,1.0000,1.0000,1.0000,0.0000,11.0000,1969.5594,1970
3903,1936,70.0000,70.0000,0.0000,1.0000,1.0000,0.0000,11.0000,1969.6376,1970
3904,1443,246.0000,246.0000,0.0000,1.0000,1.0000,0.0000,11.0000,1969.5079,1970
3905,1321,219.0000,219.0000,0.0000,1.0000,1.0000,0.0000,11.0000,1969.4365,1970
3906,1508,258.0000,258.0000,0.0000,1.0000,1.0000,0.0000,11.0000,1969.5163,1970
3907,1579,232.0000,232.0000,0.0000,1.0000,1.0000,0.0000,11.0000,1969.5499,1970
3908,1771,244.0000,244.0000,0.0000,1.0000,1.0000,0.0000,11.0000,1969.5804,1970
3909,1232,133.0000,133.0000,0.0000,1.0000,1.0000,0.0000,11.0000,1969.4241,1970
3910,1109,36.0000,37.0000,1.0000,0.0000,-0.0000,0.0000,11.0000,1969.5905,1970
3911,1592,250.0000,250.0000,0.0000,1.0000,1.0000,0.0000,11.0000,1969.5314,1970
3912,1713,190.0000,190.0000,0.0000,1.0000,1.0000,0.0000,11.0000,1969.6245,1970
3913,1457,34.0000,34.0000,0.0000,0.0000,-0.0000,0.0000,11.0000,1969.4717,1970
3914,1898,53.0000,53.0000,0.0000,1.0000,1.0000,0.0000,11.0000,1969.6191,1970
3915,1947,120.0000,120.0000,0.0000,1.0000,1.0000,0.0000,11.0000,1969.6386,1970
3916,1473,119.0000,119.0000,0.0000,1.0000,1.0000,0.0000,11.0000,1969.5177,1970
3917,1221,174.0000,174.0000,0.0000,1.0000,1.0000,0.0000,11.0000,1969.3907,1970
3918,1633,244.0000,244.0000,0.0000,1.0000,1.0000,0.0000,11.0000,1969.5690,1970
3919,1753,255.0000,255.0000,0.0000,1.0000,1.0000,0.0000,11.0000,1969.6835,1970
3920,1436,239.0000,239.0000,0.0000,1.0000,1.0000,0.0000,11.0000,1969.6431,1970
3921,1948,134.0000,134.0000,0.0000,1.0000,1.0000,0.0000,11.0000,1969.7178,1970
3922,1746,239.0000,239.0000,0.0000,1.0000,1.0000,0.0000,11.0000,1969.6195,1970
3923,1829,40.0000,40.0000,0.0000,0.0000,0.0000,0.0000,11.0000,1969.6095,1970
3924,1941,167.0000,167.0000,0.0000,1.0000,1.0000,0.0000,11.0000,1969.6183,1970
3925,1822,32.0000,32.0000,0.0000,0.0000,0.0000,0.0000,11.0000,1969.5757,1970
3926,1789,229.0000,229.0000,0.0000,1.0000,1.0000,0.0000,11.0000,1969.5699,1970
3927,1960,101.0000,101.0000,0.0000,1.0000,1.0000,0.0000,11.0000,1969.6737,1970
3928,1935,60.0000,61.0000,1.0000,1.0000,1.0000,0.0000,11.0000,1969.6454,1970
3929,1907,144.0000,144.0000,0.0000,1.0000,1.0000,0.0000,11.0000,1969.7421,1970
3930,1693,242.0000,242.0000,0.0000,1.0000,1.0000,0.0000,11.0000,1969.5532,1970
3931,1559,257.0000,257.0000,0.0000,1.0000,1.0000,0.0000,11.0000,1969.5575,1970
3932,1100,4.0000,4.0000,0.0000,0.0000,0.0000,0.0000,0.0000,-0.0307,-1
3933,1261,60.0000,60.0000,0.0000,1.0000,1.0000,0.0000,11.0000,1969.3994,1970
3934,1231,199.0000,199.0000,0.0000,1.0000,1.0000,0.0000,11.0000,1969.3970,1970
3935,1943,135.0000,135.0000,0.0000,1.0000,1.0000,0.0000,11.0000,1969.6203,1970
3936,1458,249.0000,249.0000,0.0000,1.0000,1.0000,0.0000,11.0000,1969.4923,1970
3937,1519,125.0000,125.0000,0.0000,1.0000,1.0000,0.0000,11.0000,1969.5439,1970
3938,1279,195.0000,195.0000,0.0000,1.0000,1.0000,0.0000,11.0000,1969.4864,1970
3939,1867,169.0000,169.0000,0.0000,1.0000,1.0000,0.0000,11.0000,1969.5752,1970
3940,1469,248.0000,248.0000,0.0000,1.0000,1.0000,0.0000,11.0000,1969.5886,1970
3941,1104,116.0000,116.0000,0.0000,1.0000,1.0000,0.0000,11.0000,1969.3430,1970
3942,1534,255.0000,255.0000,0.0000,1.0000,1.0000,0.0000,11.0000,1969.5244,1970
3943,1610,253.0000,253.0000,0.0000,1.0000,1.0000,0.0000,11.0000,1969.5389,1970
3944,1787,237.0000,237.0000,0.0000,1.0000,1.0000,0.0000,11.0000,1969.5809,1970
3945,1251,195.0000,195.0000,0.0000,1.0000,1.0000,0.0000,11.0000,1969.4714,1970
3946,1454,234.0000,234.0000,0.0000,1.0000,1.0000,0.0000,11.0000,1969.5147,1970
3947,1886,203.0000,203.0000,0.0000,1.0000,1.0000,0.0000,11.0000,1969.6193,1970
3948,1308,202.0000,202.0000,0.0000,1.0000,1.0000,0.0000,11.0000,1969.4375,1970
3949,1134,126.0000,127.0000,1.0000,1.0000,1.0000,0.0000,11.0000,1969.5091,1970
3950,2950,234.0000,235.0000,1.0000,1.0000,1.0000,0.0000,13.0000,3276.4614,3277
3951,2916,230.0000,230.0000,0.0000,1.0000,1.0000,0.0000,13.0000,3276.4689,3277
3952,3001,69.0000,70.0000,1.0000,1.0000,1.0000,0.0000,13.0000,3276.5390,3277
3953,2748,177.0000,177.0000,0.0000,1.0000,1.0000,0.0000,13.0000,3276.3476,3277
3954,3174,235.0000,235.0000,0.0000,1.0000,1.0000,0.0000,13.0000,3276.5282,3277
3955,2952,23.0000,23.0000,0.0000,0.0000,0.0000,0.0000,13.0000,3276.4163,3277
3956,3286,109.0000,110.0000,1.0000,1.0000,1.0000,0.0000,13.0000,3276.5600,3277
3957,3044,241.0000,241.0000,0.0000,1.0000,1.0000,0.0000,13.0000,3276.6304,3277
3958,3112,241.0000,241.0000,0.0000,1.0000,1.0000,0.0000,13.0000,3276.5963,3277
3959,2370,39.0000,39.0000,0.0000,0.0000,-0.0000,0.0000,13.0000,3276.3600,3277
3960,3045,238.0000,238.0000,0.0000,1.0000,1.0000,0.0000,13.0000,3276.4845,3277
3961,2588,104.0000,104.4886,0.4886,1.0000,1.0000,0.0000,13.0000,3276.5760,3277
3962,3065,224.0000,224.0000,0.0000,1.0000,1.0000,0.0000,13.0000,3276.4905,3277
3963,2926,231.0000,231.0000,0.0000,1.0000,1.0000,0.0000,13.0000,3276.4625,3277
3964,2273,10.0000,10.0000,0.0000,0.0000,-0.0000,0.0000,0.0000,-0.0297,-1
3965,3018,82.0000,82.0000,0.0000,1.0000,1.0000,0.0000,13.0000,3276.4324,3277
3966,3198,234.0000,234.0000,0.0000,1.0000,1.0000,0.0000,13.0000,3276.7074,3277
3967,3072,242.0000,242.0000,0.0000,1.0000,1.0000,0.0000,13.0000,3276.5648,3277
3968,2489,69.0000,70.0000,1.0000,1.0000,1.0000,0.0000,13.0000,3276.3021,3277
3969,3248,207.0000,207.0000,0.0000,1.0000,1.0000,0.0000,13.0000,3276.5470,3277
3970,2453,58.0000,58.0000,0.0000,1.0000,1.0000,0.0000,13.0000,3276.3364,3277
3971,3023,207.0000,207.0000,0.0000,1.0000,1.0000,0.0000,13.0000,3276.5044,3277
3972,3136,242.0000,243.0000,1.0000,1.0000,1.0000,0.0000,13.0000,3276.5259,3277
3973,3188,235.0000,235.0000,0.0000,1.0000,1.0000,0.0000,13.0000,3276.5400,3277
3974,3163,229.0000,230.0000,1.0000,1.0000,1.0000,0.0000,13.0000,3276.5041,3277
3975,3259,99.0000,100.0000,1.0000,1.0000,1.0000,0.0000,13.0000,3276.5365,3277
3976,3002,236.0000,236.0000,0.0000,1.0000,1.0000,0.0000,13.0000,3276.4738,3277
3977,2955,207.0000,207.0000,0.0000,1.0000,1.0000,0.0000,13.0000,3276.5401,3277
3978,3312,88.0000,88.0000,0.0000,1.0000,1.0000,0.0000,13.0000,3276.6634,3277
3979,3284,128.0000,128.0000,0.0000,1.0000,1.0000,0.0000,13.0000,3276.5714,3277
3980,2917,42.0000,42.0000,0.0000,0.0000,-0.0000,0.0000,13.0000,3276.4581,3277
3981,3084,239.0000,239.0000,0.0000,1.0000,1.0000,0.0000,13.0000,3276.4924,3277
3982,2921,233.0000,233.0000,0.0000,1.0000,1.0000,0.0000,13.0000,3276.5762,3277
3983,3200,217.0000,217.0000,0.0000,1.0000,1.0000,0.0000,13.0000,3276.5652,3277
3984,2842,196.0000,196.0000,0.0000,1.0000,1.0000,0.0000,13.0000,3276.4165,3277
3985,2792,117.0000,117.0000,0.0000,1.0000,1.0000,0.0000,13.0000,3276.4000,3277
3986,2902,227.0000,227.0000,0.0000,1.0000,1.0000,0.0000,13.0000,3276.6075,3277
3987,2985,195.0000,195.0000,0.0000,1.0000,1.0000,0.0000,13.0000,3276.4649,3277
3988,3224,172.0000,172.0000,0.0000,1.0000,1.0000,0.0000,13.0000,3276.5539,3277
3989,3142,225.0000,225.0000,0.0000,1.0000,1.0000,0.0000,13.0000,3276.5080,3277
3990,3132,221.0000,221.0000,0.0000,1.0000,1.0000,0.0000,13.0000,3276.5168,3277
3991,3179,216.0000,217.0000,1.0000,1.0000,1.0000,0.0000,13.0000,3276.6864,3277
3992,3033,205.0000,205.0000,0.0000,1.0000,1.0000,0.0000,13.0000,3276.4975,3277
3993,3133,244.0000,244.0000,0.0000,1.0000,1.0000,0.0000,13.0000,3276.5596,3277
3994,3197,232.0000,232.0000,0.0000,1.0000,1.0000,0.0000,13.0000,3276.5866,3277
3995,2755,159.0000,159.0000,0.0000,1.0000,1.0000,0.0000,13.0000,3276.4354,3277
3996,2860,82.0000,82.0000,0.0000,1.0000,1.0000,0.0000,13.0000,3276.4480,3277
3997,2999,114.0000,114.0000,0.0000,1.0000,1.0000,0.0000,13.0000,3276.5192,3277
3998,3330,50.0000,50.0000,0.0000,1.0000,1.0000,0.0000,13.0000,3276.5525,3277
3999,3245,47.0000,47.0000,0.0000,0.0000,0.0000,0.0000,13.0000,3276.6643,3277
4000,2948,240.0000,240.0000,0.0000,1.0000,1.0000,0.0000,13.0000,3276.4748,3277
4001,3329,56.0000,56.0000,0.0000,1.0000,1.0000,0.0000,13.0000,3276.6448,3277
4002,2892,218.0000,218.0000,0.0000,1.0000,1.0000,0.0000,13.0000,3276.4372,3277
4003,3066,245.0000,245.0000,0.0000,1.0000,1.0000,0.0000,13.0000,3276.4855,3277
4004,2957,217.0000,217.0000,0.0000,1.0000,1.0000,0.0000,13.0000,3276.4553,3277
4005,3223,46.0000,46.0000,0.0000,0.0000,-0.0000,0.0000,13.0000,3276.4996,3277
4006,2738,53.0000,53.0000,0.0000,1.0000,1.0000,0.0000,13.0000,3276.3941,3277
4007,3060,238.0000,238.0000,0.0000,1.0000,1.0000,0.0000,13.0000,3276.5412,3277
4008,3139,244.0000,245.0000,1.0000,1.0000,1.0000,0.0000,13.0000,3276.5055,3277
4009,3293,122.0000,122.0000,0.0000,1.0000,1.0000,0.0000,13.0000,3276.5663,3277
4010,3156,128.0000,128.0000,0.0000,1.0000,1.0000,0.0000,13.0000,3276.5622,3277
4011,2927,189.0000,190.0000,1.0000,1.0000,1.0000,0.0000,13.0000,3276.6795,3277
4012,2772,190.0000,190.0000,0.0000,1.0000,1.0000,0.0000,13.0000,3276.3895,3277
4013,3027,231.0000,231.0000,0.0000,1.0000,1.0000,0.0000,13.0000,3276.4884,3277
4014,3052,242.0000,242.0000,0.0000,1.0000,1.0000,0.0000,13.0000,3276.5472,3277
4015,3314,88.0000,88.0000,0.0000,1.0000,1.0000,0.0000,13.0000,3276.5469,3277
4016,3237,44.0000,44.0000,0.0000,0.0000,-0.0000,0.0000,13.0000,3276.5303,3277
4017,3311,95.0000,95.0000,0.0000,1.0000,1.0000,0.0000,13.0000,3276.5506,3277
4018,2992,159.0000,159.0000,0.0000,1.0000,1.0000,0.0000,13.0000,3276.4468,3277
4019,3008,223.0000,224.0000,1.0000,1.0000,1.0000,0.0000,13.0000,3276.4954,3277
4020,3035,239.0000,239.0000,0.0000,1.0000,1.0000,0.0000,13.0000,3276.6162,3277
4021,2782,186.0000,186.0000,0.0000,1.0000,1.0000,0.0000,13.0000,3276.3845,3277
4022,3254,116.0000,116.0000,0.0000,1.0000,1.0000,0.0000,13.0000,3276.5467,3277
4023,3127,167.0000,167.0000,0.0000,1.0000,1.0000,0.0000,13.0000,3276.5560,3277
4024,2823,191.0000,191.0000,0.0000,1.0000,1.0000,0.0000,13.0000,3276.3909,3277
4025,3152,34.0000,34.0000,0.0000,0.0000,0.0000,0.0000,13.0000,3276.4862,3277
4026,3053,71.0000,71.0000,0.0000,1.0000,1.0000,0.0000,13.0000,3276.4612,3277
4027,3104,242.0000,242.0000,0.0000,1.0000,1.0000,0.0000,13.0000,3276.4945,3277
4028,3323,62.0000,62.0000,0.0000,1.0000,1.0000,0.0000,13.0000,3276.5846,3277
4029,3241,224.0000,224.0000,0.0000,1.0000,1.0000,0.0000,13.0000,3276.5216,3277
4030,2475,64.0000,64.0000,0.0000,1.0000,1.0000,0.0000,13.0000,3276.3682,3277
4031,3266,216.0000,216.0000,0.0000,1.0000,1.0000,0.0000,13.0000,3276.5753,3277
4032,2937,239.0000,239.0000,0.0000,1.0000,1.0000,0.0000,13.0000,3276.5440,3277
4033,3125,240.0000,240.0000,0.0000,1.0000,1.0000,0.0000,13.0000,3276.5020,3277
4034,3180,239.0000,239.0000,0.0000,1.0000,1.0000,0.0000,13.0000,3276.5256,3277
4035,3212,236.0000,236.0000,0.0000,1.0000,1.0000,0.0000,13.0000,3276.6442,3277
4036,2391,37.0000,37.0000,0.0000,0.0000,0.0000,0.0000,13.0000,3276.2726,3277
4037,3229,210.0000,210.0000,0.0000,1.0000,1.0000,0.0000,13.0000,3276.6547,3277
4038,3071,200.0000,200.0000,0.0000,1.0000,1.0000,0.0000,13.0000,3276.4710,3277
4039,2660,157.0000,157.0000,0.0000,1.0000,1.0000,0.0000,13.0000,3276.3360,3277
4040,3273,202.0000,202.0000,0.0000,1.0000,1.0000,0.0000,13.0000,3276.6859,3277
4041,3348,20.0000,20.0000,0.0000,0.0000,-0.0000,0.0000,13.0000,3276.5086,3277
4042,3393,3.0000,3.0000,0.0000,0.0000,0.0000,0.0000,0.0000,0.0289,-1
4043,3211,235.0000,235.0000,0.0000,1.0000,1.0000,0.0000,13.0000,3276.5316,3277
4044,3217,236.0000,236.0000,0.0000,1.0000,1.0000,0.0000,13.0000,3276.5389,3277
4045,2797,152.0000,153.0000,1.0000,1.0000,1.0000,0.0000,13.0000,3276.3710,3277
4046,2808,59.0000,59.0000,0.0000,1.0000,1.0000,0.0000,13.0000,3276.4360,3277
4047,3281,193.0000,193.0000,0.0000,1.0000,1.0000,0.0000,13.0000,3276.5797,3277
4048,2800,191.0000,191.0000,0.0000,1.0000,1.0000,0.0000,13.0000,3276.5013,3277
4049,3182,153.0000,153.0000,0.0000,1.0000,1.0000,0.0000,13.0000,3276.5715,3277
4050,3283,196.0000,196.0000,0.0000,1.0000,1.0000,0.0000,13.0000,3276.6089,3277
4051,2756,166.0000,166.0000,0.0000,1.0000,1.0000,0.0000,13.0000,3276.3512,3277
4052,3162,242.0000,242.0000,0.0000,1.0000,1.0000,0.0000,13.0000,3276.4978,3277
4053,3332,47.0000,47.0000,0.0000,0.0000,0.0000,0.0000,13.0000,3276.5084,3277
4054,2858,80.0000,80.0000,0.0000,1.0000,1.0000,0.0000,13.0000,3276.3481,3277
4055,3014,240.0000,240.0000,0.0000,1.0000,1.0000,0.0000,13.0000,3276.4931,3277
4056,2996,236.0000,236.0000,0.0000,1.0000,1.0000,0.0000,13.0000,3276.5340,3277
4057,3015,224.0000,224.0000,0.0000,1.0000,1.0000,0.0000,13.0000,3276.4716,3277
4058,3042,239.0000,239.0000,0.0000,1.0000,1.0000,0.0000,13.0000,3276.5704,3277
4059,2993,179.0000,180.0000,1.0000,1.0000,1.0000,0.0000,13.0000,3276.4482,3277
4060,3041,239.0000,239.0000,0.0000,1.0000,1.0000,0.0000,13.0000,3276.4660,3277
4061,3335,43.0000,43.0000,0.0000,0.0000,-0.0000,0.0000,13.0000,3276.5312,3277
4062,3089,222.0000,222.0000,0.0000,1.0000,1.0000,0.0000,13.0000,3276.5051,3277
4063,3079,240.0000,240.0000,0.0000,1.0000,1.0000,0.0000,13.0000,3276.4799,3277
4064,3004,239.0000,239.4886,0.4886,1.0000,1.0000,0.0000,13.0000,3276.5823,3277
4065,3057,238.0000,238.0000,0.0000,1.0000,1.0000,0.0000,13.0000,3276.5982,3277
4066,3154,236.0000,236.0000,0.0000,1.0000,1.0000,0.0000,13.0000,3276.5168,3277
4067,2954,233.0000,233.0000,0.0000,1.0000,1.0000,0.0000,13.0000,3276.4607,3277
4068,3176,230.0000,230.0000,0.0000,1.0000,1.0000,0.0000,13.0000,3276.6058,3277
4069,3262,215.0000,215.0000,0.0000,1.0000,1.0000,0.0000,13.0000,3276.6011,3277
4070,2881,223.0000,223.0000,0.0000,1.0000,1.0000,0.0000,13.0000,3276.4333,3277
4071,3260,62.0000,62.0000,0.0000,1.0000,1.0000,0.0000,13.0000,3276.5514,3277
4072,2907,29.0000,30.0000,1.0000,0.0000,-0.0000,0.0000,13.0000,3276.4793,3277
4073,3251,16.0000,16.0000,0.0000,0.0000,0.0000,0.0000,13.0000,3276.4637,3277
4074,3049,223.0000,223.0000,0.0000,1.0000,1.0000,0.0000,13.0000,3276.5021,3277
4075,3155,243.0000,243.0000,0.0000,1.0000,1.0000,0.0000,13.0000,3276.5268,3277
4076,3222,216.0000,216.0000,0.0000,1.0000,1.0000,0.0000,13.0000,3276.5868,3277
4077,3265,180.0000,180.0000,0.0000,1.0000,1.0000,0.0000,13.0000,3276.6170,3277
4078,3093,241.0000,241.0000,0.0000,1.0000,1.0000,0.0000,13.0000,3276.5125,3277
4079,2895,229.0000,229.0000,0.0000,1.0000,1.0000,0.0000,13.0000,3276.4742,3277
4080,3126,241.0000,241.0000,0.0000,1.0000,1.0000,0.0000,13.0000,3276.5387,3277
4081,3082,239.0000,239.0000,0.0000,1.0000,1.0000,0.0000,13.0000,3276.5143,3277
4082,3316,38.0000,38.0000,0.0000,0.0000,0.0000,0.0000,13.0000,3276.5163,3277
4083,3025,239.0000,239.0000,0.0000,1.0000,1.0000,0.0000,13.0000,3276.4790,3277
4084,2903,47.0000,48.0000,1.0000,0.0000,0.0000,0.0000,13.0000,3276.5700,3277
4085,3021,243.0000,243.0000,0.0000,1.0000,1.0000,0.0000,13.0000,3276.5080,3277
4086,2681,112.0000,112.0000,0.0000,1.0000,1.0000,0.0000,13.0000,3276.3572,3277
4087,3230,194.0000,194.0000,0.0000,1.0000,1.0000,0.0000,13.0000,3276.5237,3277
4088,3048,198.0000,199.0000,1.0000,1.0000,1.0000,0.0000,13.0000,3276.4891,3277
4089,2981,217.0000,218.0000,1.0000,1.0000,1.0000,0.0000,13.0000,3276.4816,3277
4090,2609,40.0000,40.0000,0.0000,0.0000,0.0000,0.0000,13.0000,3276.3858,3277
4091,3078,246.0000,246.0000,0.0000,1.0000,1.0000,0.0000,13.0000,3276.5467,3277
4092,3145,228.0000,228.0000,0.0000,1.0000,1.0000,0.0000,13.0000,3276.5900,3277
4093,3054,241.0000,241.0000,0.0000,1.0000,1.0000,0.0000,13.0000,3276.4722,3277
4094,2401,36.0000,36.0000,0.0000,0.0000,-0.0000,0.0000,13.0000,3276.4044,3277
4095,3290,92.0000,92.0000,0.0000,1.0000,1.0000,0.0000,13.0000,3276.5563,3277
4096,2649,74.0000,75.0000,1.0000,1.0000,1.0000,0.0000,13.0000,3276.3932,3277
4097,3087,240.0000,242.0000,2.0000,1.0000,1.0000,0.0000,13.0000,3276.4936,3277
4098,3213,89.0000,89.0000,0.0000,1.0000,1.0000,0.0000,13.0000,3276.5366,3277
4099,2951,238.0000,238.0000,0.0000,1.0000,1.0000,0.0000,13.0000,3276.4909,3277
4100,3275,196.0000,196.0000,0.0000,1.0000,1.0000,0.0000,13.0000,3276.6304,3277
4101,3185,106.0000,106.0000,0.0000,1.0000,1.0000,0.0000,13.0000,3276.5375,3277
4102,2947,233.0000,233.0000,0.0000,1.0000,1.0000,0.0000,13.0000,3276.4613,3277
4103,3218,66.0000,66.0000,0.0000,1.0000,1.0000,0.0000,13.0000,3276.5337,3277
4104,3055,239.0000,239.0000,0.0000,1.0000,1.0000,0.0000,13.0000,3276.4667,3277
4105,2922,231.0000,231.0000,0.0000,1.0000,1.0000,0.0000,13.0000,3276.5207,3277
4106,3279,173.0000,173.0000,0.0000,1.0000,1.0000,0.0000,13.0000,3276.5653,3277
4107,2934,219.0000,219.0000,0.0000,1.0000,1.0000,0.0000,13.0000,3276.4507,3277
4108,3024,238.0000,239.0000,1.0000,1.0000,1.0000,0.0000,13.0000,3276.4938,3277
4109,3120,242.0000,242.0000,0.0000,1.0000,1.0000,0.0000,13.0000,3276.4963,3277
4110,3173,175.0000,175.0000,0.0000,1.0000,1.0000,0.0000,13.0000,3276.5181,3277
4111,2944,123.0000,123.0000,0.0000,1.0000,1.0000,0.0000,13.0000,3276.4970,3277
4112,3164,241.0000,241.0000,0.0000,1.0000,1.0000,0.0000,13.0000,3276.5148,3277
4113,3228,17.0000,17.0000,0.0000,0.0000,-0.0000,0.0000,13.0000,3276.4877,3277
4114,3108,240.0000,240.0000,0.0000,1.0000,1.0000,0.0000,13.0000,3276.5843,3277
4115,3328,57.0000,57.0000,0.0000,1.0000,1.0000,0.0000,13.0000,3276.6225,3277
4116,3007,246.0000,246.0000,0.0000,1.0000,1.0000,0.0000,13.0000,3276.4890,3277
4117,3196,161.0000,162.0000,1.0000,1.0000,1.0000,0.0000,13.0000,3276.5228,3277
4118,2816,186.0000,186.0000,0.0000,1.0000,1.0000,0.0000,13.0000,3276.5342,3277
4119,3080,242.0000,242.0000,0.0000,1.0000,1.0000,0.0000,13.0000,3276.5041,3277
4120,2830,90.0000,90.0000,0.0000,1.0000,1.0000,0.0000,13.0000,3276.3805,3277
4121,2372,30.0000,30.0000,0.0000,0.0000,0.0000,0.0000,13.0000,3276.4098,3277
4122,3031,245.0000,245.0000,0.0000,1.0000,1.0000,0.0000,13.0000,3276.5069,3277
4123,3199,43.0000,43.0000,0.0000,0.0000,-0.0000,0.0000,13.0000,3276.4856,3277
4124,2943,232.0000,232.0000,0.0000,1.0000,1.0000,0.0000,13.0000,3276.4862,3277
4125,2930,233.0000,233.0000,0.0000,1.0000,1.0000,0.0000,13.0000,3276.4856,3277
4126,2419,36.0000,36.0000,0.0000,0.0000,-0.0000,0.0000,13.0000,3276.2113,3277
4127,3270,205.0000,205.0000,0.0000,1.0000,1.0000,0.0000,13.0000,3276.5583,3277
4128,3243,204.0000,204.0000,0.0000,1.0000,1.0000,0.0000,13.0000,3276.5422,3277
4129,3261,68.0000,68.0000,0.0000,1.0000,1.0000,0.0000,13.0000,3276.5429,3277
4130,3103,243.0000,243.0000,0.0000,1.0000,1.0000,0.0000,13.0000,3276.5113,3277
4131,2831,209.0000,209.0000,0.0000,1.0000,1.0000,0.0000,13.0000,3276.4286,3277
4132,3062,244.0000,244.0000,0.0000,1.0000,1.0000,0.0000,13.0000,3276.4795,3277
4133,2580,86.0000,86.0000,0.0000,1.0000,1.0000,0.0000,13.0000,3276.7177,3277
4134,3098,240.0000,240.0000,0.0000,1.0000,1.0000,0.0000,13.0000,3276.4983,3277
4135,2997,242.0000,242.0000,0.0000,1.0000,1.0000,0.0000,13.0000,3276.4756,3277
4136,3227,229.0000,229.0000,0.0000,1.0000,1.0000,0.0000,13.0000,3276.6195,3277
4137,3074,239.0000,239.0000,0.0000,1.0000,1.0000,0.0000,13.0000,3276.6616,3277
4138,3292,66.0000,66.0000,0.0000,1.0000,1.0000,0.0000,13.0000,3276.6092,3277
4139,3233,147.0000,147.0000,0.0000,1.0000,1.0000,0.0000,13.0000,3276.5398,3277
4140,3320,72.0000,72.0000,0.0000,1.0000,1.0000,0.0000,13.0000,3276.5516,3277
4141,3268,68.0000,68.0000,0.0000,1.0000,1.0000,0.0000,13.0000,3276.5474,3277
4142,3272,131.0000,131.0000,0.0000,1.0000,1.0000,0.0000,13.0000,3276.6175,3277
4143,3058,244.0000,244.0000,0.0000,1.0000,1.0000,0.0000,13.0000,3276.4747,3277
4144,3091,162.0000,162.0000,0.0000,1.0000,1.0000,0.0000,13.0000,3276.6131,3277
4145,2998,240.0000,240.0000,0.0000,1.0000,1.0000,0.0000,13.0000,3276.4740,3277
4146,2956,239.0000,239.0000,0.0000,1.0000,1.0000,0.0000,13.0000,3276.4706,3277
4147,3186,122.0000,123.0000,1.0000,1.0000,1.0000,0.0000,13.0000,3276.5402,3277
4148,3300,57.0000,57.0000,0.0000,1.0000,1.0000,0.0000,13.0000,3276.6071,3277
4149,3030,192.0000,192.0000,0.0000,1.0000,1.0000,0.0000,13.0000,3276.4678,3277
4150,3171,233.0000,233.0000,0.0000,1.0000,1.0000,0.0000,13.0000,3276.5211,3277
4151,3172,82.0000,82.0000,0.0000,1.0000,1.0000,0.0000,13.0000,3276.5741,3277
4152,3231,193.0000,193.0000,0.0000,1.0000,1.0000,0.0000,13.0000,3276.5676,3277
4153,2905,230.0000,230.0000,0.0000,1.0000,1.0000,0.0000,13.0000,3276.5003,3277
4154,3020,245.0000,246.0000,1.0000,1.0000,1.0000,0.0000,13.0000,3276.5183,3277
4155,3026,62.0000,62.0000,0.0000,1.0000,1.0000,0.0000,13.0000,3276.6033,3277
4156,2945,230.0000,230.0000,0.0000,1.0000,1.0000,0.0000,13.0000,3276.4924,3277
4157,2764,184.0000,184.0000,0.0000,1.0000,1.0000,0.0000,13.0000,3276.3660,3277
4158,3317,19.0000,19.0000,0.0000,0.0000,0.0000,0.0000,13.0000,3276.5266,3277
4159,3130,239.0000,239.0000,0.0000,1.0000,1.0000,0.0000,13.0000,3276.6118,3277
4160,2442,53.0000,53.0000,0.0000,1.0000,1.0000,0.0000,13.0000,3276.2832,3277
4161,3123,242.0000,242.0000,0.0000,1.0000,1.0000,0.0000,13.0000,3276.7179,3277
4162,3221,225.0000,225.0000,0.0000,1.0000,1.0000,0.0000,13.0000,3276.5358,3277
4163,3129,214.0000,214.0000,0.0000,1.0000,1.0000,0.0000,13.0000,3276.5273,3277
4164,3289,75.0000,75.0000,0.0000,1.0000,1.0000,0.0000,13.0000,3276.6921,3277
4165,3036,221.0000,221.0000,0.0000,1.0000,1.0000,0.0000,13.0000,3276.6544,3277
4166,3141,243.0000,244.0000,1.0000,1.0000,1.0000,0.0000,13.0000,3276.4976,3277
4167,3302,60.0000,60.0000,0.0000,1.0000,1.0000,0.0000,13.0000,3276.6763,3277
4168,3088,243.0000,243.0000,0.0000,1.0000,1.0000,0.0000,13.0000,3276.4965,3277
4169,2970,223.0000,223.0000,0.0000,1.0000,1.0000,0.0000,13.0000,3276.4901,3277
4170,3276,50.0000,50.0000,0.0000,1.0000,1.0000,0.0000,13.0000,3276.5632,3277
4171,2458,37.0000,37.0000,0.0000,0.0000,0.0000,0.0000,13.0000,3276.4347,3277
4172,3242,231.0000,231.0000,0.0000,1.0000,1.0000,0.0000,13.0000,3276.6237,3277
4173,3063,238.0000,238.0000,0.0000,1.0000,1.0000,0.0000,13.0000,3276.4788,3277
4174,2966,209.0000,209.0000,0.0000,1.0000,1.0000,0.0000,13.0000,3276.4460,3277
4175,3220,227.0000,227.0000,0.0000,1.0000,1.0000,0.0000,13.0000,3276.5311,3277
4176,3214,63.0000,63.0000,0.0000,1.0000,1.0000,0.0000,13.0000,3276.5249,3277
4177,2734,162.0000,162.0000,0.0000,1.0000,1.0000,0.0000,13.0000,3276.3608,3277
4178,3075,204.0000,204.0000,0.0000,1.0000,1.0000,0.0000,13.0000,3276.5873,3277
4179,2969,229.0000,229.0000,0.0000,1.0000,1.0000,0.0000,13.0000,3276.4464,3277
4180,3111,244.0000,244.0000,0.0000,1.0000,1.0000,0.0000,13.0000,3276.5036,3277
4181,3159,240.0000,240.0000,0.0000,1.0000,1.0000,0.0000,13.0000,3276.5545,3277
4182,3206,64.0000,64.0000,0.0000,1.0000,1.0000,0.0000,13.0000,3276.5401,3277
4183,2789,191.0000,191.0000,0.0000,1.0000,1.0000,0.0000,13.0000,3276.3725,3277
4184,3096,57.0000,57.0000,0.0000,1.0000,1.0000,0.0000,13.0000,3276.5228,3277
4185,3304,118.0000,118.0000,0.0000,1.0000,1.0000,0.0000,13.0000,3276.5628,3277
4186,3138,202.0000,202.0000,0.0000,1.0000,1.0000,0.0000,13.0000,3276.6121,3277
4187,2566,115.0000,116.0000,1.0000,1.0000,1.0000,0.0000,13.0000,3276.3296,3277
4188,2979,224.0000,224.0000,0.0000,1.0000,1.0000,0.0000,13.0000,3276.4690,3277
4189,3046,241.0000,241.0000,0.0000,1.0000,1.0000,0.0000,13.0000,3276.5307,3277
4190,2899,220.0000,221.0000,1.0000,1.0000,1.0000,0.0000,13.0000,3276.4496,3277
4191,3151,220.0000,220.0000,0.0000,1.0000,1.0000,0.0000,13.0000,3276.5305,3277
4192,3061,43.0000,43.0000,0.0000,0.0000,-0.0000,0.0000,13.0000,3276.4882,3277
4193,2465,49.0000,49.0000,0.0000,0.0000,0.0000,0.0000,13.0000,3276.4858,3277
4194,2696,80.0000,80.0000,0.0000,1.0000,1.0000,0.0000,13.0000,3276.5253,3277
4195,2932,235.0000,235.0000,0.0000,1.0000,1.0000,0.0000,13.0000,3276.4606,3277
4196,3077,241.0000,242.0000,1.0000,1.0000,1.0000,0.0000,13.0000,3276.4786,3277
4197,3085,238.0000,238.0000,0.0000,1.0000,1.0000,0.0000,13.0000,3276.5089,3277
4198,2976,237.0000,237.0000,0.0000,1.0000,1.0000,0.0000,13.0000,3276.5939,3277
4199,2726,161.0000,161.0000,0.0000,1.0000,1.0000,0.0000,13.0000,3276.3659,3277
4200,2989,203.0000,203.0000,0.0000,1.0000,1.0000,0.0000,13.0000,3276.5994,3277
4201,3250,233.0000,233.0000,0.0000,1.0000,1.0000,0.0000,13.0000,3276.6644,3277
4202,3193,234.0000,234.0000,0.0000,1.0000,1.0000,0.0000,13.0000,3276.5598,3277
4203,3215,232.0000,232.0000,0.0000,1.0000,1.0000,0.0000,13.0000,3276.6865,3277
4204,2592,15.0000,15.0000,0.0000,0.0000,-0.0000,0.0000,13.0000,3276.3390,3277
4205,2984,242.0000,242.0000,0.0000,1.0000,1.0000,0.0000,13.0000,3276.4669,3277
4206,3109,242.0000,242.0000,0.0000,1.0000,1.0000,0.0000,13.0000,3276.4979,3277
4207,2911,231.0000,231.0000,0.0000,1.0000,1.0000,0.0000,13.0000,3276.4527,3277
4208,3277,205.0000,205.0000,0.0000,1.0000,1.0000,0.0000,13.0000,3276.5728,3277
4209,3095,173.0000,173.0000,0.0000,1.0000,1.0000,0.0000,13.0000,3276.5265,3277
4210,3271,202.0000,202.0000,0.0000,1.0000,1.0000,0.0000,13.0000,3276.6251,3277
4211,3038,244.0000,244.0000,0.0000,1.0000,1.0000,0.0000,13.0000,3276.4707,3277
4212,3050,237.0000,237.0000,0.0000,1.0000,1.0000,0.0000,13.0000,3276.4718,3277
4213,3177,27.0000,27.0000,0.0000,0.0000,-0.0000,0.0000,13.0000,3276.4764,3277
4214,3234,235.0000,235.0000,0.0000,1.0000,1.0000,0.0000,13.0000,3276.5383,3277
4215,3101,240.0000,240.0000,0.0000,1.0000,1.0000,0.0000,13.0000,3276.5115,3277
4216,3168,237.0000,237.0000,0.0000,1.0000,1.0000,0.0000,13.0000,3276.6610,3277
4217,2939,231.0000,231.0000,0.0000,1.0000,1.0000,0.0000,13.0000,3276.5452,3277
4218,3135,227.0000,227.0000,0.0000,1.0000,1.0000,0.0000,13.0000,3276.5659,3277
4219,3178,239.0000,239.0000,0.0000,1.0000,1.0000,0.0000,13.0000,3276.5180,3277
4220,3122,239.0000,239.0000,0.0000,1.0000,1.0000,0.0000,13.0000,3276.4885,3277
4221,3294,169.0000,169.0000,0.0000,1.0000,1.0000,0.0000,13.0000,3276.5915,3277
4222,3150,202.0000,202.0000,0.0000,1.0000,1.0000,0.0000,13.0000,3276.6166,3277
4223,2991,224.0000,224.0000,0.0000,1.0000,1.0000,0.0000,13.0000,3276.5881,3277
4224,3148,240.0000,240.0000,0.0000,1.0000,1.0000,0.0000,13.0000,3276.5272,3277
4225,3016,61.0000,61.0000,0.0000,1.0000,1.0000,0.0000,13.0000,3276.5594,3277
4226,3203,231.0000,232.0000,1.0000,1.0000,1.0000,0.0000,13.0000,3276.5384,3277
4227,3296,166.0000,166.0000,0.0000,1.0000,1.0000,0.0000,13.0000,3276.5748,3277
4228,3034,159.0000,159.0000,0.0000,1.0000,1.0000,0.0000,13.0000,3276.5286,3277
4229,2938,237.0000,237.0000,0.0000,1.0000,1.0000,0.0000,13.0000,3276.5268,3277
4230,2705,149.0000,149.0000,0.0000,1.0000,1.0000,0.0000,13.0000,3276.4351,3277
4231,3153,242.0000,242.0000,0.0000,1.0000,1.0000,0.0000,13.0000,3276.7016,3277
4232,3267,213.0000,213.0000,0.0000,1.0000,1.0000,0.0000,13.0000,3276.5584,3277
4233,2604,33.0000,33.0000,0.0000,0.0000,0.0000,0.0000,13.0000,3276.4589,3277
4234,3040,239.0000,239.0000,0.0000,1.0000,1.0000,0.0000,13.0000,3276.4707,3277
4235,3319,59.0000,59.0000,0.0000,1.0000,1.0000,0.0000,13.0000,3276.5679,3277
4236,3100,241.0000,241.0000,0.0000,1.0000,1.0000,0.0000,13.0000,3276.4980,3277
4237,3321,45.0000,45.0000,0.0000,0.0000,-0.0000,0.0000,13.0000,3276.5550,3277
4238,3144,186.0000,186.0000,0.0000,1.0000,1.0000,0.0000,13.0000,3276.5181,3277
4239,2870,148.0000,149.0000,1.0000,1.0000,1.0000,0.0000,13.0000,3276.4212,3277
4240,2427,53.0000,53.0000,0.0000,1.0000,1.0000,0.0000,13.0000,3276.0648,3277
4241,3032,238.0000,238.0000,0.0000,1.0000,1.0000,0.0000,13.0000,3276.4975,3277
4242,2551,53.0000,53.0000,0.0000,1.0000,1.0000,0.0000,13.0000,3276.4550,3277
4243,2877,220.0000,220.0000,0.0000,1.0000,1.0000,0.0000,13.0000,3276.4293,3277
4244,2988,236.0000,236.0000,0.0000,1.0000,1.0000,0.0000,13.0000,3276.6532,3277
4245,3105,120.0000,121.0000,1.0000,1.0000,1.0000,0.0000,13.0000,3276.6234,3277
4246,2364,35.0000,35.0000,0.0000,0.0000,-0.0000,0.0000,13.0000,3276.3082,3277
4247,2484,69.0000,70.0000,1.0000,1.0000,1.0000,0.0000,13.0000,3276.2879,3277
4248,3043,242.0000,242.0000,0.0000,1.0000,1.0000,0.0000,13.0000,3276.5002,3277
4249,3068,95.0000,95.0000,0.0000,1.0000,1.0000,0.0000,13.0000,3276.6839,3277
4250,3305,57.0000,57.0000,0.0000,1.0000,1.0000,0.0000,13.0000,3276.5410,3277
4251,2363,11.0000,11.0000,0.0000,0.0000,-0.0000,0.0000,13.0000,3276.1766,3277
4252,2309,25.0000,25.0000,0.0000,0.0000,-0.0000,0.0000,13.0000,3276.2960,3277
4253,3246,107.0000,107.0000,0.0000,1.0000,1.0000,0.0000,13.0000,3276.7060,3277
4254,2942,110.0000,110.0000,0.0000,1.0000,1.0000,0.0000,13.0000,3276.4650,3277
4255,3287,176.0000,176.0000,0.0000,1.0000,1.0000,0.0000,13.0000,3276.6312,3277
4256,3039,239.0000,239.0000,0.0000,1.0000,1.0000,0.0000,13.0000,3276.6410,3277
4257,2982,243.0000,243.0000,0.0000,1.0000,1.0000,0.0000,13.0000,3276.4610,3277
4258,2912,88.0000,88.0000,0.0000,1.0000,1.0000,0.0000,13.0000,3276.5218,3277
4259,3253,228.0000,228.0000,0.0000,1.0000,1.0000,0.0000,13.0000,3276.5406,3277
4260,2964,25.0000,25.0000,0.0000,0.0000,0.0000,0.0000,13.0000,3276.3886,3277
4261,3140,199.0000,199.0000,0.0000,1.0000,1.0000,0.0000,13.0000,3276.5259,3277
4262,2483,72.0000,72.0000,0.0000,1.0000,1.0000,0.0000,13.0000,3276.4302,3277
4263,3012,244.0000,244.0000,0.0000,1.0000,1.0000,0.0000,13.0000,3276.4864,3277
4264,2886,219.0000,219.0000,0.0000,1.0000,1.0000,0.0000,13.0000,3276.4775,3277
4265,3114,240.0000,240.0000,0.0000,1.0000,1.0000,0.0000,13.0000,3276.5227,3277
4266,3059,243.0000,243.0000,0.0000,1.0000,1.0000,0.0000,13.0000,3276.5714,3277
4267,3115,238.0000,238.0000,0.0000,1.0000,1.0000,0.0000,13.0000,3276.5336,3277
4268,2994,241.0000,241.0000,0.0000,1.0000,1.0000,0.0000,13.0000,3276.5557,3277
4269,2795,182.0000,182.0000,0.0000,1.0000,1.0000,0.0000,13.0000,3276.3703,3277
4270,3110,204.0000,204.0000,0.0000,1.0000,1.0000,0.0000,13.0000,3276.4981,3277
4271,2972,218.0000,218.0000,0.0000,1.0000,1.0000,0.0000,13.0000,3276.4690,3277
4272,3106,219.0000,219.0000,0.0000,1.0000,1.0000,0.0000,13.0000,3276.4997,3277
4273,3017,237.0000,237.0000,0.0000,1.0000,1.0000,0.0000,13.0000,3276.6710,3277
4274,3067,243.0000,243.0000,0.0000,1.0000,1.0000,0.0000,13.0000,3276.4831,3277
4275,3005,240.0000,240.0000,0.0000,1.0000,1.0000,0.0000,13.0000,3276.4647,3277
4276,2925,115.0000,115.0000,0.0000,1.0000,1.0000,0.0000,13.0000,3276.4405,3277
4277,3357,14.0000,14.0000,0.0000,0.0000,0.0000,0.0000,13.0000,3276.4936,3277
4278,3090,213.0000,213.0000,0.0000,1.0000,1.0000,0.0000,13.0000,3276.6846,3277
4279,3022,240.0000,240.0000,0.0000,1.0000,1.0000,0.0000,13.0000,3276.5519,3277
4280,3308,110.0000,110.0000,0.0000,1.0000,1.0000,0.0000,13.0000,3276.5645,3277
4281,2973,239.0000,240.0000,1.0000,1.0000,1.0000,0.0000,13.0000,3276.4679,3277
4282,3307,94.0000,95.0000,1.0000,1.0000,1.0000,0.0000,13.0000,3276.5584,3277
4283,2532,89.0000,89.0000,0.0000,1.0000,1.0000,0.0000,13.0000,3276.3274,3277
4284,3337,9.0000,9.0000,0.0000,0.0000,-0.0000,0.0000,13.0000,3276.5089,3277
4285,2861,212.0000,213.0000,1.0000,1.0000,1.0000,0.0000,13.0000,3276.4465,3277
4286,3226,203.0000,203.0000,0.0000,1.0000,1.0000,0.0000,13.0000,3276.7445,3277
4287,2960,240.0000,240.0000,0.0000,1.0000,1.0000,0.0000,13.0000,3276.4769,3277
4288,3207,231.0000,231.0000,0.0000,1.0000,1.0000,0.0000,13.0000,3276.5803,3277
4289,3094,243.0000,244.0000,1.0000,1.0000,1.0000,0.0000,13.0000,3276.5600,3277
4290,3258,227.0000,227.0000,0.0000,1.0000,1.0000,0.0000,13.0000,3276.5635,3277
4291,3194,217.0000,218.0000,1.0000,1.0000,1.0000,0.0000,13.0000,3276.5525,3277
4292,2611,140.0000,141.0000,1.0000,1.0000,1.0000,0.0000,13.0000,3276.3411,3277
4293,2904,99.0000,99.0000,0.0000,1.0000,1.0000,0.0000,13.0000,3276.5483,3277
4294,3121,116.0000,116.0000,0.0000,1.0000,1.0000,0.0000,13.0000,3276.5608,3277
4295,3288,3.0000,3.0000,0.0000,0.0000,0.0000,0.0000,0.0000,-0.0344,-1
4296,3263,215.0000,215.0000,0.0000,1.0000,1.0000,0.0000,13.0000,3276.5711,3277
4297,3326,57.0000,57.0000,0.0000,1.0000,1.0000,0.0000,13.0000,3276.6184,3277
4298,3309,105.0000,105.0000,0.0000,1.0000,1.0000,0.0000,13.0000,3276.7102,3277
4299,3175,238.0000,238.0000,0.0000,1.0000,1.0000,0.0000,13.0000,3276.5688,3277
4300,864,229.0000,229.0000,0.0000,1.0000,1.0000,0.0000,14.0000,936.2438,936
4301,690,186.0000,186.0000,0.0000,1.0000,1.0000,0.0000,14.0000,936.2362,936
4302,714,214.0000,214.0000,0.0000,1.0000,1.0000,0.0000,14.0000,936.2249,936
4303,846,202.0000,202.0000,0.0000,1.0000,1.0000,0.0000,14.0000,936.3254,936
4304,920,81.0000,81.0000,0.0000,1.0000,1.0000,0.0000,14.0000,936.2690,936
4305,933,168.0000,168.0000,0.0000,1.0000,1.0000,0.0000,14.0000,936.2895,936
4306,703,51.0000,51.0000,0.0000,1.0000,1.0000,0.0000,14.0000,936.1443,936
4307,615,92.0000,92.0000,0.0000,1.0000,1.0000,0.0000,14.0000,936.0614,936
4308,715,183.0000,183.0000,0.0000,1.0000,1.0000,0.0000,14.0000,936.1727,936
4309,939,104.0000,104.0739,0.0739,1.0000,1.0000,0.0000,14.0000,936.2830,936
4310,894,219.0000,219.0000,0.0000,1.0000,1.0000,0.0000,14.0000,936.3747,936
4311,902,215.0000,215.0000,0.0000,1.0000,1.0000,0.0000,14.0000,936.3625,936
4312,752,40.0000,40.0000,0.0000,0.0000,-0.0000,0.0000,14.0000,936.2929,936
4313,898,214.0000,214.0000,0.0000,1.0000,1.0000,0.0000,14.0000,936.2601,936
4314,758,222.0000,222.0000,0.0000,1.0000,1.0000,0.0000,14.0000,936.3062,936
4315,773,232.0000,232.0000,0.0000,1.0000,1.0000,0.0000,14.0000,936.1891,936
4316,1032,22.0000,22.0000,0.0000,0.0000,-0.0000,0.0000,14.0000,936.2571,936
4317,848,229.0000,229.0000,0.0000,1.0000,1.0000,0.0000,14.0000,936.2574,936
4318,968,43.0000,43.0000,0.0000,0.0000,-0.0000,0.0000,14.0000,936.2474,936
4319,749,70.0000,70.0000,0.0000,1.0000,1.0000,0.0000,14.0000,936.1935,936
4320,876,201.0000,201.0000,0.0000,1.0000,1.0000,0.0000,14.0000,936.2373,936
4321,990,58.0000,58.0000,0.0000,1.0000,1.0000,0.0000,14.0000,936.4147,936
4322,830,235.0000,235.0000,0.0000,1.0000,1.0000,0.0000,14.0000,936.4647,936
4323,684,184.0000,184.0000,0.0000,1.0000,1.0000,0.0000,14.0000,936.2928,936
4324,852,126.0000,126.0000,0.0000,1.0000,1.0000,0.0000,14.0000,936.2501,936
4325,984,26.0000,26.0000,0.0000,0.0000,0.0000,0.0000,4.0000,1808.6054,1809
4326,1015,26.0000,27.0000,1.0000,0.0000,-0.0000,0.0000,14.0000,936.2545,936
4327,629,97.0000,97.0000,0.0000,1.0000,1.0000,0.0000,14.0000,936.0868,936
4328,725,217.0000,217.0000,0.0000,1.0000,1.0000,0.0000,14.0000,936.3377,936
4329,883,195.0000,195.0000,0.0000,1.0000,1.0000,0.0000,14.0000,936.2502,936
4330,735,230.0000,230.0000,0.0000,1.0000,1.0000,0.0000,14.0000,936.2432,936
4331,694,168.0000,168.0000,0.0000,1.0000,1.0000,0.0000,14.0000,936.2103,936
4332,340,50.0000,50.0000,0.0000,1.0000,1.0000,0.0000,14.0000,935.9436,936
4333,374,50.0000,50.0000,0.0000,1.0000,1.0000,0.0000,14.0000,935.9367,936
4334,794,234.0000,234.0000,0.0000,1.0000,1.0000,0.0000,14.0000,936.2841,936
4335,834,223.0000,223.0000,0.0000,1.0000,1.0000,0.0000,14.0000,936.3695,936
4336,672,164.0000,164.0000,0.0000,1.0000,1.0000,0.0000,14.0000,936.1317,936
4337,661,53.0000,53.0000,0.0000,1.0000,1.0000,0.0000,14.0000,936.1893,936
4338,873,219.0000,219.0739,0.0739,1.0000,1.0000,0.0000,14.0000,936.2316,936
4339,709,60.0000,60.0000,0.0000,1.0000,1.0000,0.0000,14.0000,936.1986,936
4340,328,27.0000,27.0000,0.0000,0.0000,-0.0000,0.0000,14.0000,936.1370,936
4341,665,85.0000,85.0000,0.0000,1.0000,1.0000,0.0000,14.0000,936.1469,936
4342,744,229.0000,229.0000,0.0000,1.0000,1.0000,0.0000,14.0000,936.2199,936
4343,747,89.0000,89.0000,0.0000,1.0000,1.0000,0.0000,14.0000,936.1758,936
4344,750,230.0000,230.0000,0.0000,1.0000,1.0000,0.0000,14.0000,936.2512,936
4345,865,51.0000,51.0000,0.0000,1.0000,1.0000,0.0000,14.0000,936.2279,936
4346,785,224.0000,225.0000,1.0000,1.0000,1.0000,0.0000,14.0000,936.2133,936
4347,711,200.0000,200.0000,0.0000,1.0000,1.0000,0.0000,14.0000,936.2232,936
4348,803,226.0000,226.0000,0.0000,1.0000,1.0000,0.0000,14.0000,936.2129,936
4349,450,65.0000,65.0000,0.0000,1.0000,1.0000,0.0000,14.0000,936.1163,936
4350,961,55.0000,55.0000,0.0000,1.0000,1.0000,0.0000,14.0000,936.5267,936
4351,770,229.0000,229.0000,0.0000,1.0000,1.0000,0.0000,14.0000,936.2065,936
4352,928,192.0000,192.0000,0.0000,1.0000,1.0000,0.0000,14.0000,936.2870,936
4353,816,232.0000,232.0000,0.0000,1.0000,1.0000,0.0000,14.0000,936.2537,936
4354,802,224.0000,224.0000,0.0000,1.0000,1.0000,0.0000,14.0000,936.2451,936
4355,897,56.0000,56.0000,0.0000,1.0000,1.0000,0.0000,14.0000,936.3115,936
4356,779,233.0000,233.0000,0.0000,1.0000,1.0000,0.0000,14.0000,936.2079,936
4357,777,104.0000,104.0000,0.0000,1.0000,1.0000,0.0000,14.0000,936.3377,936
4358,781,129.0000,130.0000,1.0000,1.0000,1.0000,0.0000,14.0000,936.2603,936
4359,923,189.0000,189.0000,0.0000,1.0000,1.0000,0.0000,14.0000,936.3018,936
4360,776,225.0000,226.0000,1.0000,1.0000,1.0000,0.0000,14.0000,936.2069,936
4361,686,184.0000,185.0000,1.0000,1.0000,1.0000,0.0000,14.0000,936.1573,936
4362,858,232.0000,232.0000,0.0000,1.0000,1.0000,0.0000,14.0000,936.2512,936
4363,780,228.0000,228.0000,0.0000,1.0000,1.0000,0.0000,14.0000,936.2111,936
4364,913,176.0000,176.0000,0.0000,1.0000,1.0000,0.0000,14.0000,936.3224,936
4365,903,211.0000,211.0000,0.0000,1.0000,1.0000,0.0000,14.0000,936.2546,936
4366,951,68.0000,68.0000,0.0000,1.0000,1.0000,0.0000,14.0000,936.3048,936
4367,859,77.0000,77.0000,0.0000,1.0000,1.0000,0.0000,14.0000,936.2317,936
4368,895,216.0000,216.0000,0.0000,1.0000,1.0000,0.0000,14.0000,936.2572,936
4369,899,211.0000,211.0000,0.0000,1.0000,1.0000,0.0000,14.0000,936.3210,936
4370,870,175.0000,175.0000,0.0000,1.0000,1.0000,0.0000,14.0000,936.2319,936
4371,746,223.0000,223.0000,0.0000,1.0000,1.0000,0.0000,14.0000,936.2057,936
4372,958,128.0000,128.0000,0.0000,1.0000,1.0000,0.0000,14.0000,936.2846,936
4373,793,226.0000,226.0000,0.0000,1.0000,1.0000,0.0000,14.0000,936.1963,936
4374,1004,29.0000,29.0000,0.0000,0.0000,-0.0000,0.0000,14.0000,936.2757,936
4375,809,226.0000,226.0000,0.0000,1.0000,1.0000,0.0000,14.0000,936.3247,936
4376,941,189.0000,189.0000,0.0000,1.0000,1.0000,0.0000,14.0000,936.4390,936
4377,700,201.0000,201.0000,0.0000,1.0000,1.0000,0.0000,14.0000,936.2110,936
4378,938,189.0000,189.0002,0.0002,1.0000,1.0000,0.0000,14.0000,936.2796,936
4379,754,230.0000,230.0000,0.0000,1.0000,1.0000,0.0000,14.0000,936.1758,936
4380,820,202.0000,202.0000,0.0000,1.0000,1.0000,0.0000,14.0000,936.2282,936
4381,707,177.0000,177.0000,0.0000,1.0000,1.0000,0.0000,14.0000,936.1735,936
4382,696,182.0000,182.0000,0.0000,1.0000,1.0000,0.0000,14.0000,936.2103,936
4383,900,212.0000,212.0000,0.0000,1.0000,1.0000,0.0000,14.0000,936.2864,936
4384,581,87.0000,87.0000,0.0000,1.0000,1.0000,0.0000,14.0000,936.0394,936
4385,997,43.0000,43.0000,0.0000,0.0000,-0.0000,0.0000,14.0000,936.3023,936
4386,728,22.0000,22.0000,0.0000,0.0000,0.0000,0.0000,14.0000,936.1319,936
4387,736,217.0000,217.0000,0.0000,1.0000,1.0000,0.0000,14.0000,936.2021,936
4388,885,196.0000,196.0000,0.0000,1.0000,1.0000,0.0000,14.0000,936.2793,936
4389,947,165.0000,165.0000,0.0000,1.0000,1.0000,0.0000,14.0000,936.4254,936
4390,751,214.0000,214.0000,0.0000,1.0000,1.0000,0.0000,14.0000,936.4903,936
4391,713,213.0000,213.0000,0.0000,1.0000,1.0000,0.0000,14.0000,936.1601,936
4392,889,219.0000,219.0000,0.0000,1.0000,1.0000,0.0000,14.0000,936.4444,936
4393,769,226.0000,226.0000,0.0000,1.0000,1.0000,0.0000,14.0000,936.2024,936
4394,600,90.0000,90.0000,0.0000,1.0000,1.0000,0.0000,14.0000,936.0761,936
4395,957,164.0000,164.0000,0.0000,1.0000,1.0000,0.0000,14.0000,936.4111,936
4396,789,229.0000,229.0000,0.0000,1.0000,1.0000,0.0000,14.0000,936.4636,936
4397,839,231.0000,231.0000,0.0000,1.0000,1.0000,0.0000,14.0000,936.2406,936
4398,784,226.0000,226.0000,0.0000,1.0000,1.0000,0.0000,14.0000,936.2052,936
4399,772,37.0000,38.0000,1.0000,0.0000,0.0000,0.0000,14.0000,936.1288,936
4400,759,229.0000,229.0000,0.0000,1.0000,1.0000,0.0000,14.0000,936.3217,936
4401,905,213.0000,213.0000,0.0000,1.0000,1.0000,0.0000,14.0000,936.3650,936
4402,892,210.0000,210.0000,0.0000,1.0000,1.0000,0.0000,14.0000,936.2526,936
4403,806,229.0000,229.0000,0.0000,1.0000,1.0000,0.0000,14.0000,936.2812,936
4404,327,18.0000,18.0000,0.0000,0.0000,0.0000,0.0000,14.0000,936.1484,936
4405,644,78.0000,78.0000,0.0000,1.0000,1.0000,0.0000,14.0000,936.3173,936
4406,643,102.0000,102.0000,0.0000,1.0000,1.0000,0.0000,14.0000,936.1254,936
4407,674,122.0000,123.0000,1.0000,1.0000,1.0000,0.0000,14.0000,936.2604,936
4408,857,92.0000,92.0000,0.0000,1.0000,1.0000,0.0000,14.0000,936.2428,936
4409,823,233.0000,233.0000,0.0000,1.0000,1.0000,0.0000,14.0000,936.2415,936
4410,956,153.0000,154.0000,1.0000,1.0000,1.0000,0.0000,14.0000,936.3501,936
4411,1011,23.0000,23.0000,0.0000,0.0000,0.0000,0.0000,4.0000,1809.0439,1809
4412,907,209.0000,209.0000,0.0000,1.0000,1.0000,0.0000,14.0000,936.2581,936
4413,854,210.0000,210.0000,0.0000,1.0000,1.0000,0.0000,14.0000,936.3578,936
4414,798,212.0000,213.0002,1.0002,1.0000,1.0000,0.0000,14.0000,936.2524,936
4415,753,229.0000,229.0000,0.0000,1.0000,1.0000,0.0000,14.0000,936.2340,936
4416,740,226.0000,226.0000,0.0000,1.0000,1.0000,0.0000,14.0000,936.3304,936
4417,737,205.0000,205.0000,0.0000,1.0000,1.0000,0.0000,14.0000,936.1995,936
4418,761,233.0000,233.0000,0.0000,1.0000,1.0000,0.0000,14.0000,936.2006,936
4419,878,225.0000,225.0000,0.0000,1.0000,1.0000,0.0000,14.0000,936.2727,936
4420,791,235.0000,235.0000,0.0000,1.0000,1.0000,0.0000,14.0000,936.1860,936
4421,904,213.0000,214.0000,1.0000,1.0000,1.0000,0.0000,14.0000,936.2538,936
4422,950,163.0000,163.0000,0.0000,1.0000,1.0000,0.0000,14.0000,936.3070,936
4423,919,206.0000,206.0000,0.0000,1.0000,1.0000,0.0000,14.0000,936.2893,936
4424,925,147.0000,147.0000,0.0000,1.0000,1.0000,0.0000,14.0000,936.4578,936
4425,455,35.0000,35.0000,0.0000,0.0000,0.0000,0.0000,14.0000,936.1140,936
4426,982,27.0000,27.0000,0.0000,0.0000,-0.0000,0.0000,14.0000,936.2720,936
4427,929,199.0000,199.0000,0.0000,1.0000,1.0000,0.0000,14.0000,936.3664,936
4428,716,11.0000,11.0000,0.0000,0.0000,-0.0000,0.0000,14.0000,936.1046,936
4429,918,204.0000,205.0000,1.0000,1.0000,1.0000,0.0000,14.0000,936.2642,936
4430,808,233.0000,234.0000,1.0000,1.0000,1.0000,0.0000,14.0000,936.1986,936
4431,704,45.0000,45.0000,0.0000,0.0000,0.0000,0.0000,14.0000,936.2676,936
4432,970,94.0000,94.0000,0.0000,1.0000,1.0000,0.0000,14.0000,936.3006,936
4433,879,71.0000,71.0000,0.0000,1.0000,1.0000,0.0000,14.0000,936.2469,936
4434,689,185.0000,186.0000,1.0000,1.0000,1.0000,0.0000,14.0000,936.1488,936
4435,671,110.0000,110.0000,0.0000,1.0000,1.0000,0.0000,14.0000,936.1364,936
4436,804,210.0000,210.0000,0.0000,1.0000,1.0000,0.0000,14.0000,936.2245,936
4437,872,225.0000,225.0000,0.0000,1.0000,1.0000,0.0000,14.0000,936.2864,936
4438,705,191.0000,191.0000,0.0000,1.0000,1.0000,0.0000,14.0000,936.1614,936
4439,946,165.0000,165.0000,0.0000,1.0000,1.0000,0.0000,14.0000,936.2798,936
4440,734,230.0000,230.0000,0.0000,1.0000,1.0000,0.0000,14.0000,936.1865,936
4441,733,179.0000,180.0000,1.0000,1.0000,1.0000,0.0000,14.0000,936.1772,936
4442,699,204.0000,205.0000,1.0000,1.0000,1.0000,0.0000,14.0000,936.2416,936
4443,745,222.0000,222.0000,0.0000,1.0000,1.0000,0.0000,14.0000,936.1846,936
4444,862,214.0000,214.0000,0.0000,1.0000,1.0000,0.0000,14.0000,936.2944,936
4445,682,152.0000,152.0000,0.0000,1.0000,1.0000,0.0000,14.0000,936.2783,936
4446,326,3.0000,3.0000,0.0000,0.0000,0.0000,0.0000,0.0000,0.0791,-1
4447,697,119.0000,119.0000,0.0000,1.0000,1.0000,0.0000,14.0000,936.3473,936
4448,748,220.0000,220.0000,0.0000,1.0000,1.0000,0.0000,14.0000,936.1808,936
4449,874,83.0000,83.0000,0.0000,1.0000,1.0000,0.0000,14.0000,936.3017,936
4450,344,58.0000,58.0000,0.0000,1.0000,1.0000,0.0000,14.0000,935.9335,936
4451,1250,5.0000,5.0000,0.0000,0.0000,-0.0000,0.0000,0.0000,-0.0465,-1
4452,719,154.0000,154.0000,0.0000,1.0000,1.0000,0.0000,14.0000,936.1494,936
4453,717,167.0000,167.0000,0.0000,1.0000,1.0000,0.0000,14.0000,936.2384,936
4454,698,11.0000,11.0000,0.0000,0.0000,0.0000,0.0000,0.0000,0.0054,-1
4455,942,183.0000,183.0000,0.0000,1.0000,1.0000,0.0000,14.0000,936.3045,936
4456,787,212.0000,212.0000,0.0000,1.0000,1.0000,0.0000,14.0000,936.2692,936
4457,836,228.0000,228.0000,0.0000,1.0000,1.0000,0.0000,14.0000,936.2595,936
4458,702,211.0000,211.0000,0.0000,1.0000,1.0000,0.0000,14.0000,936.1566,936
4459,962,140.0000,140.0000,0.0000,1.0000,1.0000,0.0000,14.0000,936.2923,936
4460,935,169.0000,169.0000,0.0000,1.0000,1.0000,0.0000,14.0000,936.2844,936
4461,768,30.0000,30.0000,0.0000,0.0000,0.0000,0.0000,14.0000,936.3844,936
4462,742,220.0000,220.0000,0.0000,1.0000,1.0000,0.0000,14.0000,936.1821,936
4463,701,209.0000,209.0000,0.0000,1.0000,1.0000,0.0000,14.0000,936.1449,936
4464,949,175.0000,175.0000,0.0000,1.0000,1.0000,0.0000,14.0000,936.2835,936
4465,669,106.0000,106.0000,0.0000,1.0000,1.0000,0.0000,14.0000,936.1299,936
4466,722,212.0000,212.0000,0.0000,1.0000,1.0000,0.0000,14.0000,936.2266,936
4467,788,233.0000,233.0000,0.0000,1.0000,1.0000,0.0000,14.0000,936.1913,936
4468,727,27.0000,27.0000,0.0000,0.0000,-0.0000,0.0000,14.0000,936.1913,936
4469,801,228.0000,228.0000,0.0000,1.0000,1.0000,0.0000,14.0000,936.2026,936
4470,731,223.0000,223.0000,0.0000,1.0000,1.0000,0.0000,14.0000,936.2585,936
4471,1008,31.0000,31.0000,0.0000,0.0000,-0.0000,0.0000,14.0000,936.2906,936
4472,844,159.0000,159.0000,0.0000,1.0000,1.0000,0.0000,14.0000,936.2247,936
4473,361,11.0000,11.0000,0.0000,0.0000,0.0000,0.0000,14.0000,936.0284,936
4474,325,5.0000,5.0000,0.0000,0.0000,0.0000,0.0000,0.0000,-0.0364,-1
4475,810,182.0000,182.0000,0.0000,1.0000,1.0000,0.0000,14.0000,936.2065,936
4476,688,188.0000,188.0000,0.0000,1.0000,1.0000,0.0000,14.0000,936.1478,936
4477,795,213.0000,213.0000,0.0000,1.0000,1.0000,0.0000,14.0000,936.1913,936
4478,916,209.0000,209.0000,0.0000,1.0000,1.0000,0.0000,14.0000,936.2797,936
4479,934,38.0000,38.0000,0.0000,0.0000,-0.0000,0.0000,14.0000,936.5012,936
4480,837,90.0000,91.0000,1.0000,1.0000,1.0000,0.0000,14.0000,936.3597,936
4481,774,228.0000,228.0000,0.0000,1.0000,1.0000,0.0000,14.0000,936.1957,936
4482,887,160.0000,160.0000,0.0000,1.0000,1.0000,0.0000,14.0000,936.4224,936
4483,827,151.0000,151.0000,0.0000,1.0000,1.0000,0.0000,14.0000,936.2188,936
4484,924,91.0000,91.0000,0.0000,1.0000,1.0000,0.0000,14.0000,936.2970,936
4485,989,69.0000,69.0000,0.0000,1.0000,1.0000,0.0000,14.0000,936.3808,936
4486,762,220.0000,220.0000,0.0000,1.0000,1.0000,0.0000,14.0000,936.1936,936
4487,673,162.0000,163.0000,1.0000,1.0000,1.0000,0.0000,14.0000,936.1481,936
4488,963,48.0000,48.0000,0.0000,0.0000,-0.0000,0.0000,14.0000,936.2606,936
4489,906,211.0000,211.0000,0.0000,1.0000,1.0000,0.0000,14.0000,936.2643,936
4490,831,219.0000,219.0000,0.0000,1.0000,1.0000,0.0000,14.0000,936.3146,936
4491,964,131.0000,131.0000,0.0000,1.0000,1.0000,0.0000,14.0000,936.3991,936
4492,998,25.0000,25.0000,0.0000,0.0000,0.0000,0.0000,14.0000,936.2711,936
4493,926,196.0000,196.0000,0.0000,1.0000,1.0000,0.0000,14.0000,936.2868,936
4494,796,229.0000,229.0000,0.0000,1.0000,1.0000,0.0000,14.0000,936.2698,936
4495,710,178.0000,178.0000,0.0000,1.0000,1.0000,0.0000,14.0000,936.1725,936
4496,891,175.0000,175.0000,0.0000,1.0000,1.0000,0.0000,14.0000,936.3494,936
4497,706,205.0000,206.0000,1.0000,1.0000,1.0000,0.0000,14.0000,936.2149,936
4498,867,224.0000,224.0000,0.0000,1.0000,1.0000,0.0000,14.0000,936.3742,936
4499,822,176.0000,178.0000,2.0000,1.0000,1.0000,0.0000,14.0000,936.2579,936
4500,812,225.0000,225.0000,0.0000,1.0000,1.0000,0.0000,14.0000,936.2445,936
4501,869,88.0000,88.0000,0.0000,1.0000,1.0000,0.0000,14.0000,936.2412,936
4502,973,67.0000,67.0000,0.0000,1.0000,1.0000,0.0000,14.0000,936.2742,936
4503,851,224.0000,225.0000,1.0000,1.0000,1.0000,0.0000,14.0000,936.2359,936
4504,775,213.0000,214.0000,1.0000,1.0000,1.0000,0.0000,14.0000,936.2161,936
4505,917,199.0000,199.0000,0.0000,1.0000,1.0000,0.0000,14.0000,936.3928,936
4506,824,233.0000,233.0000,0.0000,1.0000,1.0000,0.0000,14.0000,936.2584,936
4507,886,220.0000,220.0000,0.0000,1.0000,1.0000,0.0000,14.0000,936.2680,936
4508,875,190.0000,190.0000,0.0000,1.0000,1.0000,0.0000,14.0000,936.4030,936
4509,983,70.0000,70.0000,0.0000,1.0000,1.0000,0.0000,14.0000,936.3012,936
4510,1007,10.0000,10.0000,0.0000,0.0000,0.0000,0.0000,14.0000,936.2476,936
4511,670,155.0000,155.0000,0.0000,1.0000,1.0000,0.0000,14.0000,936.3391,936
4512,976,75.0000,75.0000,0.0000,1.0000,1.0000,0.0000,14.0000,936.3011,936
4513,940,191.0000,191.0000,0.0000,1.0000,1.0000,0.0000,14.0000,936.3005,936
4514,739,67.0000,67.0000,0.0000,1.0000,1.0000,0.0000,14.0000,936.1638,936
4515,985,27.0000,27.0000,0.0000,0.0000,0.0000,0.0000,14.0000,936.2795,936
4516,835,215.0000,215.0000,0.0000,1.0000,1.0000,0.0000,14.0000,936.2594,936
4517,457,52.0000,52.0000,0.0000,1.0000,1.0000,0.0000,14.0000,936.1020,936
4518,944,57.0000,57.0000,0.0000,1.0000,1.0000,0.0000,14.0000,936.2851,936
4519,843,26.0000,26.0000,0.0000,0.0000,0.0000,0.0000,14.0000,936.1998,936
4520,693,70.0000,70.0000,0.0000,1.0000,1.0000,0.0000,14.0000,936.2797,936
4521,855,227.0000,227.0000,0.0000,1.0000,1.0000,0.0000,14.0000,936.2580,936
4522,721,218.0000,218.0000,0.0000,1.0000,1.0000,0.0000,14.0000,936.2337,936
4523,936,198.0000,198.0000,0.0000,1.0000,1.0000,0.0000,14.0000,936.2777,936
4524,782,221.0000,221.0000,0.0000,1.0000,1.0000,0.0000,14.0000,936.1953,936
4525,910,110.0000,111.0000,1.0000,1.0000,1.0000,0.0000,14.0000,936.3377,936
4526,877,220.0000,220.0000,0.0000,1.0000,1.0000,0.0000,14.0000,936.3230,936
4527,778,228.0000,228.0000,0.0000,1.0000,1.0000,0.0000,14.0000,936.3187,936
4528,921,77.0000,77.0000,0.0000,1.0000,1.0000,0.0000,14.0000,936.3575,936
4529,901,214.0000,214.0000,0.0000,1.0000,1.0000,0.0000,14.0000,936.2805,936
4530,845,53.0000,53.0000,0.0000,1.0000,1.0000,0.0000,14.0000,936.2173,936
4531,850,225.0000,225.0000,0.0000,1.0000,1.0000,0.0000,14.0000,936.3115,936
4532,783,227.0000,227.0000,0.0000,1.0000,1.0000,0.0000,14.0000,936.2462,936
4533,826,80.0000,80.0000,0.0000,1.0000,1.0000,0.0000,14.0000,936.2099,936
4534,797,228.0000,229.0000,1.0000,1.0000,1.0000,0.0000,14.0000,936.2087,936
4535,764,160.0000,160.0000,0.0000,1.0000,1.0000,0.0000,14.0000,936.1762,936
4536,908,209.0000,210.0000,1.0000,1.0000,1.0000,0.0000,14.0000,936.4269,936
4537,811,225.0000,225.0000,0.0000,1.0000,1.0000,0.0000,14.0000,936.1999,936
4538,842,233.0000,233.0000,0.0000,1.0000,1.0000,0.0000,14.0000,936.3394,936
4539,868,208.0000,209.0000,1.0000,1.0000,1.0000,0.0000,14.0000,936.2484,936
4540,677,24.0000,24.0000,0.0000,0.0000,-0.0000,0.0000,14.0000,936.2134,936
4541,945,186.0000,186.0000,0.0000,1.0000,1.0000,0.0000,14.0000,936.2878,936
4542,980,65.0000,65.0000,0.0000,1.0000,1.0000,0.0000,14.0000,936.2947,936
4543,829,234.0000,234.0000,0.0000,1.0000,1.0000,0.0000,14.0000,936.2527,936
4544,692,152.0000,152.0000,0.0000,1.0000,1.0000,0.0000,14.0000,936.1534,936
4545,760,190.0000,190.0000,0.0000,1.0000,1.0000,0.0000,14.0000,936.2731,936
4546,832,228.0000,228.0000,0.0000,1.0000,1.0000,0.0000,14.0000,936.3000,936
4547,909,157.0000,157.0000,0.0000,1.0000,1.0000,0.0000,14.0000,936.4262,936
4548,881,225.0000,225.0000,0.0000,1.0000,1.0000,0.0000,14.0000,936.2673,936
4549,818,232.0000,232.0000,0.0000,1.0000,1.0000,0.0000,14.0000,936.2383,936
4550,932,10.0000,10.0000,0.0000,0.0000,0.0000,0.0000,14.0000,936.2115,936
4551,1043,11.0000,11.0000,0.0000,0.0000,0.0000,0.0000,14.0000,936.2493,936
4552,927,177.0000,177.0000,0.0000,1.0000,1.0000,0.0000,14.0000,936.3462,936
4553,828,229.0000,229.0000,0.0000,1.0000,1.0000,0.0000,14.0000,936.2853,936
4554,952,134.0000,134.0000,0.0000,1.0000,1.0000,0.0000,14.0000,936.3010,936
4555,853,232.0000,232.0000,0.0000,1.0000,1.0000,0.0000,14.0000,936.2695,936
4556,861,214.0000,215.0000,1.0000,1.0000,1.0000,0.0000,14.0000,936.2657,936
4557,655,105.0000,105.0000,0.0000,1.0000,1.0000,0.0000,14.0000,936.1074,936
4558,856,11.0000,11.0000,0.0000,0.0000,0.0000,0.0000,14.0000,936.1776,936
4559,1000,41.0000,41.0000,0.0000,0.0000,-0.0000,0.0000,14.0000,936.2600,936
4560,813,208.0000,209.0000,1.0000,1.0000,1.0000,0.0000,14.0000,936.3618,936
4561,888,200.0000,200.0000,0.0000,1.0000,1.0000,0.0000,14.0000,936.3350,936
4562,790,42.0000,42.0000,0.0000,0.0000,0.0000,0.0000,14.0000,936.2771,936
4563,833,224.0000,224.0000,0.0000,1.0000,1.0000,0.0000,14.0000,936.2492,936
4564,914,202.0000,202.0000,0.0000,1.0000,1.0000,0.0000,14.0000,936.2876,936
4565,651,125.0000,125.0000,0.0000,1.0000,1.0000,0.0000,14.0000,936.1309,936
4566,676,20.0000,20.0000,0.0000,0.0000,-0.0000,0.0000,14.0000,936.1116,936
4567,695,173.0000,173.0000,0.0000,1.0000,1.0000,0.0000,14.0000,936.1518,936
4568,866,185.0000,185.0000,0.0000,1.0000,1.0000,0.0000,14.0000,936.2867,936
4569,765,131.0000,131.0000,0.0000,1.0000,1.0000,0.0000,14.0000,936.1955,936
4570,678,86.0000,86.0000,0.0000,1.0000,1.0000,0.0000,14.0000,936.1665,936
4571,1173,6.0000,6.0000,0.0000,0.0000,0.0000,0.0000,0.0000,-0.0305,-1
4572,766,33.0000,33.0000,0.0000,0.0000,-0.0000,0.0000,14.0000,936.1583,936
4573,343,62.0000,62.0000,0.0000,1.0000,1.0000,0.0000,14.0000,935.9331,936
4574,911,151.0000,152.0000,1.0000,1.0000,1.0000,0.0000,14.0000,936.2886,936
4575,912,9.0000,9.0000,0.0000,0.0000,0.0000,0.0000,0.0000,0.0968,-1
4576,969,97.0000,97.0000,0.0000,1.0000,1.0000,0.0000,14.0000,936.3015,936
4577,863,219.0000,219.0000,0.0000,1.0000,1.0000,0.0000,14.0000,936.2442,936
4578,937,56.0000,56.0000,0.0000,1.0000,1.0000,0.0000,14.0000,936.3570,936
4579,965,103.0000,103.0000,0.0000,1.0000,1.0000,0.0000,14.0000,936.2998,936
4580,838,232.0000,232.0000,0.0000,1.0000,1.0000,0.0000,14.0000,936.2656,936
4581,743,122.0000,123.0000,1.0000,1.0000,1.0000,0.0000,14.0000,936.2452,936
4582,1039,22.0000,22.0000,0.0000,0.0000,-0.0000,0.0000,14.0000,936.2910,936
4583,720,167.0000,168.0000,1.0000,1.0000,1.0000,0.0000,14.0000,936.1978,936
4584,847,184.0000,184.0000,0.0000,1.0000,1.0000,0.0000,14.0000,936.2380,936
4585,825,224.0000,224.0000,0.0000,1.0000,1.0000,0.0000,14.0000,936.2757,936
4586,880,96.0000,96.0000,0.0000,1.0000,1.0000,0.0000,14.0000,936.2611,936
4587,730,228.0000,228.0000,0.0000,1.0000,1.0000,0.0000,14.0000,936.2685,936
4588,954,155.0000,155.0000,0.0000,1.0000,1.0000,0.0000,14.0000,936.2770,936
4589,329,38.0000,39.0000,1.0000,0.0000,0.0000,0.0000,14.0000,935.9700,936
4590,767,223.0000,223.0000,0.0000,1.0000,1.0000,0.0000,14.0000,936.1997,936
4591,890,219.0000,219.0000,0.0000,1.0000,1.0000,0.0000,14.0000,936.3483,936
4592,819,235.0000,235.0000,0.0000,1.0000,1.0000,0.0000,14.0000,936.2366,936
4593,882,52.0000,52.0000,0.0000,1.0000,1.0000,0.0000,14.0000,936.4278,936
4594,814,235.0000,235.0000,0.0000,1.0000,1.0000,0.0000,14.0000,936.2529,936
4595,799,233.0000,233.0000,0.0000,1.0000,1.0000,0.0000,14.0000,936.2323,936
4596,679,173.0000,173.0000,0.0000,1.0000,1.0000,0.0000,14.0000,936.3650,936
4597,687,173.0000,173.0000,0.0000,1.0000,1.0000,0.0000,14.0000,936.2012,936
4598,1030,24.0000,24.0000,0.0000,0.0000,0.0000,0.0000,14.0000,936.2752,936
4599,726,218.0000,218.0000,0.0000,1.0000,1.0000,0.0000,14.0000,936.2323,936
4600,466,17.0000,18.0000,1.0000,0.0000,-0.0000,0.0000,14.0000,936.1633,936
4601,931,198.0000,198.0000,0.0000,1.0000,1.0000,0.0000,14.0000,936.2772,936
4602,763,90.0000,90.0000,0.0000,1.0000,1.0000,0.0000,14.0000,936.3438,936
4603,708,26.0000,26.0000,0.0000,0.0000,-0.0000,0.0000,14.0000,936.1255,936
4604,683,168.0000,168.0000,0.0000,1.0000,1.0000,0.0000,14.0000,936.1713,936
4605,738,230.0000,230.0000,0.0000,1.0000,1.0000,0.0000,14.0000,936.2004,936
4606,680,82.0000,82.0000,0.0000,1.0000,1.0000,0.0000,14.0000,936.1659,936
4607,975,52.0000,52.0000,0.0000,1.0000,1.0000,0.0000,14.0000,936.4019,936
4608,439,74.0000,74.0000,0.0000,1.0000,1.0000,0.0000,14.0000,936.1259,936
4609,755,202.0000,202.0000,0.0000,1.0000,1.0000,0.0000,14.0000,936.2783,936
4610,691,170.0000,170.0000,0.0000,1.0000,1.0000,0.0000,14.0000,936.1734,936
4611,871,221.0000,221.0000,0.0000,1.0000,1.0000,0.0000,14.0000,936.2526,936
4612,330,46.0000,46.0000,0.0000,0.0000,0.0000,0.0000,14.0000,936.1711,936
4613,485,74.0000,74.0000,0.0000,1.0000,1.0000,0.0000,14.0000,936.0891,936
4614,786,227.0000,228.0000,1.0000,1.0000,1.0000,0.0000,14.0000,936.2987,936
4615,953,24.0000,24.0000,0.0000,0.0000,-0.0000,0.0000,4.0000,1808.4646,1809
4616,723,58.0000,58.0000,0.0000,1.0000,1.0000,0.0000,14.0000,936.2423,936
4617,817,229.0000,229.0000,0.0000,1.0000,1.0000,0.0000,14.0000,936.2705,936
4618,792,230.0000,230.0000,0.0000,1.0000,1.0000,0.0000,14.0000,936.2214,936
4619,331,49.0000,49.0000,0.0000,0.0000,-0.0000,0.0000,14.0000,936.2817,936
4620,718,214.0000,214.0000,0.0000,1.0000,1.0000,0.0000,14.0000,936.1562,936
4621,685,187.0000,187.0000,0.0000,1.0000,1.0000,0.0000,14.0000,936.1600,936
4622,757,200.0000,200.0000,0.0000,1.0000,1.0000,0.0000,14.0000,936.2495,936
4623,960,37.0000,37.0000,0.0000,0.0000,0.0000,0.0000,14.0000,936.2243,936
4624,896,31.0000,31.0000,0.0000,0.0000,0.0000,0.0000,14.0000,936.2924,936
4625,849,228.0000,228.0000,0.0000,1.0000,1.0000,0.0000,14.0000,936.2410,936
4626,771,228.0000,228.0000,0.0000,1.0000,1.0000,0.0000,14.0000,936.2090,936
4627,681,52.0000,52.0000,0.0000,1.0000,1.0000,0.0000,14.0000,936.1419,936
4628,741,202.0000,202.0000,0.0000,1.0000,1.0000,0.0000,14.0000,936.2071,936
4629,800,226.0000,226.0000,0.0000,1.0000,1.0000,0.0000,14.0000,936.2524,936
4630,815,94.0000,95.0000,1.0000,1.0000,1.0000,0.0000,14.0000,936.2164,936
4631,724,219.0000,219.0000,0.0000,1.0000,1.0000,0.0000,14.0000,936.3616,936
4632,756,221.0000,221.0000,0.0000,1.0000,1.0000,0.0000,14.0000,936.1842,936
4633,807,227.0000,227.0000,0.0000,1.0000,1.0000,0.0000,14.0000,936.2210,936
4634,915,205.0000,205.0000,0.0000,1.0000,1.0000,0.0000,14.0000,936.3292,936
4635,930,200.0000,200.0000,0.0000,1.0000,1.0000,0.0000,14.0000,936.3847,936
4636,1044,14.0000,14.0000,0.0000,0.0000,-0.0000,0.0000,14.0000,936.3076,936
4637,840,234.0000,234.0000,0.0000,1.0000,1.0000,0.0000,14.0000,936.3335,936
4638,841,205.0000,205.0000,0.0000,1.0000,1.0000,0.0000,14.0000,936.2785,936
4639,712,212.0000,213.0000,1.0000,1.0000,1.0000,0.0000,14.0000,936.2053,936
4640,729,92.0000,92.0000,0.0000,1.0000,1.0000,0.0000,14.0000,936.1707,936
4641,732,221.0000,221.0000,0.0000,1.0000,1.0000,0.0000,14.0000,936.1824,936
4642,893,218.0000,218.0000,0.0000,1.0000,1.0000,0.0000,14.0000,936.2495,936
4643,860,232.0000,232.0000,0.0000,1.0000,1.0000,0.0000,14.0000,936.2402,936
4644,922,29.0000,29.0000,0.0000,0.0000,0.0000,0.0000,14.0000,936.2089,936
4645,959,148.0000,148.0000,0.0000,1.0000,1.0000,0.0000,14.0000,936.2991,936
4646,805,230.0000,230.0000,0.0000,1.0000,1.0000,0.0000,14.0000,936.2008,936
4647,675,169.0000,170.0000,1.0000,1.0000,1.0000,0.0000,14.0000,936.1741,936
4648,821,117.0000,117.0000,0.0000,1.0000,1.0000,0.0000,14.0000,936.2480,936
4649,884,224.0000,224.0000,0.0000,1.0000,1.0000,0.0000,14.0000,936.2587,936
4650,2173,30.0000,30.0000,0.0000,0.0000,-0.0000,0.0000,15.0000,3171.0835,3171
4651,3204,33.0000,33.0000,0.0000,0.0000,-0.0000,0.0000,15.0000,3171.2891,3171
4652,2767,86.0000,86.0000,0.0000,1.0000,1.0000,0.0000,15.0000,3171.2840,3171
4653,3324,10.0000,10.0000,0.0000,0.0000,-0.0000,0.0000,0.0000,0.0949,-1
4654,2331,139.0000,139.0000,0.0000,1.0000,1.0000,0.0000,15.0000,3171.2116,3171
4655,2888,216.0000,216.0000,0.0000,1.0000,1.0000,0.0000,15.0000,3171.4542,3171
4656,2605,227.0000,228.0000,1.0000,1.0000,1.0000,0.0000,15.0000,3171.2976,3171
4657,2835,227.0000,227.0000,0.0000,1.0000,1.0000,0.0000,15.0000,3171.3106,3171
4658,2876,220.0000,221.0000,1.0000,1.0000,1.0000,0.0000,15.0000,3171.3304,3171
4659,3076,54.0000,54.0000,0.0000,1.0000,1.0000,0.0000,15.0000,3171.2986,3171
4660,2322,10.0000,10.0000,0.0000,0.0000,-0.0000,0.0000,15.0000,3171.0403,3171
4661,3295,26.0000,26.0000,0.0000,0.0000,-0.0000,0.0000,15.0000,3171.3018,3171
4662,2647,231.0000,231.0000,0.0000,1.0000,1.0000,0.0000,15.0000,3171.3041,3171
4663,2540,231.0000,231.0000,0.0000,1.0000,1.0000,0.0000,15.0000,3171.2498,3171
4664,3210,61.0000,61.0000,0.0000,1.0000,1.0000,0.0000,15.0000,3171.4033,3171
4665,2352,98.0000,98.0000,0.0000,1.0000,1.0000,0.0000,15.0000,3171.1309,3171
4666,2607,7.0000,7.0000,0.0000,0.0000,-0.0000,0.0000,0.0000,-0.0065,-1
4667,2846,225.0000,225.0000,0.0000,1.0000,1.0000,0.0000,15.0000,3171.3189,3171
4668,2949,199.0000,199.0000,0.0000,1.0000,1.0000,0.0000,15.0000,3171.2599,3171
4669,3011,158.0000,158.0000,0.0000,1.0000,1.0000,0.0000,15.0000,3171.2824,3171
4670,2610,234.0000,234.0000,0.0000,1.0000,1.0000,0.0000,15.0000,3171.3466,3171
4671,2833,227.0000,227.0000,0.0000,1.0000,1.0000,0.0000,15.0000,3171.3012,3171
4672,2390,179.0000,179.0000,0.0000,1.0000,1.0000,0.0000,15.0000,3171.1194,3171
4673,2840,226.0000,226.0000,0.0000,1.0000,1.0000,0.0000,15.0000,3171.2907,3171
4674,2924,198.0000,199.0000,1.0000,1.0000,1.0000,0.0000,15.0000,3171.4495,3171
4675,3170,61.0000,61.0000,0.0000,1.0000,1.0000,0.0000,15.0000,3171.4007,3171
4676,2469,86.0000,86.0000,0.0000,1.0000,1.0000,0.0000,15.0000,3171.1848,3171
4677,3187,46.0000,46.0000,0.0000,0.0000,-0.0000,0.0000,15.0000,3171.2464,3171
4678,2857,5.0000,5.0000,0.0000,0.0000,-0.0000,0.0000,0.0000,0.0421,-1
4679,2415,97.0000,97.0000,0.0000,1.0000,1.0000,0.0000,15.0000,3171.1323,3171
4680,2810,216.0000,216.0000,0.0000,1.0000,1.0000,0.0000,15.0000,3171.4294,3171
4681,2447,229.0000,229.0000,0.0000,1.0000,1.0000,0.0000,15.0000,3171.3100,3171
4682,2852,144.0000,144.0000,0.0000,1.0000,1.0000,0.0000,15.0000,3171.2912,3171
4683,2340,113.0000,113.0000,0.0000,1.0000,1.0000,0.0000,15.0000,3171.0808,3171
4684,2801,196.0000,196.0000,0.0000,1.0000,1.0000,0.0000,15.0000,3171.3042,3171
4685,2987,182.0000,182.0000,0.0000,1.0000,1.0000,0.0000,15.0000,3171.3115,3171
4686,2314,164.0000,164.0000,0.0000,1.0000,1.0000,0.0000,15.0000,3171.2750,3171
4687,2547,237.0000,237.0000,0.0000,1.0000,1.0000,0.0000,15.0000,3171.2365,3171
4688,2558,197.0000,197.0000,0.0000,1.0000,1.0000,0.0000,15.0000,3171.2929,3171
4689,2844,224.0000,224.0000,0.0000,1.0000,1.0000,0.0000,15.0000,3171.3859,3171
4690,2464,231.0000,231.0000,0.0000,1.0000,1.0000,0.0000,15.0000,3171.2342,3171
4691,2395,193.0000,193.0000,0.0000,1.0000,1.0000,0.0000,15.0000,3171.1267,3171
4692,2467,218.0000,218.0000,0.0000,1.0000,1.0000,0.0000,15.0000,3171.2007,3171
4693,3064,155.0000,155.0000,0.0000,1.0000,1.0000,0.0000,15.0000,3171.3046,3171
4694,2615,231.0000,231.0000,0.0000,1.0000,1.0000,0.0000,15.0000,3171.3421,3171
4695,3131,72.0000,73.0000,1.0000,1.0000,1.0000,0.0000,15.0000,3171.3925,3171
4696,2305,26.0000,26.0000,0.0000,0.0000,-0.0000,0.0000,15.0000,3171.3708,3171
4697,2872,206.0000,206.0000,0.0000,1.0000,1.0000,0.0000,15.0000,3171.3370,3171
4698,2758,228.0000,228.0000,0.0000,1.0000,1.0000,0.0000,15.0000,3171.2915,3171
4699,2557,234.0000,234.0000,0.0000,1.0000,1.0000,0.0000,15.0000,3171.2453,3171
4700,2319,108.0000,108.0000,0.0000,1.0000,1.0000,0.0000,15.0000,3171.2100,3171
4701,2336,31.0000,31.0000,0.0000,0.0000,-0.0000,0.0000,15.0000,3171.3824,3171
4702,2504,231.0000,231.0000,0.0000,1.0000,1.0000,0.0000,15.0000,3171.2220,3171
4703,2595,7.0000,7.0000,0.0000,0.0000,0.0000,0.0000,0.0000,-0.0280,-1
4704,2717,227.0000,227.0000,0.0000,1.0000,1.0000,0.0000,15.0000,3171.3557,3171
4705,2694,231.0000,231.0000,0.0000,1.0000,1.0000,0.0000,15.0000,3171.4235,3171
4706,2803,79.0000,79.0000,0.0000,1.0000,1.0000,0.0000,15.0000,3171.2809,3171
4707,2636,232.0000,232.0000,0.0000,1.0000,1.0000,0.0000,15.0000,3171.2911,3171
4708,2486,214.0000,214.0000,0.0000,1.0000,1.0000,0.0000,15.0000,3171.3024,3171
4709,3019,51.0000,51.0000,0.0000,1.0000,1.0000,0.0000,15.0000,3171.2593,3171
4710,3037,92.0000,92.0000,0.0000,1.0000,1.0000,0.0000,15.0000,3171.3512,3171
4711,2561,227.0000,227.0000,0.0000,1.0000,1.0000,0.0000,15.0000,3171.3248,3171
4712,2645,124.0000,124.0000,0.0000,1.0000,1.0000,0.0000,15.0000,3171.2990,3171
4713,2643,231.0000,231.0000,0.0000,1.0000,1.0000,0.0000,15.0000,3171.3917,3171
4714,2777,217.0000,217.0000,0.0000,1.0000,1.0000,0.0000,15.0000,3171.2927,3171
4715,2683,230.0000,230.0000,0.0000,1.0000,1.0000,0.0000,15.0000,3171.3011,3171
4716,2423,64.0000,65.0000,1.0000,1.0000,1.0000,0.0000,15.0000,3171.1559,3171
4717,2773,227.0000,228.0000,1.0000,1.0000,1.0000,0.0000,15.0000,3171.2975,3171
4718,2552,237.0000,237.0000,0.0000,1.0000,1.0000,0.0000,15.0000,3171.2437,3171
4719,3344,6.0000,6.0000,0.0000,0.0000,0.0000,0.0000,0.0000,-0.0350,-1
4720,2405,164.0000,164.0000,0.0000,1.0000,1.0000,0.0000,15.0000,3171.1434,3171
4721,2203,37.0000,37.0000,0.0000,0.0000,-0.0000,0.0000,15.0000,3170.9682,3171
4722,3160,76.0000,76.0000,0.0000,1.0000,1.0000,0.0000,15.0000,3171.3116,3171
4723,2685,229.0000,229.0000,0.0000,1.0000,1.0000,0.0000,15.0000,3171.2924,3171
4724,3190,63.0000,63.0000,0.0000,1.0000,1.0000,0.0000,15.0000,3171.4352,3171
4725,2812,217.0000,217.0000,0.0000,1.0000,1.0000,0.0000,15.0000,3171.2996,3171
4726,2564,236.0000,236.0000,0.0000,1.0000,1.0000,0.0000,15.0000,3171.2347,3171
4727,2501,230.0000,230.0000,0.0000,1.0000,1.0000,0.0000,15.0000,3171.4077,3171
4728,2485,221.0000,221.0000,0.0000,1.0000,1.0000,0.0000,15.0000,3171.1799,3171
4729,2706,234.0000,235.0000,1.0000,1.0000,1.0000,0.0000,15.0000,3171.3430,3171
4730,2887,226.0000,226.0000,0.0000,1.0000,1.0000,0.0000,15.0000,3171.4555,3171
4731,2862,224.0000,224.0000,0.0000,1.0000,1.0000,0.0000,15.0000,3171.3027,3171
4732,2494,214.0000,214.0000,0.0000,1.0000,1.0000,0.0000,15.0000,3171.2389,3171
4733,2379,72.0000,73.0000,1.0000,1.0000,1.0000,0.0000,15.0000,3171.1177,3171
4734,3158,52.0000,52.0000,0.0000,1.0000,1.0000,0.0000,15.0000,3171.3796,3171
4735,2307,115.0000,115.0000,0.0000,1.0000,1.0000,0.0000,15.0000,3171.1437,3171
4736,2703,236.0000,236.0000,0.0000,1.0000,1.0000,0.0000,15.0000,3171.3609,3171
4737,2689,234.0000,234.0000,0.0000,1.0000,1.0000,0.0000,15.0000,3171.2824,3171
4738,2526,135.0000,135.0000,0.0000,1.0000,1.0000,0.0000,15.0000,3171.3664,3171
4739,2618,231.0000,231.0000,0.0000,1.0000,1.0000,0.0000,15.0000,3171.2685,3171
4740,2463,57.0000,57.0000,0.0000,1.0000,1.0000,0.0000,15.0000,3171.2132,3171
4741,2075,1.0000,1.0000,0.0000,0.0000,0.0000,0.0000,0.0000,-0.0309,-1
4742,2616,234.0000,234.0000,0.0000,1.0000,1.0000,0.0000,15.0000,3171.3180,3171
4743,2962,76.0000,76.0000,0.0000,1.0000,1.0000,0.0000,15.0000,3171.3253,3171
4744,2682,229.0000,229.0000,0.0000,1.0000,1.0000,0.0000,15.0000,3171.2979,3171
4745,2746,235.0000,235.0000,0.0000,1.0000,1.0000,0.0000,15.0000,3171.2996,3171
4746,2577,231.0000,231.0000,0.0000,1.0000,1.0000,0.0000,15.0000,3171.4952,3171
4747,2853,217.0000,217.0000,0.0000,1.0000,1.0000,0.0000,15.0000,3171.2931,3171
4748,2834,110.0000,110.0000,0.0000,1.0000,1.0000,0.0000,15.0000,3171.3057,3171
4749,2654,234.0000,234.0000,0.0000,1.0000,1.0000,0.0000,15.0000,3171.3683,3171
4750,2478,219.0000,219.0000,0.0000,1.0000,1.0000,0.0000,15.0000,3171.1971,3171
4751,3009,64.0000,64.0000,0.0000,1.0000,1.0000,0.0000,15.0000,3171.2961,3171
4752,2674,232.0000,232.0000,0.0000,1.0000,1.0000,0.0000,15.0000,3171.3178,3171
4753,2769,206.0000,206.0000,0.0000,1.0000,1.0000,0.0000,15.0000,3171.3041,3171
4754,2579,238.0000,238.0000,0.0000,1.0000,1.0000,0.0000,15.0000,3171.4023,3171
4755,3318,10.0000,10.0000,0.0000,0.0000,0.0000,0.0000,0.0000,-0.0376,-1
4756,2720,229.0000,229.0000,0.0000,1.0000,1.0000,0.0000,15.0000,3171.4545,3171
4757,2487,229.0000,229.0000,0.0000,1.0000,1.0000,0.0000,15.0000,3171.1964,3171
4758,2325,161.0000,162.0000,1.0000,1.0000,1.0000,0.0000,15.0000,3171.1670,3171
4759,2652,234.0000,234.0000,0.0000,1.0000,1.0000,0.0000,15.0000,3171.2891,3171
4760,2536,235.0000,235.0000,0.0000,1.0000,1.0000,0.0000,15.0000,3171.2458,3171
4761,2474,222.0000,223.0000,1.0000,1.0000,1.0000,0.0000,15.0000,3171.4364,3171
4762,2804,159.0000,159.0000,0.0000,1.0000,1.0000,0.0000,15.0000,3171.2912,3171
4763,2635,234.0000,234.0000,0.0000,1.0000,1.0000,0.0000,15.0000,3171.4497,3171
4764,2575,235.0000,235.0000,0.0000,1.0000,1.0000,0.0000,15.0000,3171.2652,3171
4765,2446,215.0000,215.0000,0.0000,1.0000,1.0000,0.0000,15.0000,3171.2532,3171
4766,2572,233.0000,233.0000,0.0000,1.0000,1.0000,0.0000,15.0000,3171.2917,3171
4767,2291,91.0000,91.0000,0.0000,1.0000,1.0000,0.0000,15.0000,3171.0943,3171
4768,2828,170.0000,170.0000,0.0000,1.0000,1.0000,0.0000,15.0000,3171.3336,3171
4769,2646,235.0000,235.0000,0.0000,1.0000,1.0000,0.0000,15.0000,3171.2727,3171
4770,2813,227.0000,227.0000,0.0000,1.0000,1.0000,0.0000,15.0000,3171.3181,3171
4771,2653,235.0000,235.0000,0.0000,1.0000,1.0000,0.0000,15.0000,3171.3085,3171
4772,2822,225.0000,225.0000,0.0000,1.0000,1.0000,0.0000,15.0000,3171.3446,3171
4773,2702,227.0000,227.0000,0.0000,1.0000,1.0000,0.0000,15.0000,3171.2902,3171
4774,2787,228.0000,228.0000,0.0000,1.0000,1.0000,0.0000,15.0000,3171.2949,3171
4775,3202,36.0000,36.0000,0.0000,0.0000,0.0000,0.0000,15.0000,3171.3101,3171
4776,2394,195.0000,195.0000,0.0000,1.0000,1.0000,0.0000,15.0000,3171.1232,3171
4777,2534,188.0000,188.0000,0.0000,1.0000,1.0000,0.0000,15.0000,3171.2353,3171
4778,2449,212.0000,212.0000,0.0000,1.0000,1.0000,0.0000,15.0000,3171.1919,3171
4779,2500,230.0000,230.0000,0.0000,1.0000,1.0000,0.0000,15.0000,3171.2181,3171
4780,2666,229.0000,229.0000,0.0000,1.0000,1.0000,0.0000,15.0000,3171.3034,3171
4781,2387,120.0000,120.0000,0.0000,1.0000,1.0000,0.0000,15.0000,3171.2043,3171
4782,2456,215.0000,215.0000,0.0000,1.0000,1.0000,0.0000,15.0000,3171.1979,3171
4783,2576,233.0000,233.0000,0.0000,1.0000,1.0000,0.0000,15.0000,3171.2609,3171
4784,2602,219.0000,219.0000,0.0000,1.0000,1.0000,0.0000,15.0000,3171.3258,3171
4785,2431,6.0000,6.0000,0.0000,0.0000,0.0000,0.0000,0.0000,-0.0505,-1
4786,2848,89.0000,89.0000,0.0000,1.0000,1.0000,0.0000,15.0000,3171.2890,3171
4787,2847,180.0000,180.0000,0.0000,1.0000,1.0000,0.0000,15.0000,3171.3305,3171
4788,3255,27.0000,27.0000,0.0000,0.0000,-0.0000,0.0000,15.0000,3171.2869,3171
4789,2398,21.0000,21.0000,0.0000,0.0000,0.0000,0.0000,15.0000,3171.3164,3171
4790,2422,205.0000,205.0000,0.0000,1.0000,1.0000,0.0000,15.0000,3171.1351,3171
4791,2884,159.0000,160.0000,1.0000,1.0000,1.0000,0.0000,15.0000,3171.3667,3171
4792,2729,228.0000,228.0000,0.0000,1.0000,1.0000,0.0000,15.0000,3171.3221,3171
4793,2679,229.0000,229.0000,0.0000,1.0000,1.0000,0.0000,15.0000,3171.3019,3171
4794,2900,143.0000,144.0000,1.0000,1.0000,1.0000,0.0000,15.0000,3171.3107,3171
4795,2608,234.0000,234.0000,0.0000,1.0000,1.0000,0.0000,15.0000,3171.3576,3171
4796,2718,230.0000,230.0000,0.0000,1.0000,1.0000,0.0000,15.0000,3171.2997,3171
4797,3244,22.0000,22.0000,0.0000,0.0000,-0.0000,0.0000,15.0000,3171.3198,3171
4798,3257,34.0000,35.0000,1.0000,0.0000,0.0000,0.0000,15.0000,3171.2597,3171
4799,2091,16.0000,16.0000,0.0000,0.0000,0.0000,0.0000,15.0000,3171.2800,3171
4800,2433,22.0000,22.0000,0.0000,0.0000,-0.0000,0.0000,15.0000,3171.3096,3171
4801,3167,19.0000,19.0000,0.0000,0.0000,-0.0000,0.0000,15.0000,3171.2814,3171
4802,2909,207.0000,207.0000,0.0000,1.0000,1.0000,0.0000,15.0000,3171.3648,3171
4803,2968,194.0000,194.0000,0.0000,1.0000,1.0000,0.0000,15.0000,3171.3077,3171
4804,2488,228.0000,228.0000,0.0000,1.0000,1.0000,0.0000,15.0000,3171.3077,3171
4805,2672,206.0000,207.0000,1.0000,1.0000,1.0000,0.0000,15.0000,3171.3059,3171
4806,2712,236.0000,236.0000,0.0000,1.0000,1.0000,0.0000,15.0000,3171.4223,3171
4807,3117,52.0000,52.0000,0.0000,1.0000,1.0000,0.0000,15.0000,3171.2633,3171
4808,2361,194.0000,194.0000,0.0000,1.0000,1.0000,0.0000,15.0000,3171.1064,3171
4809,2570,233.0000,233.0000,0.0000,1.0000,1.0000,0.0000,15.0000,3171.2694,3171
4810,2785,229.0000,229.0000,0.0000,1.0000,1.0000,0.0000,15.0000,3171.4488,3171
4811,2614,234.0000,234.0000,0.0000,1.0000,1.0000,0.0000,15.0000,3171.3394,3171
4812,2753,38.0000,38.0000,0.0000,0.0000,-0.0000,0.0000,15.0000,3171.3132,3171
4813,2275,76.0000,76.0000,0.0000,1.0000,1.0000,0.0000,15.0000,3170.9512,3171
4814,2896,212.0000,212.0000,0.0000,1.0000,1.0000,0.0000,15.0000,3171.6784,3171
4815,2622,236.0000,236.0000,0.0000,1.0000,1.0000,0.0000,15.0000,3171.2558,3171
4816,2457,215.0000,215.0000,0.0000,1.0000,1.0000,0.0000,15.0000,3171.3241,3171
4817,2414,174.0000,174.0000,0.0000,1.0000,1.0000,0.0000,15.0000,3171.2153,3171
4818,2793,224.0000,224.0000,0.0000,1.0000,1.0000,0.0000,15.0000,3171.3065,3171
4819,2359,174.0000,174.0000,0.0000,1.0000,1.0000,0.0000,15.0000,3171.0971,3171
4820,2820,109.0000,109.0000,0.0000,1.0000,1.0000,0.0000,15.0000,3171.3123,3171
4821,2437,112.0000,112.0000,0.0000,1.0000,1.0000,0.0000,15.0000,3171.1921,3171
4822,2735,228.0000,228.0000,0.0000,1.0000,1.0000,0.0000,15.0000,3171.3675,3171
4823,2627,232.0000,232.0000,0.0000,1.0000,1.0000,0.0000,15.0000,3171.2592,3171
4824,2745,227.0000,227.0000,0.0000,1.0000,1.0000,0.0000,15.0000,3171.3390,3171
4825,2885,224.0000,224.0000,0.0000,1.0000,1.0000,0.0000,15.0000,3171.3045,3171
4826,2880,226.0000,226.0000,0.0000,1.0000,1.0000,0.0000,15.0000,3171.4495,3171
4827,2784,163.0000,163.0000,0.0000,1.0000,1.0000,0.0000,15.0000,3171.2838,3171
4828,2760,226.0000,226.0000,0.0000,1.0000,1.0000,0.0000,15.0000,3171.3068,3171
4829,2898,220.0000,220.0000,0.0000,1.0000,1.0000,0.0000,15.0000,3171.3147,3171
4830,3239,13.0000,13.0000,0.0000,0.0000,-0.0000,0.0000,15.0000,3171.2446,3171
4831,2762,228.0000,228.0000,0.0000,1.0000,1.0000,0.0000,15.0000,3171.3454,3171
4832,3097,96.0000,97.0000,1.0000,1.0000,1.0000,0.0000,15.0000,3171.2332,3171
4833,2983,84.0000,84.0000,0.0000,1.0000,1.0000,0.0000,15.0000,3171.2926,3171
4834,3205,36.0000,36.0000,0.0000,0.0000,0.0000,0.0000,15.0000,3171.2557,3171
4835,2933,90.0000,90.0000,0.0000,1.0000,1.0000,0.0000,15.0000,3171.2926,3171
4836,2671,35.0000,35.0000,0.0000,0.0000,0.0000,0.0000,15.0000,3171.1817,3171
4837,2889,206.0000,207.0000,1.0000,1.0000,1.0000,0.0000,15.0000,3171.3105,3171
4838,2280,102.0000,102.0000,0.0000,1.0000,1.0000,0.0000,15.0000,3170.9561,3171
4839,2824,226.0000,226.0000,0.0000,1.0000,1.0000,0.0000,15.0000,3171.3058,3171
4840,2402,141.0000,141.0000,0.0000,1.0000,1.0000,0.0000,15.0000,3171.1027,3171
4841,2630,232.0000,232.0000,0.0000,1.0000,1.0000,0.0000,15.0000,3171.2699,3171
4842,2358,105.0000,105.0000,0.0000,1.0000,1.0000,0.0000,15.0000,3171.0769,3171
4843,2510,229.0000,229.0000,0.0000,1.0000,1.0000,0.0000,15.0000,3171.2250,3171
4844,2590,236.0000,236.0000,0.0000,1.0000,1.0000,0.0000,15.0000,3171.2402,3171
4845,2326,68.0000,68.0000,0.0000,1.0000,1.0000,0.0000,15.0000,3171.2154,3171
4846,2873,223.0000,223.0000,0.0000,1.0000,1.0000,0.0000,15.0000,3171.4182,3171
4847,2593,235.0000,235.0000,0.0000,1.0000,1.0000,0.0000,15.0000,3171.2563,3171
4848,2303,144.0000,144.0000,0.0000,1.0000,1.0000,0.0000,15.0000,3171.0774,3171
4849,2766,231.0000,231.0000,0.0000,1.0000,1.0000,0.0000,15.0000,3171.3644,3171
4850,2440,227.0000,227.0000,0.0000,1.0000,1.0000,0.0000,15.0000,3171.1509,3171
4851,2612,231.0000,231.0000,0.0000,1.0000,1.0000,0.0000,15.0000,3171.3592,3171
4852,2421,85.0000,85.0000,0.0000,1.0000,1.0000,0.0000,15.0000,3171.1871,3171
4853,2893,99.0000,99.0000,0.0000,1.0000,1.0000,0.0000,15.0000,3171.3586,3171
4854,2975,180.0000,180.0000,0.0000,1.0000,1.0000,0.0000,15.0000,3171.3802,3171
4855,2869,223.0000,223.0000,0.0000,1.0000,1.0000,0.0000,15.0000,3171.2894,3171
4856,2441,57.0000,57.0000,0.0000,1.0000,1.0000,0.0000,15.0000,3171.2399,3171
4857,2774,230.0000,230.0000,0.0000,1.0000,1.0000,0.0000,15.0000,3171.3560,3171
4858,2567,231.0000,231.0000,0.0000,1.0000,1.0000,0.0000,15.0000,3171.2258,3171
4859,2723,233.0000,233.0000,0.0000,1.0000,1.0000,0.0000,15.0000,3171.2937,3171
4860,2386,163.0000,163.0000,0.0000,1.0000,1.0000,0.0000,15.0000,3171.2833,3171
4861,2490,225.0000,225.0000,0.0000,1.0000,1.0000,0.0000,15.0000,3171.2395,3171
4862,2901,219.0000,219.0000,0.0000,1.0000,1.0000,0.0000,15.0000,3171.3092,3171
4863,2673,96.0000,97.0000,1.0000,1.0000,1.0000,0.0000,15.0000,3171.2790,3171
4864,2623,234.0000,234.0000,0.0000,1.0000,1.0000,0.0000,15.0000,3171.2686,3171
4865,2657,229.0000,229.0000,0.0000,1.0000,1.0000,0.0000,15.0000,3171.3575,3171
4866,2525,233.0000,233.0000,0.0000,1.0000,1.0000,0.0000,15.0000,3171.2049,3171
4867,2562,227.0000,227.0000,0.0000,1.0000,1.0000,0.0000,15.0000,3171.2360,3171
4868,2634,231.0000,232.0000,1.0000,1.0000,1.0000,0.0000,15.0000,3171.2883,3171
4869,2493,238.0000,238.0000,0.0000,1.0000,1.0000,0.0000,15.0000,3171.3308,3171
4870,2495,96.0000,96.0000,0.0000,1.0000,1.0000,0.0000,15.0000,3171.2213,3171
4871,2829,203.0000,203.0000,0.0000,1.0000,1.0000,0.0000,15.0000,3171.3553,3171
4872,2621,232.0000,233.0000,1.0000,1.0000,1.0000,0.0000,15.0000,3171.2606,3171
4873,3086,5.0000,5.0000,0.0000,0.0000,0.0000,0.0000,0.0000,-0.0318,-1
4874,2959,170.0000,171.0000,1.0000,1.0000,1.0000,0.0000,15.0000,3171.3014,3171
4875,2312,50.0000,50.0000,0.0000,1.0000,1.0000,0.0000,15.0000,3171.1140,3171
4876,2550,189.0000,190.0000,1.0000,1.0000,1.0000,0.0000,15.0000,3171.3671,3171
4877,2371,85.0000,85.0000,0.0000,1.0000,1.0000,0.0000,15.0000,3171.1215,3171
4878,2436,145.0000,146.0000,1.0000,1.0000,1.0000,0.0000,15.0000,3171.2592,3171
4879,2499,223.0000,223.0000,0.0000,1.0000,1.0000,0.0000,15.0000,3171.2332,3171
4880,2716,232.0000,232.0000,0.0000,1.0000,1.0000,0.0000,15.0000,3171.2912,3171
4881,2790,232.0000,232.0000,0.0000,1.0000,1.0000,0.0000,15.0000,3171.3011,3171
4882,2637,83.0000,83.0000,0.0000,1.0000,1.0000,0.0000,15.0000,3171.2841,3171
4883,2466,201.0000,201.0000,0.0000,1.0000,1.0000,0.0000,15.0000,3171.2098,3171
4884,2838,228.0000,228.0000,0.0000,1.0000,1.0000,0.0000,15.0000,3171.3258,3171
4885,2809,227.0000,227.0000,0.0000,1.0000,1.0000,0.0000,15.0000,3171.3058,3171
4886,2759,228.0000,228.0000,0.0000,1.0000,1.0000,0.0000,15.0000,3171.3006,3171
4887,2978,184.0000,184.0000,0.0000,1.0000,1.0000,0.0000,15.0000,3171.3019,3171
4888,2806,220.0000,220.0000,0.0000,1.0000,1.0000,0.0000,15.0000,3171.3430,3171
4889,2879,70.0000,70.0000,0.0000,1.0000,1.0000,0.0000,15.0000,3171.3461,3171
4890,2919,200.0000,200.0000,0.0000,1.0000,1.0000,0.0000,15.0000,3171.3225,3171
4891,2914,184.0000,184.0000,0.0000,1.0000,1.0000,0.0000,15.0000,3171.3084,3171
4892,3146,83.0000,83.0000,0.0000,1.0000,1.0000,0.0000,15.0000,3171.3265,3171
4893,2697,229.0000,229.0000,0.0000,1.0000,1.0000,0.0000,15.0000,3171.2788,3171
4894,2310,60.0000,60.0000,0.0000,1.0000,1.0000,0.0000,15.0000,3170.9990,3171
4895,2794,93.0000,93.0000,0.0000,1.0000,1.0000,0.0000,15.0000,3171.3221,3171
4896,2688,231.0000,231.0000,0.0000,1.0000,1.0000,0.0000,15.0000,3171.2938,3171
4897,2783,197.0000,197.0000,0.0000,1.0000,1.0000,0.0000,15.0000,3171.3851,3171
4898,3191,59.0000,59.0000,0.0000,1.0000,1.0000,0.0000,15.0000,3171.3593,3171
4899,3249,35.0000,35.0000,0.0000,0.0000,0.0000,0.0000,15.0000,3171.2402,3171
4900,2097,13.0000,13.0000,0.0000,0.0000,0.0000,0.0000,15.0000,3170.9869,3171
4901,2913,105.0000,105.0000,0.0000,1.0000,1.0000,0.0000,15.0000,3171.3708,3171
4902,2299,52.0000,52.0000,0.0000,1.0000,1.0000,0.0000,15.0000,3171.1163,3171
4903,2865,201.0000,201.0000,0.0000,1.0000,1.0000,0.0000,15.0000,3171.3171,3171
4904,3165,8.0000,8.0000,0.0000,0.0000,-0.0000,0.0000,0.0000,-0.0255,-1
4905,3081,15.0000,15.0000,0.0000,0.0000,-0.0000,0.0000,15.0000,3171.2495,3171
4906,2837,183.0000,183.0000,0.0000,1.0000,1.0000,0.0000,15.0000,3171.3615,3171
4907,3181,74.0000,74.0000,0.0000,1.0000,1.0000,0.0000,15.0000,3171.3015,3171
4908,2554,64.0000,64.0000,0.0000,1.0000,1.0000,0.0000,15.0000,3171.2404,3171
4909,2477,221.0000,221.0000,0.0000,1.0000,1.0000,0.0000,15.0000,3171.1825,3171
4910,2752,227.0000,227.0000,0.0000,1.0000,1.0000,0.0000,15.0000,3171.2847,3171
4911,2659,226.0000,226.0000,0.0000,1.0000,1.0000,0.0000,15.0000,3171.3458,3171
4912,2929,197.0000,197.0000,0.0000,1.0000,1.0000,0.0000,15.0000,3171.3529,3171
4913,2297,110.0000,112.0000,2.0000,1.0000,1.0000,0.0000,15.0000,3171.1351,3171
4914,2628,233.0000,233.0000,0.0000,1.0000,1.0000,0.0000,15.0000,3171.2760,3171
4915,2231,14.0000,14.0000,0.0000,0.0000,-0.0000,0.0000,15.0000,3171.2165,3171
4916,3301,18.0000,18.0000,0.0000,0.0000,0.0000,0.0000,15.0000,3171.3062,3171
4917,2691,228.0000,228.0000,0.0000,1.0000,1.0000,0.0000,15.0000,3171.3618,3171
4918,2656,231.0000,231.0000,0.0000,1.0000,1.0000,0.0000,15.0000,3171.5729,3171
4919,2503,234.0000,234.0000,0.0000,1.0000,1.0000,0.0000,15.0000,3171.2414,3171
4920,2334,183.0000,183.0000,0.0000,1.0000,1.0000,0.0000,15.0000,3171.1183,3171
4921,2967,188.0000,188.0000,0.0000,1.0000,1.0000,0.0000,15.0000,3171.3968,3171
4922,2341,185.0000,185.0000,0.0000,1.0000,1.0000,0.0000,15.0000,3171.1016,3171
4923,2468,214.0000,214.0000,0.0000,1.0000,1.0000,0.0000,15.0000,3171.2038,3171
4924,2665,237.0000,237.0000,0.0000,1.0000,1.0000,0.0000,15.0000,3171.3614,3171
4925,2498,75.0000,75.0000,0.0000,1.0000,1.0000,0.0000,15.0000,3171.2144,3171
4926,2910,217.0000,217.0000,0.0000,1.0000,1.0000,0.0000,15.0000,3171.3273,3171
4927,3143,98.0000,99.0000,1.0000,1.0000,1.0000,0.0000,15.0000,3171.2623,3171
4928,2722,217.0000,217.0000,0.0000,1.0000,1.0000,0.0000,15.0000,3171.2988,3171
4929,3225,54.0000,54.0000,0.0000,1.0000,1.0000,0.0000,15.0000,3171.3020,3171
4930,2638,230.0000,230.0000,0.0000,1.0000,1.0000,0.0000,15.0000,3171.2896,3171
4931,2555,234.0000,234.0000,0.0000,1.0000,1.0000,0.0000,15.0000,3171.3949,3171
4932,2690,230.0000,230.0000,0.0000,1.0000,1.0000,0.0000,15.0000,3171.2979,3171
4933,2541,231.0000,231.0000,0.0000,1.0000,1.0000,0.0000,15.0000,3171.2403,3171
4934,2430,221.0000,221.0000,0.0000,1.0000,1.0000,0.0000,15.0000,3171.1550,3171
4935,2560,146.0000,146.0000,0.0000,1.0000,1.0000,0.0000,15.0000,3171.2578,3171
4936,3013,118.0000,118.0000,0.0000,1.0000,1.0000,0.0000,15.0000,3171.2858,3171
4937,2965,169.0000,169.0000,0.0000,1.0000,1.0000,0.0000,15.0000,3171.3263,3171
4938,2438,222.0000,222.0000,0.0000,1.0000,1.0000,0.0000,15.0000,3171.1484,3171
4939,2411,214.0000,214.0000,0.0000,1.0000,1.0000,0.0000,15.0000,3171.1212,3171
4940,2710,229.0000,229.0000,0.0000,1.0000,1.0000,0.0000,15.0000,3171.3000,3171
4941,2875,4.0000,4.0000,0.0000,0.0000,0.0000,0.0000,0.0000,-0.0344,-1
4942,2740,232.0000,232.0000,0.0000,1.0000,1.0000,0.0000,15.0000,3171.3069,3171
4943,2404,217.0000,217.0000,0.0000,1.0000,1.0000,0.0000,15.0000,3171.3649,3171
4944,2779,15.0000,15.0000,0.0000,0.0000,0.0000,0.0000,15.0000,3171.3678,3171
4945,2958,192.0000,192.0000,0.0000,1.0000,1.0000,0.0000,15.0000,3171.2900,3171
4946,2633,232.0000,232.0000,0.0000,1.0000,1.0000,0.0000,15.0000,3171.2957,3171
4947,2255,48.0000,48.0000,0.0000,0.0000,-0.0000,0.0000,15.0000,3171.1662,3171
4948,2796,228.0000,228.0000,0.0000,1.0000,1.0000,0.0000,15.0000,3171.2959,3171
4949,2866,182.0000,182.0000,0.0000,1.0000,1.0000,0.0000,15.0000,3171.2964,3171
4950,2538,231.0000,231.0000,0.0000,1.0000,1.0000,0.0000,15.0000,3171.2378,3171
4951,2587,235.0000,235.0000,0.0000,1.0000,1.0000,0.0000,15.0000,3171.3305,3171
4952,3056,40.0000,40.0000,0.0000,0.0000,0.0000,0.0000,15.0000,3171.3642,3171
4953,2908,212.0000,212.0000,0.0000,1.0000,1.0000,0.0000,15.0000,3171.3877,3171
4954,2529,236.0000,236.0000,0.0000,1.0000,1.0000,0.0000,15.0000,3171.2291,3171
4955,3028,40.0000,40.0000,0.0000,0.0000,-0.0000,0.0000,15.0000,3171.2936,3171
4956,2285,9.0000,9.0000,0.0000,0.0000,-0.0000,0.0000,15.0000,3171.2127,3171
4957,3313,13.0000,13.0000,0.0000,0.0000,-0.0000,0.0000,15.0000,3171.2767,3171
4958,2444,213.0000,213.0000,0.0000,1.0000,1.0000,0.0000,15.0000,3171.2066,3171
4959,2676,103.0000,103.0000,0.0000,1.0000,1.0000,0.0000,15.0000,3171.3747,3171
4960,2279,42.0000,42.0000,0.0000,0.0000,-0.0000,0.0000,15.0000,3171.0182,3171
4961,2629,236.0000,236.0000,0.0000,1.0000,1.0000,0.0000,15.0000,3171.3478,3171
4962,2288,44.0000,44.0000,0.0000,0.0000,-0.0000,0.0000,15.0000,3171.3083,3171
4963,2338,104.0000,104.0000,0.0000,1.0000,1.0000,0.0000,15.0000,3171.0920,3171
4964,2245,50.0000,50.0000,0.0000,1.0000,1.0000,0.0000,15.0000,3170.8061,3171
4965,2863,75.0000,76.0000,1.0000,1.0000,1.0000,0.0000,15.0000,3171.3031,3171
4966,2337,59.0000,59.0000,0.0000,1.0000,1.0000,0.0000,15.0000,3171.2521,3171
4967,2776,229.0000,229.0000,0.0000,1.0000,1.0000,0.0000,15.0000,3171.3871,3171
4968,2507,233.0000,233.0000,0.0000,1.0000,1.0000,0.0000,15.0000,3171.2168,3171
4969,2725,227.0000,227.0000,0.0000,1.0000,1.0000,0.0000,15.0000,3171.3029,3171
4970,2714,233.0000,233.0000,0.0000,1.0000,1.0000,0.0000,15.0000,3171.3491,3171
4971,2651,229.0000,229.0000,0.0000,1.0000,1.0000,0.0000,15.0000,3171.2960,3171
4972,2599,211.0000,211.0000,0.0000,1.0000,1.0000,0.0000,15.0000,3171.2729,3171
4973,3291,25.0000,25.0000,0.0000,0.0000,-0.0000,0.0000,15.0000,3171.2583,3171
4974,2625,237.0000,237.0000,0.0000,1.0000,1.0000,0.0000,15.0000,3171.3396,3171
4975,2378,192.0000,192.0000,0.0000,1.0000,1.0000,0.0000,15.0000,3171.1645,3171
4976,3315,14.0000,14.0000,0.0000,0.0000,0.0000,0.0000,15.0000,3171.3191,3171
4977,2281,31.0000,32.0000,1.0000,0.0000,-0.0000,0.0000,15.0000,3171.1853,3171
4978,2388,56.0000,56.0000,0.0000,1.0000,1.0000,0.0000,15.0000,3171.1104,3171
4979,2928,33.0000,33.0000,0.0000,0.0000,0.0000,0.0000,15.0000,3171.3506,3171
4980,2380,120.0000,120.0000,0.0000,1.0000,1.0000,0.0000,15.0000,3171.0957,3171
4981,3322,11.0000,11.0000,0.0000,0.0000,-0.0000,0.0000,0.0000,0.0311,-1
4982,2327,141.0000,141.0000,0.0000,1.0000,1.0000,0.0000,15.0000,3171.1009,3171
4983,2333,178.0000,178.0000,0.0000,1.0000,1.0000,0.0000,15.0000,3171.1079,3171
4984,3161,22.0000,22.0000,0.0000,0.0000,0.0000,0.0000,15.0000,3171.3429,3171
4985,3336,10.0000,10.0000,0.0000,0.0000,0.0000,0.0000,0.0000,-0.0419,-1
4986,2406,193.0000,193.0000,0.0000,1.0000,1.0000,0.0000,15.0000,3171.2159,3171
4987,2715,234.0000,234.0000,0.0000,1.0000,1.0000,0.0000,15.0000,3171.2888,3171
4988,2701,231.0000,231.0000,0.0000,1.0000,1.0000,0.0000,15.0000,3171.3450,3171
4989,2788,191.0000,191.0000,0.0000,1.0000,1.0000,0.0000,15.0000,3171.3357,3171
4990,2589,232.0000,232.0000,0.0000,1.0000,1.0000,0.0000,15.0000,3171.2435,3171
4991,2780,33.0000,33.0000,0.0000,0.0000,0.0000,0.0000,15.0000,3171.2779,3171
4992,2727,71.0000,71.0000,0.0000,1.0000,1.0000,0.0000,15.0000,3171.5248,3171
4993,2544,234.0000,234.0000,0.0000,1.0000,1.0000,0.0000,15.0000,3171.2277,3171
4994,3116,36.0000,36.0000,0.0000,0.0000,0.0000,0.0000,15.0000,3171.2791,3171
4995,2730,236.0000,236.0000,0.0000,1.0000,1.0000,0.0000,15.0000,3171.4425,3171
4996,2471,232.0000,232.0000,0.0000,1.0000,1.0000,0.0000,15.0000,3171.2271,3171
4997,2891,220.0000,220.0000,0.0000,1.0000,1.0000,0.0000,15.0000,3171.2979,3171
4998,3256,35.0000,35.0000,0.0000,0.0000,-0.0000,0.0000,15.0000,3171.2415,3171
4999,2443,214.0000,215.0000,1.0000,1.0000,1.0000,0.0000,15.0000,3171.1822,3171
