{
  "components": [
    {
      "index": 1,
      "degree": 15,
      "coeffs": [
        25.21295688051714,
        -693.6955797154374,
        6930.764169401508,
        -31826.239072279885,
        76169.2288482421,
        -98338.46341688544,
        64918.70981439728,
        -17185.511564543685
      ],
      "domain_a": 0.000244140625,
      "domain_b": 1.0,
      "error": 0.9938445030436877,
      "margin": 6.103515625e-05,
      "t_i": 0.9939055381999377
    },
    {
      "index": 2,
      "degree": 15,
      "coeffs": [
        12.113765711414974,
        -82.6003431517687,
        206.67589308658208,
        -238.21640348710503,
        143.22473452792576,
        -46.472597450126244,
        7.712258991049325,
        -0.5133059403368128
      ],
      "domain_a": 0.006094461800062345,
      "domain_b": 1.9939055381999378,
      "error": 0.9261918135680934,
      "margin": 6.103515625e-05,
      "t_i": 0.9262528487243434
    },
    {
      "index": 3,
      "degree": 15,
      "coeffs": [
        8.225360383850068,
        -49.43231542032779,
        124.3930087507107,
        -148.88404652868917,
        94.13562771089718,
        -32.32347976521505,
        5.696899955556309,
        -0.40358528118196246
      ],
      "domain_a": 0.07374715127565656,
      "domain_b": 1.9262528487243435,
      "error": 0.4129600479523954,
      "margin": 6.103515625e-05,
      "t_i": 0.4130210831086454
    },
    {
      "index": 4,
      "degree": 15,
      "coeffs": [
        3.4693328927944442,
        -9.436962092105434,
        18.678138573776398,
        -23.13226197832712,
        17.780996871268716,
        -8.232422604170832,
        2.099308292309372,
        -0.22622840923160467
      ],
      "domain_a": 0.5869789168913546,
      "domain_b": 1.4130210831086454,
      "error": 0.0003594080772125406,
      "margin": 6.103515625e-05,
      "t_i": 0.0004204432334625406
    }
  ]
}