{
  "components": [
    {
      "index": 1,
      "degree": 7,
      "coeffs": [
        11.532298513268955,
        -67.62177553309,
        124.97045865855435,
        -68.8359376281241
      ],
      "domain_a": 0.00390625,
      "domain_b": 1.0,
      "error": 0.9549559893907938,
      "margin": 0.0009765625,
      "t_i": 0.9559325518907938
    },
    {
      "index": 2,
      "degree": 15,
      "coeffs": [
        9.557427224309908,
        -60.88729085634708,
        153.1608706559446,
        -180.50723752482347,
        111.70310416828862,
        -37.42637439553772,
        6.425315893569049,
        -0.4429120410320843
      ],
      "domain_a": 0.04406744810920615,
      "domain_b": 1.9559325518907937,
      "error": 0.5840136884837702,
      "margin": 0.0009765625,
      "t_i": 0.5849902509837702
    },
    {
      "index": 3,
      "degree": 15,
      "coeffs": [
        3.926763107539919,
        -12.742187835374631,
        27.62655466989353,
        -34.99729126426551,
        26.109271147808556,
        -11.276171192475779,
        2.602942320294619,
        -0.24815651004619477
      ],
      "domain_a": 0.4150097490162298,
      "domain_b": 1.58499025098377,
      "error": 0.006390453317096822,
      "margin": 0.0009765625,
      "t_i": 0.007367015817096822
    }
  ]
}