{
  "components": [
    {
      "index": 1,
      "degree": 7,
      "coeffs": [
        11.818565683066083,
        -69.8789049479646,
        129.45588465485272,
        -71.38977461406425
      ],
      "domain_a": 0.00048828125,
      "domain_b": 1.0,
      "error": 0.994229224110037,
      "margin": 0.0001220703125,
      "t_i": 0.994351294422537
    },
    {
      "index": 2,
      "degree": 15,
      "coeffs": [
        12.151818288187403,
        -82.92116744605269,
        207.45889042965007,
        -239.05261318415646,
        143.6776587900553,
        -46.6018085888022,
        7.730608926223974,
        -0.5143153614553444
      ],
      "domain_a": 0.005648705577462998,
      "domain_b": 1.994351294422537,
      "error": 0.9313729006273418,
      "margin": 0.0001220703125,
      "t_i": 0.9314949709398418
    },
    {
      "index": 3,
      "degree": 15,
      "coeffs": [
        8.43014442498328,
        -51.19999721060836,
        128.86317111545185,
        -153.83407512473323,
        96.90369023360005,
        -33.13139680099437,
        5.812382688049323,
        -0.40978530509481403
      ],
      "domain_a": 0.0685050290601582,
      "domain_b": 1.9314949709398417,
      "error": 0.4387596602702862,
      "margin": 0.0001220703125,
      "t_i": 0.4388817305827862
    },
    {
      "index": 4,
      "degree": 15,
      "coeffs": [
        3.5193768021377574,
        -9.779639263206851,
        19.59238902214023,
        -24.36134700922248,
        18.67236905971177,
        -8.57240744517916,
        2.157854309583559,
        -0.2287101289615451
      ],
      "domain_a": 0.5611182694172139,
      "domain_b": 1.4388817305827861,
      "error": 0.000590701105432609,
      "margin": 0.0001220703125,
      "t_i": 0.000712771417932609
    }
  ]
}