x1,x2,True_Class,PT_Cluster,FHE_Cluster,Heap_Position
664159.0000,550946.0000,14,0,2424,1893
665845.0000,557965.0000,14,0,2424,1897
597173.0000,575538.0000,14,0,2424,2210
618600.0000,551446.0000,14,0,2424,2067
635690.0000,608046.0000,14,0,2424,2102
588100.0000,557588.0000,14,0,2424,2211
582015.0000,546191.0000,14,0,2424,2214
604678.0000,574577.0000,14,0,2424,2164
572029.0000,518313.0000,14,0,2424,2195
604737.0000,574591.0000,14,0,2424,2163
577728.0000,587566.0000,14,0,2424,2320
602013.0000,574722.0000,14,0,2424,2188
627968.0000,574625.0000,14,0,2424,2072
607269.0000,536961.0000,14,0,2424,2078
603145.0000,574795.0000,14,0,2424,2180
671919.0000,571761.0000,14,0,2424,1906
612184.0000,570393.0000,14,0,2424,2119
600032.0000,575310.0000,14,0,2424,2200
627912.0000,593892.0000,14,0,2424,2105
601967.0000,604428.0000,14,0,2424,2254
591851.0000,569051.0000,14,0,2424,2223
601444.0000,572693.0000,14,0,2424,2185
629718.0000,558104.0000,14,0,2424,2042
661430.0000,603567.0000,14,0,2424,2018
597551.0000,556737.0000,14,0,2424,2151
601182.0000,582584.0000,14,0,2424,2208
562704.0000,570596.0000,14,0,2424,2354
605107.0000,563429.0000,14,0,2424,2128
607214.0000,575069.0000,14,0,2424,2146
568824.0000,570203.0000,14,0,2424,2321
612485.0000,518009.0000,14,0,2424,2033
589244.0000,573777.0000,14,0,2424,2244
625579.0000,551084.0000,14,0,2424,2044
560237.0000,500154.0000,14,0,2424,2207
626224.0000,569687.0000,14,0,2424,2071
610666.0000,551701.0000,14,0,2424,2088
597428.0000,569940.0000,14,0,2424,2199
600582.0000,599535.0000,14,0,2424,2250
604168.0000,555003.0000,14,0,2424,2120
613871.0000,550423.0000,14,0,2424,2080
617310.0000,551945.0000,14,0,2424,2070
625728.0000,579460.0000,14,0,2424,2083
606300.0000,566708.0000,14,0,2424,2131
638559.0000,558807.0000,14,0,2424,2020
582176.0000,630383.0000,14,0,2424,2409
544056.0000,577786.0000,14,0,2424,2492
631297.0000,578351.0000,14,0,2424,2069
561574.0000,621747.0000,14,0,2424,2533
604973.0000,574773.0000,14,0,2424,2161
605284.0000,556134.0000,14,0,2424,2117
617910.0000,592293.0000,14,0,2424,2133
555904.0000,640401.0000,14,0,2424,2761
526559.0000,509417.0000,14,-1,-1,2384
603849.0000,572396.0000,14,0,2424,2159
598634.0000,619900.0000,14,0,2424,2296
603359.0000,589262.0000,14,0,2424,2216
657455.0000,567754.0000,14,0,2424,1966
614279.0000,599251.0000,14,0,2424,2189
578496.0000,631434.0000,14,0,2424,2439
645171.0000,595209.0000,14,0,2424,2053
688015.0000,533535.0000,14,-1,-1,1615
656477.0000,573007.0000,14,0,2424,1982
540029.0000,563888.0000,14,0,2424,2476
597418.0000,538362.0000,14,0,2424,2114
613545.0000,574733.0000,14,0,2424,2123
628696.0000,542447.0000,14,0,2424,2026
604157.0000,574191.0000,14,0,2424,2169
603126.0000,497987.0000,14,0,2424,2032
605850.0000,533310.0000,14,0,2424,2076
596179.0000,529556.0000,14,0,2424,2101
610330.0000,552628.0000,14,0,2424,2090
598184.0000,531473.0000,14,0,2424,2096
620438.0000,511694.0000,14,0,2424,2005
600202.0000,622079.0000,14,0,2424,2292
603021.0000,577991.0000,14,0,2424,2191
515612.0000,540643.0000,14,0,2424,2581
606548.0000,574376.0000,14,0,2424,2150
593490.0000,623110.0000,14,0,2424,2329
607084.0000,595500.0000,14,0,2424,2212
583728.0000,563146.0000,14,0,2424,2246
616044.0000,533807.0000,14,0,2424,2049
624452.0000,584622.0000,14,0,2424,2098
604438.0000,574666.0000,14,0,2424,2168
625709.0000,660145.0000,14,0,2424,2271
601376.0000,579831.0000,14,0,2424,2202
565148.0000,557305.0000,14,0,2424,2304
639418.0000,537903.0000,14,0,2424,1976
612799.0000,537497.0000,14,0,2424,2065
583653.0000,652182.0000,14,0,2424,2480
599808.0000,596484.0000,14,0,2424,2247
605250.0000,573272.0000,14,0,2424,2155
606738.0000,601356.0000,14,0,2424,2230
611044.0000,571814.0000,14,0,2424,2125
575440.0000,568511.0000,14,0,2424,2278
616329.0000,529516.0000,14,0,2424,2038
605927.0000,572533.0000,14,0,2424,2147
609286.0000,586782.0000,14,0,2424,2178
647354.0000,579190.0000,14,0,2424,2025
606929.0000,571420.0000,14,0,2424,2138
562920.0000,559223.0000,14,0,2424,2324
680357.0000,620811.0000,14,0,2424,1983
707100.0000,601463.0000,14,-1,-1,1780
604294.0000,574368.0000,14,0,2424,2167
614917.0000,600946.0000,14,0,2424,2190
611508.0000,503220.0000,14,0,2424,2015
603789.0000,574474.0000,14,0,2424,2174
551740.0000,588768.0000,14,0,2424,2479
546031.0000,570429.0000,14,0,2424,2451
569197.0000,559307.0000,14,0,2424,2287
688712.0000,568754.0000,14,0,2424,1800
604067.0000,574091.0000,14,0,2424,2170
606809.0000,572101.0000,14,0,2424,2140
588597.0000,622592.0000,14,0,2424,2356
613840.0000,534167.0000,14,0,2424,2054
576263.0000,547239.0000,14,0,2424,2242
597077.0000,568196.0000,14,0,2424,2196
601339.0000,571609.0000,14,0,2424,2182
606011.0000,569426.0000,14,0,2424,2136
593398.0000,559764.0000,14,0,2424,2193
593166.0000,622725.0000,14,0,2424,2330
609796.0000,532982.0000,14,0,2424,2066
712648.0000,607541.0000,14,-1,-1,1763
585048.0000,505097.0000,14,0,2424,2094
525967.0000,565687.0000,14,0,2424,2624
660327.0000,585901.0000,14,0,2424,1996
607604.0000,573951.0000,14,0,2424,2141
604001.0000,573587.0000,14,0,2424,2166
591484.0000,571087.0000,14,0,2424,2229
613868.0000,585089.0000,14,0,2424,2137
645464.0000,660478.0000,14,-1,-1,2186
538571.0000,654649.0000,14,-1,-1,2941
555429.0000,604551.0000,14,0,2424,2506
597620.0000,586226.0000,14,0,2424,2236
586097.0000,567445.0000,14,0,2424,2243
545235.0000,539822.0000,14,0,2424,2366
649088.0000,575733.0000,14,0,2424,2012
599123.0000,616977.0000,14,0,2424,2282
563763.0000,559454.0000,14,0,2424,2318
617717.0000,613939.0000,14,0,2424,2205
618869.0000,577243.0000,14,0,2424,2110
567188.0000,560044.0000,14,0,2424,2301
636628.0000,533309.0000,14,0,2424,1980
560362.0000,567914.0000,14,0,2424,2360
595014.0000,632844.0000,14,0,2424,2349
605876.0000,550640.0000,14,0,2424,2108
604352.0000,573425.0000,14,0,2424,2160
600679.0000,599545.0000,14,0,2424,2248
596891.0000,579476.0000,14,0,2424,2226
614943.0000,540976.0000,14,0,2424,2062
604415.0000,571400.0000,14,0,2424,2153
603698.0000,573585.0000,14,0,2424,2171
658199.0000,568743.0000,14,0,2424,1965
598759.0000,582942.0000,14,0,2424,2225
671269.0000,590258.0000,14,0,2424,1956
593317.0000,534085.0000,14,0,2424,2122
657985.0000,453405.0000,13,7,1997,1467
608557.0000,590278.0000,14,0,2424,2194
623004.0000,508050.0000,14,0,2424,1988
601900.0000,569391.0000,14,0,2424,2165
641031.0000,593074.0000,14,0,2424,2064
589658.0000,640498.0000,14,0,2424,2397
567565.0000,573952.0000,14,0,2424,2335
559078.0000,570088.0000,14,0,2424,2374
639431.0000,588155.0000,14,0,2424,2060
566609.0000,537592.0000,14,0,2424,2262
568570.0000,579335.0000,14,0,2424,2343
660650.0000,615038.0000,14,0,2424,2035
667639.0000,571164.0000,14,0,2424,1928
596796.0000,529933.0000,14,0,2424,2099
606111.0000,617846.0000,14,0,2424,2266
616060.0000,590779.0000,14,0,2424,2142
602873.0000,527864.0000,14,0,2424,2077
571334.0000,594145.0000,14,0,2424,2373
602167.0000,543919.0000,14,0,2424,2109
605100.0000,573307.0000,14,0,2424,2158
546640.0000,560043.0000,14,0,2424,2410
585195.0000,555011.0000,14,0,2424,2219
651740.0000,589474.0000,14,0,2424,2029
589112.0000,536573.0000,14,0,2424,2139
582057.0000,543124.0000,14,0,2424,2204
690968.0000,555952.0000,14,0,2424,1726
609030.0000,552436.0000,14,0,2424,2093
632125.0000,541413.0000,14,0,2424,2011
603445.0000,630598.0000,14,0,2424,2298
628264.0000,616214.0000,14,0,2424,2145
577242.0000,574073.0000,14,0,2424,2283
604090.0000,574392.0000,14,0,2424,2172
607911.0000,576556.0000,14,0,2424,2149
600665.0000,638890.0000,14,0,2424,2332
600117.0000,539079.0000,14,0,2424,2107
631182.0000,565466.0000,14,0,2424,2051
695646.0000,652231.0000,14,-1,-1,1989
619445.0000,567491.0000,14,0,2424,2085
613191.0000,571942.0000,14,0,2424,2118
567428.0000,580005.0000,14,0,2424,2355
590583.0000,623314.0000,14,0,2424,2345
606289.0000,670243.0000,14,-1,-1,2392
585175.0000,574133.0000,14,0,2424,2261
634967.0000,579020.0000,14,0,2424,2058
614615.0000,574437.0000,14,0,2424,2115
593061.0000,579188.0000,14,0,2424,2240
606933.0000,576409.0000,14,0,2424,2154
606587.0000,573873.0000,14,0,2424,2148
594084.0000,629464.0000,14,0,2424,2342
683697.0000,581516.0000,14,0,2424,1876
601530.0000,577183.0000,14,0,2424,2197
603055.0000,589818.0000,14,0,2424,2217
616561.0000,619007.0000,14,0,2424,2228
607463.0000,477085.0000,13,0,2424,1987
611581.0000,572630.0000,14,0,2424,2124
579712.0000,568354.0000,14,0,2424,2268
602887.0000,595245.0000,14,0,2424,2232
600039.0000,557139.0000,14,0,2424,2134
605913.0000,579526.0000,14,0,2424,2177
579773.0000,568698.0000,14,0,2424,2270
606324.0000,544357.0000,14,0,2424,2089
605958.0000,573728.0000,14,0,2424,2152
606144.0000,575076.0000,14,0,2424,2156
667472.0000,570571.0000,14,0,2424,1927
580048.0000,565009.0000,14,0,2424,2263
597802.0000,576113.0000,14,0,2424,2209
610263.0000,574422.0000,14,0,2424,2130
603855.0000,575180.0000,14,0,2424,2176
624369.0000,532153.0000,14,0,2424,2022
599870.0000,591110.0000,14,0,2424,2237
577167.0000,617095.0000,14,0,2424,2399
658403.0000,611332.0000,14,0,2424,2037
563460.0000,480559.0000,13,7,1997,2127
610980.0000,522819.0000,14,0,2424,2045
569422.0000,567790.0000,14,0,2424,2311
627727.0000,578737.0000,14,0,2424,2081
592804.0000,584539.0000,14,0,2424,2252
540783.0000,626497.0000,14,0,2424,2843
591823.0000,639096.0000,14,0,2424,2385
637323.0000,549567.0000,14,0,2424,2009
638078.0000,629421.0000,14,0,2424,2129
611315.0000,560757.0000,14,0,2424,2103
647103.0000,573853.0000,14,0,2424,2016
522993.0000,595581.0000,14,0,2424,2859
601187.0000,531825.0000,14,0,2424,2086
533799.0000,564377.0000,14,0,2424,2523
649034.0000,528813.0000,14,0,2424,1914
620975.0000,564344.0000,14,0,2424,2079
622407.0000,583192.0000,14,0,2424,2106
597026.0000,642918.0000,14,0,2424,2367
551291.0000,576721.0000,14,0,2424,2434
608768.0000,610525.0000,14,0,2424,2241
697959.0000,614701.0000,14,-1,-1,1885
658281.0000,582264.0000,14,0,2424,1997
546632.0000,599204.0000,14,0,2424,2569
672565.0000,564468.0000,14,0,2424,1887
636500.0000,587401.0000,14,0,2424,2068
696144.0000,548705.0000,14,0,2424,1606
533551.0000,582247.0000,14,0,2424,2644
526802.0000,551524.0000,14,0,2424,2530
553038.0000,606418.0000,14,0,2424,2542
696601.0000,603624.0000,14,0,2424,1871
588964.0000,597435.0000,14,0,2424,2284
716139.0000,621721.0000,14,-1,-1,1790
608529.0000,586311.0000,14,0,2424,2184
557378.0000,567033.0000,14,0,2424,2375
589994.0000,610890.0000,14,0,2424,2315
589344.0000,563119.0000,14,0,2424,2218
624415.0000,515911.0000,14,0,2424,1999
565483.0000,551512.0000,14,0,2424,2286
584895.0000,574666.0000,14,0,2424,2265
582777.0000,542670.0000,14,0,2424,2201
639394.0000,576728.0000,14,0,2424,2039
608298.0000,573748.0000,14,0,2424,2135
663578.0000,586265.0000,14,0,2424,1978
628080.0000,562986.0000,14,0,2424,2055
597421.0000,554767.0000,14,0,2424,2144
595193.0000,576508.0000,14,0,2424,2227
658103.0000,572250.0000,14,0,2424,1971
659529.0000,498474.0000,14,0,2424,1743
606415.0000,581386.0000,14,0,2424,2181
641976.0000,577433.0000,14,0,2424,2034
587466.0000,564953.0000,14,0,2424,2233
589180.0000,595099.0000,14,0,2424,2277
601885.0000,573083.0000,14,0,2424,2183
580561.0000,528916.0000,14,0,2424,2175
621726.0000,578003.0000,14,0,2424,2095
558817.0000,576255.0000,14,0,2424,2393
620213.0000,574468.0000,14,0,2424,2092
594010.0000,570095.0000,14,0,2424,2215
541976.0000,512639.0000,14,0,2424,2308
593840.0000,578685.0000,14,0,2424,2235
602667.0000,575857.0000,14,0,2424,2187
631446.0000,561156.0000,14,0,2424,2041
596481.0000,567449.0000,14,0,2424,2198
611318.0000,581584.0000,14,0,2424,2143
568546.0000,564911.0000,14,0,2424,2306
593865.0000,572987.0000,14,0,2424,2222
597017.0000,575588.0000,14,0,2424,2213
578804.0000,573582.0000,14,0,2424,2276
673750.0000,594081.0000,14,0,2424,1954
592714.0000,553958.0000,14,0,2424,2179
594029.0000,586701.0000,14,0,2424,2251
668502.0000,563937.0000,14,0,2424,1901
629533.0000,537542.0000,14,0,2424,2014
801539.0000,318482.0000,3,1,610,497
801667.0000,318542.0000,3,1,610,490
814045.0000,332998.0000,3,1,610,379
800479.0000,321640.0000,3,1,610,568
757470.0000,224976.0000,3,-1,-1,421
844536.0000,424646.0000,6,-1,-1,667
797105.0000,316002.0000,3,1,610,579
779956.0000,271501.0000,3,1,610,441
797205.0000,313318.0000,3,1,610,542
801323.0000,316240.0000,3,1,610,468
783666.0000,262902.0000,3,1,610,335
806131.0000,312752.0000,3,1,610,351
830658.0000,368694.0000,3,1,610,398
802482.0000,335269.0000,3,1,610,654
801910.0000,325434.0000,3,1,610,578
808062.0000,337340.0000,3,1,610,575
789833.0000,304422.0000,3,1,610,611
803603.0000,327255.0000,3,1,610,562
800865.0000,312968.0000,3,1,610,440
802237.0000,318526.0000,3,1,610,473
803959.0000,315173.0000,3,1,610,391
800123.0000,312312.0000,3,1,610,446
780927.0000,285057.0000,3,1,610,592
797242.0000,324588.0000,3,1,610,653
801551.0000,320544.0000,3,1,610,531
809182.0000,319115.0000,3,1,610,353
801931.0000,317202.0000,3,1,610,467
870801.0000,476330.0000,6,13,936,666
820327.0000,352701.0000,3,1,610,452
801093.0000,317509.0000,3,1,610,494
798523.0000,324500.0000,3,1,610,638
805237.0000,318655.0000,3,1,610,403
803375.0000,311620.0000,3,1,610,378
801441.0000,323812.0000,3,1,610,572
797313.0000,317527.0000,3,1,610,589
788220.0000,301915.0000,3,1,610,620
790395.0000,300024.0000,3,1,610,547
817135.0000,349925.0000,3,1,610,511
797787.0000,301470.0000,3,1,610,383
804630.0000,332333.0000,3,1,610,596
808710.0000,330379.0000,3,1,610,462
802111.0000,320817.0000,3,1,610,521
796375.0000,309563.0000,3,1,610,523
819768.0000,346596.0000,3,1,610,393
814605.0000,354382.0000,3,1,610,621
800565.0000,319364.0000,3,1,610,536
802089.0000,313456.0000,3,1,610,419
814401.0000,341234.0000,3,1,610,459
796609.0000,319691.0000,3,1,610,631
776131.0000,248465.0000,3,1,610,336
803464.0000,329093.0000,3,1,610,584
802646.0000,317894.0000,3,1,610,458
809550.0000,327365.0000,3,1,610,407
795322.0000,311178.0000,3,1,610,566
830450.0000,393096.0000,3,1,610,658
778414.0000,260729.0000,3,1,610,372
800041.0000,318331.0000,3,1,610,537
802814.0000,320130.0000,3,1,610,479
802738.0000,312234.0000,3,1,610,386
823913.0000,369439.0000,3,1,610,582
803386.0000,318982.0000,3,1,610,451
812869.0000,346251.0000,3,1,610,569
798904.0000,324420.0000,3,1,610,632
800447.0000,331643.0000,3,1,610,656
807446.0000,342555.0000,3,1,610,642
804251.0000,329956.0000,3,1,610,577
797594.0000,302109.0000,3,1,610,387
803448.0000,314797.0000,3,1,610,399
765502.0000,240340.0000,3,1,610,410
795527.0000,315510.0000,3,1,610,608
794640.0000,313497.0000,3,1,610,606
808717.0000,335740.0000,3,1,610,541
790932.0000,305223.0000,3,1,610,597
816852.0000,352965.0000,3,1,610,551
826228.0000,376658.0000,3,1,610,613
795299.0000,312036.0000,3,1,610,576
808686.0000,332209.0000,3,1,610,486
809594.0000,344872.0000,3,1,610,625
799275.0000,324108.0000,3,1,610,622
878184.0000,487392.0000,6,13,936,657
798472.0000,322218.0000,3,1,610,619
824822.0000,367091.0000,3,1,610,533
746769.0000,205186.0000,3,-1,-1,432
756701.0000,207223.0000,3,-1,-1,333
795489.0000,287279.0000,3,1,610,339
800483.0000,320713.0000,3,1,610,555
783491.0000,288029.0000,3,1,610,570
797162.0000,306135.0000,3,1,610,445
800272.0000,316170.0000,3,1,610,502
806827.0000,324616.0000,3,1,610,437
802853.0000,314938.0000,3,1,610,418
800804.0000,316615.0000,3,1,610,487
813173.0000,354777.0000,3,1,610,647
801588.0000,319814.0000,3,1,610,522
797400.0000,315778.0000,3,1,610,571
823840.0000,368410.0000,3,1,610,573
811391.0000,343836.0000,3,1,610,574
801055.0000,321833.0000,3,1,610,554
804038.0000,306622.0000,3,1,610,345
803780.0000,334441.0000,3,1,610,635
834173.0000,386159.0000,3,1,610,540
802784.0000,313853.0000,3,1,610,405
807293.0000,347456.0000,3,1,610,660
817119.0000,336333.0000,3,1,610,363
786635.0000,269352.0000,3,1,610,337
824624.0000,381716.0000,3,1,610,659
797415.0000,319840.0000,3,1,610,617
800772.0000,325023.0000,3,1,610,601
806626.0000,318966.0000,3,1,610,382
800845.0000,311838.0000,3,1,610,425
769386.0000,259892.0000,3,1,610,567
797272.0000,324228.0000,3,1,610,652
807409.0000,325526.0000,3,1,610,433
795836.0000,291870.0000,3,1,610,349
798321.0000,319665.0000,3,1,610,595
805372.0000,313397.0000,3,1,610,366
790738.0000,308028.0000,3,1,610,630
800667.0000,315995.0000,3,1,610,483
795205.0000,316433.0000,3,1,610,627
809054.0000,345541.0000,3,1,610,639
808452.0000,320117.0000,3,1,610,369
779897.0000,279572.0000,3,1,610,550
782642.0000,275308.0000,3,1,610,424
797569.0000,321799.0000,3,1,610,633
801751.0000,318110.0000,3,1,610,481
787644.0000,297715.0000,3,1,610,585
807401.0000,314610.0000,3,1,610,348
800677.0000,310656.0000,3,1,610,420
800394.0000,301473.0000,3,1,610,352
795571.0000,310093.0000,3,1,610,543
814158.0000,335578.0000,3,1,610,396
811913.0000,325091.0000,3,1,610,358
806982.0000,316680.0000,3,1,610,368
775604.0000,274485.0000,3,1,610,591
800133.0000,327081.0000,3,1,610,634
806511.0000,313841.0000,3,1,610,355
803796.0000,314893.0000,3,1,610,392
802012.0000,318315.0000,3,1,610,476
826789.0000,377676.0000,3,1,610,609
814108.0000,344096.0000,3,1,610,514
804354.0000,309671.0000,3,1,610,356
807017.0000,330432.0000,3,1,610,520
803774.0000,334756.0000,3,1,610,637
817410.0000,346944.0000,3,1,610,454
841928.0000,398948.0000,3,1,610,505
816145.0000,349032.0000,3,1,610,525
818622.0000,370753.0000,3,1,610,664
786245.0000,292352.0000,3,1,610,552
784164.0000,285702.0000,3,1,610,526
805390.0000,319676.0000,3,1,610,414
790774.0000,303642.0000,3,1,610,580
803277.0000,319525.0000,3,1,610,461
833182.0000,379714.0000,3,1,610,472
773023.0000,251826.0000,3,1,610,381
801609.0000,320399.0000,3,1,610,528
778965.0000,282290.0000,3,1,610,605
814317.0000,333112.0000,3,1,610,377
805080.0000,323708.0000,3,1,610,469
801080.0000,318049.0000,3,1,610,510
799724.0000,318884.0000,3,1,610,549
798059.0000,316113.0000,3,1,610,558
806176.0000,320301.0000,3,1,610,400
769876.0000,257669.0000,3,1,610,530
825716.0000,373098.0000,3,1,610,583
791983.0000,298565.0000,3,1,610,477
801386.0000,313545.0000,3,1,610,431
804871.0000,317801.0000,3,1,610,402
810903.0000,332925.0000,3,1,610,442
838276.0000,395673.0000,3,1,610,553
810543.0000,341180.0000,3,1,610,563
777978.0000,252419.0000,3,1,610,338
820258.0000,351165.0000,3,1,610,434
801997.0000,319385.0000,3,1,610,496
779437.0000,281959.0000,3,1,610,588
810253.0000,323873.0000,3,1,610,371
794826.0000,309589.0000,3,1,610,557
814280.0000,344223.0000,3,1,610,509
832651.0000,373469.0000,3,1,610,409
794142.0000,306704.0000,3,1,610,538
802041.0000,319504.0000,3,1,610,498
804190.0000,320706.0000,3,1,610,453
798983.0000,325682.0000,3,1,610,641
840462.0000,402858.0000,3,1,610,587
799912.0000,323363.0000,3,1,610,602
804119.0000,328544.0000,3,1,610,564
804358.0000,320802.0000,3,1,610,448
803057.0000,331037.0000,3,1,610,618
803031.0000,325811.0000,3,1,610,556
784151.0000,283760.0000,3,1,610,489
800444.0000,311497.0000,3,1,610,429
802004.0000,317772.0000,3,1,610,470
803470.0000,319069.0000,3,1,610,449
811277.0000,335577.0000,3,1,610,465
803332.0000,315488.0000,3,1,610,411
800037.0000,317963.0000,3,1,610,534
813436.0000,360446.0000,3,1,610,663
800694.0000,316789.0000,3,1,610,495
838129.0000,404012.0000,3,1,610,646
764997.0000,249477.0000,3,1,610,545
800316.0000,311699.0000,3,1,610,438
806848.0000,320541.0000,3,1,610,388
805462.0000,317833.0000,3,1,610,389
798308.0000,312788.0000,3,1,610,515
802655.0000,316263.0000,3,1,610,436
801456.0000,320080.0000,3,1,610,527
801309.0000,318213.0000,3,1,610,501
840886.0000,397888.0000,3,1,610,524
829529.0000,375007.0000,3,1,610,519
830805.0000,370801.0000,3,1,610,422
804979.0000,334141.0000,3,1,610,607
804013.0000,316083.0000,3,1,610,401
808489.0000,317021.0000,3,1,610,350
770113.0000,241615.0000,3,1,610,354
804332.0000,319006.0000,3,1,610,427
833661.0000,389733.0000,3,1,610,593
797834.0000,297329.0000,3,1,610,359
794956.0000,309980.0000,3,1,610,560
801232.0000,307078.0000,3,1,610,376
809552.0000,342258.0000,3,1,610,598
794615.0000,305632.0000,3,1,610,518
809259.0000,345634.0000,3,1,610,636
811502.0000,355939.0000,3,1,610,662
801301.0000,316893.0000,3,1,610,475
803370.0000,318247.0000,3,1,610,443
804702.0000,315881.0000,3,1,610,385
797009.0000,293194.0000,3,1,610,346
813791.0000,334609.0000,3,1,610,390
812965.0000,330224.0000,3,1,610,375
826048.0000,374236.0000,3,1,610,586
800959.0000,322309.0000,3,1,610,565
803405.0000,317316.0000,3,1,610,428
802254.0000,320673.0000,3,1,610,517
783116.0000,265635.0000,3,1,610,347
798633.0000,317300.0000,3,1,610,561
801482.0000,327644.0000,3,1,610,616
798612.0000,326404.0000,3,1,610,649
799001.0000,302014.0000,3,1,610,373
802537.0000,312497.0000,3,1,610,394
799794.0000,315080.0000,3,1,610,500
793892.0000,313943.0000,3,1,610,628
804691.0000,332987.0000,3,1,610,603
793855.0000,298525.0000,3,1,610,430
796952.0000,318633.0000,3,1,610,614
800655.0000,320227.0000,3,1,610,546
801780.0000,318992.0000,3,1,610,499
805977.0000,320805.0000,3,1,610,413
796916.0000,323332.0000,3,1,610,650
820904.0000,351763.0000,3,1,610,426
808405.0000,318841.0000,3,1,610,362
765283.0000,249459.0000,3,1,610,539
824212.0000,363776.0000,3,1,610,504
798981.0000,311092.0000,3,1,610,463
797178.0000,310439.0000,3,1,610,512
800582.0000,316980.0000,3,1,610,508
803839.0000,310353.0000,3,1,610,365
796283.0000,315582.0000,3,1,610,594
801145.0000,317601.0000,3,1,610,492
801662.0000,318423.0000,3,1,610,488
801782.0000,318281.0000,3,1,610,484
803377.0000,319212.0000,3,1,610,456
803932.0000,318781.0000,3,1,610,435
806192.0000,337849.0000,3,1,610,623
789583.0000,287700.0000,3,1,610,406
801586.0000,318947.0000,3,1,610,506
804251.0000,331304.0000,3,1,610,590
799667.0000,316830.0000,3,1,610,532
759789.0000,229116.0000,3,1,610,412
799021.0000,326404.0000,3,1,610,645
793684.0000,312065.0000,3,1,610,612
806320.0000,315242.0000,3,1,610,364
786234.0000,267976.0000,3,1,610,334
821151.0000,366545.0000,3,1,610,610
801903.0000,312794.0000,3,1,610,415
782506.0000,279930.0000,3,1,610,482
803627.0000,319323.0000,3,1,610,447
794991.0000,291216.0000,3,1,610,357
794667.0000,315069.0000,3,1,610,624
799291.0000,317500.0000,3,1,610,544
798243.0000,324160.0000,3,1,610,640
804408.0000,337683.0000,3,1,610,648
818119.0000,348676.0000,3,1,610,460
810502.0000,336169.0000,3,1,610,493
793560.0000,285392.0000,3,1,610,342
801326.0000,315779.0000,3,1,610,464
808644.0000,326320.0000,3,1,610,416
813645.0000,328765.0000,3,1,610,360
800966.0000,317165.0000,3,1,610,491
797111.0000,302781.0000,3,1,610,408
802431.0000,322048.0000,3,1,610,529
811061.0000,333595.0000,3,1,610,444
786719.0000,283364.0000,3,1,610,423
773955.0000,239849.0000,3,1,610,332
803701.0000,321815.0000,3,1,610,478
783110.0000,289805.0000,3,1,610,599
800235.0000,316652.0000,3,1,610,516
807421.0000,317527.0000,3,1,610,367
797947.0000,319734.0000,3,1,610,604
805035.0000,317469.0000,3,1,610,395
801166.0000,322298.0000,3,1,610,559
846693.0000,429031.0000,6,-1,-1,668
801493.0000,322249.0000,3,1,610,548
806087.0000,326636.0000,3,1,610,480
810657.0000,329468.0000,3,1,610,404
801313.0000,300606.0000,3,1,610,341
800390.0000,309948.0000,3,1,610,417
801634.0000,318965.0000,3,1,610,503
799197.0000,314215.0000,3,1,610,507
795254.0000,296488.0000,3,1,610,384
807696.0000,320548.0000,3,1,610,380
800461.0000,326821.0000,3,1,610,626
801174.0000,320442.0000,3,1,610,535
809781.0000,326904.0000,3,1,610,397
826585.0000,366934.0000,3,1,610,474
804429.0000,312164.0000,3,1,610,370
788005.0000,292268.0000,3,1,610,513
801183.0000,316191.0000,3,1,610,471
378274.0000,816341.0000,1,2,4224,4248
406233.0000,813072.0000,1,2,4224,4058
401478.0000,785370.0000,1,2,4224,3965
448651.0000,847994.0000,1,2,4224,3817
434440.0000,822866.0000,1,2,4224,3843
369199.0000,734895.0000,1,2,4224,4032
413241.0000,771595.0000,1,2,4224,3788
369418.0000,733394.0000,1,2,4224,4020
378563.0000,789670.0000,1,2,4224,4186
424190.0000,780052.0000,1,2,4224,3736
415993.0000,776671.0000,1,2,4224,3786
421352.0000,799127.0000,1,2,4224,3854
432656.0000,783776.0000,1,2,4224,3695
383032.0000,788008.0000,1,2,4224,4148
414377.0000,771258.0000,1,2,4224,3777
425260.0000,773661.0000,1,2,4224,3708
469139.0000,810971.0000,1,2,4224,3492
442979.0000,803024.0000,1,2,4224,3691
347079.0000,803582.0000,1,2,4224,4306
412797.0000,803180.0000,1,2,4224,3945
352874.0000,807952.0000,1,2,4224,4297
442286.0000,755194.0000,1,2,4224,3485
416433.0000,786159.0000,1,2,4224,3830
419700.0000,793447.0000,1,2,4224,3841
422961.0000,821595.0000,1,2,4224,3940
400008.0000,789447.0000,1,2,4224,4000
429586.0000,775621.0000,1,2,4224,3687
457561.0000,788245.0000,1,2,4224,3495
415417.0000,785827.0000,1,2,4224,3845
389552.0000,750700.0000,1,2,4224,3921
415598.0000,786499.0000,1,2,4224,3848
443447.0000,783977.0000,1,2,4224,3616
404792.0000,749210.0000,1,2,4224,3766
389392.0000,730768.0000,1,2,4224,3822
473485.0000,847098.0000,1,2,4224,3625
491614.0000,778997.0000,1,2,4224,3359
437483.0000,785130.0000,1,2,4224,3670
452570.0000,848127.0000,1,2,4224,3778
417197.0000,778243.0000,1,2,4224,3780
405986.0000,787439.0000,1,2,4224,3938
437568.0000,794323.0000,1,2,4224,3698
420319.0000,794333.0000,1,2,4224,3839
418963.0000,746595.0000,1,2,4224,3658
469422.0000,822619.0000,1,2,4224,3542
397688.0000,762902.0000,1,2,4224,3903
418149.0000,790096.0000,1,2,4224,3840
407289.0000,798870.0000,1,2,4224,3971
360319.0000,778673.0000,1,2,4224,4239
473799.0000,795167.0000,1,2,4224,3431
445199.0000,763833.0000,1,2,4224,3496
446537.0000,828924.0000,1,2,4224,3752
410019.0000,732704.0000,1,2,4224,3675
396540.0000,815936.0000,1,2,4224,4155
407694.0000,718592.0000,1,2,4224,3637
417091.0000,792545.0000,1,2,4224,3862
442260.0000,754050.0000,1,2,4224,3480
411526.0000,784658.0000,1,2,4224,3881
407814.0000,765816.0000,1,2,4224,3810
394022.0000,803914.0000,1,2,4224,4131
481133.0000,781413.0000,1,2,4224,3380
396118.0000,794614.0000,1,2,4224,4063
458538.0000,786673.0000,1,2,4224,3482
419721.0000,789724.0000,1,2,4224,3811
424476.0000,781552.0000,1,2,4224,3739
377720.0000,727349.0000,1,2,4224,3922
448336.0000,789445.0000,1,2,4224,3596
412227.0000,787450.0000,1,2,4224,3887
408745.0000,824896.0000,1,2,4224,4090
417016.0000,774869.0000,1,2,4224,3772
395274.0000,786698.0000,1,2,4224,4033
412541.0000,806622.0000,1,2,4224,3963
412109.0000,735920.0000,1,2,4224,3674
407023.0000,787385.0000,1,2,4224,3929
376660.0000,815936.0000,1,2,4224,4251
396548.0000,784388.0000,1,2,4224,4007
508535.0000,830710.0000,1,2,4224,3375
414014.0000,816460.0000,1,2,4224,3997
440782.0000,782395.0000,1,2,4224,3628
436951.0000,814456.0000,1,2,4224,3773
393758.0000,750953.0000,1,2,4224,3889
418410.0000,795929.0000,1,2,4224,3867
425991.0000,787029.0000,1,2,4224,3745
414562.0000,787355.0000,1,2,4224,3861
408712.0000,803987.0000,1,2,4224,3985
377858.0000,811790.0000,1,2,4224,4233
417169.0000,792321.0000,1,2,4224,3860
460371.0000,780609.0000,1,2,4224,3448
388873.0000,746909.0000,1,2,4224,3910
395641.0000,808571.0000,1,2,4224,4136
386436.0000,791388.0000,1,2,4224,4137
440667.0000,768761.0000,1,2,4224,3570
438437.0000,730300.0000,1,2,4224,3433
370839.0000,727884.0000,1,2,4224,3980
422917.0000,781112.0000,1,2,4224,3747
391555.0000,789079.0000,1,2,4224,4081
402666.0000,814060.0000,1,2,4224,4095
474368.0000,812039.0000,1,2,4224,3461
406176.0000,760860.0000,1,2,4224,3801
463768.0000,793154.0000,1,2,4224,3468
446307.0000,796523.0000,1,2,4224,3643
402309.0000,786873.0000,1,2,4224,3964
413946.0000,786971.0000,1,2,4224,3866
425053.0000,790566.0000,1,2,4224,3769
416926.0000,785113.0000,1,2,4224,3819
424023.0000,737453.0000,1,2,4224,3582
417447.0000,782955.0000,1,2,4224,3800
415672.0000,787824.0000,1,2,4224,3853
416019.0000,787562.0000,1,2,4224,3849
417515.0000,787648.0000,1,2,4224,3827
459230.0000,803720.0000,1,2,4224,3554
447833.0000,819282.0000,1,2,4224,3710
418199.0000,851439.0000,1,2,4224,4126
417393.0000,771537.0000,1,2,4224,3755
441415.0000,780207.0000,1,2,4224,3618
399634.0000,751940.0000,1,2,4224,3825
373360.0000,784232.0000,1,2,4224,4193
419227.0000,779215.0000,1,2,4224,3771
434717.0000,808225.0000,1,2,4224,3762
397669.0000,792218.0000,1,2,4224,4037
412028.0000,773494.0000,1,2,4224,3807
407504.0000,803363.0000,1,2,4224,3995
365147.0000,790525.0000,1,2,4224,4249
459328.0000,805961.0000,1,2,4224,3572
429472.0000,860855.0000,1,2,4224,4065
480128.0000,785580.0000,1,2,4224,3388
344915.0000,702496.0000,1,-1,-1,4111
410969.0000,770451.0000,1,2,4224,3802
407460.0000,791404.0000,1,2,4224,3941
420476.0000,750495.0000,1,2,4224,3667
397747.0000,792207.0000,1,2,4224,4035
408428.0000,771823.0000,1,2,4224,3844
397806.0000,749559.0000,1,2,4224,3838
426040.0000,825049.0000,1,2,4224,3928
407565.0000,766203.0000,1,2,4224,3815
414317.0000,828815.0000,1,2,4224,4055
410610.0000,765111.0000,1,2,4224,3779
412388.0000,784064.0000,1,2,4224,3868
406337.0000,750353.0000,1,2,4224,3759
422419.0000,754048.0000,1,2,4224,3665
416039.0000,730594.0000,1,2,4224,3619
414512.0000,793966.0000,1,2,4224,3894
398478.0000,822297.0000,1,2,4224,4159
424375.0000,721868.0000,1,2,4224,3491
403890.0000,792420.0000,1,2,4224,3975
400902.0000,772920.0000,1,2,4224,3918
402367.0000,782997.0000,1,2,4224,3947
472917.0000,830363.0000,1,2,4224,3552
418621.0000,840463.0000,1,2,4224,4068
329002.0000,727685.0000,1,-1,-1,4263
418618.0000,811618.0000,1,2,4224,3935
425356.0000,745471.0000,1,2,4224,3607
470922.0000,770669.0000,1,2,4224,3396
400598.0000,790903.0000,1,2,4224,4002
412851.0000,774986.0000,1,2,4224,3805
492415.0000,829655.0000,1,2,4224,3426
400079.0000,749617.0000,1,2,4224,3804
417673.0000,785965.0000,1,2,4224,3812
424720.0000,768456.0000,1,2,4224,3697
386415.0000,801444.0000,1,2,4224,4174
426689.0000,788562.0000,1,2,4224,3746
430747.0000,776261.0000,1,2,4224,3683
405714.0000,781619.0000,1,2,4224,3914
429220.0000,787348.0000,1,2,4224,3727
427850.0000,762201.0000,1,2,4224,3652
434080.0000,785264.0000,1,2,4224,3690
473514.0000,788780.0000,1,2,4224,3422
412386.0000,777312.0000,1,2,4224,3826
430686.0000,844506.0000,1,2,4224,3968
409142.0000,811927.0000,1,2,4224,4019
422198.0000,724557.0000,1,2,4224,3513
392185.0000,713763.0000,1,2,4224,3726
412677.0000,786951.0000,1,2,4224,3882
399149.0000,784376.0000,1,2,4224,3983
382693.0000,749680.0000,1,2,4224,3970
527515.0000,831478.0000,1,-1,-1,3347
448519.0000,805219.0000,1,2,4224,3657
430779.0000,770145.0000,1,2,4224,3660
413556.0000,758080.0000,1,2,4224,3734
392140.0000,769924.0000,1,2,4224,3979
416855.0000,794023.0000,1,2,4224,3873
389713.0000,772742.0000,1,2,4224,4013
398498.0000,776720.0000,1,2,4224,3956
473727.0000,807244.0000,1,2,4224,3449
389410.0000,788256.0000,1,2,4224,4100
377230.0000,790154.0000,1,2,4224,4190
415564.0000,784464.0000,1,2,4224,3832
456799.0000,844976.0000,1,2,4224,3738
444336.0000,820061.0000,1,2,4224,3737
404359.0000,783919.0000,1,2,4224,3937
453154.0000,776082.0000,1,2,4224,3484
425019.0000,759577.0000,1,2,4224,3668
415895.0000,775793.0000,1,2,4224,3782
420083.0000,787815.0000,1,2,4224,3796
506612.0000,858859.0000,1,-1,-1,3428
436648.0000,859634.0000,1,2,4224,3986
403522.0000,785432.0000,1,2,4224,3949
401407.0000,759648.0000,1,2,4224,3856
403852.0000,792473.0000,1,2,4224,3976
367398.0000,701756.0000,1,2,4224,3899
412453.0000,784453.0000,1,2,4224,3869
382124.0000,786262.0000,1,2,4224,4149
416884.0000,786845.0000,1,2,4224,3829
448865.0000,836781.0000,1,2,4224,3767
383821.0000,808301.0000,1,2,4224,4205
414249.0000,796590.0000,1,2,4224,3907
457338.0000,789952.0000,1,2,4224,3501
396276.0000,785999.0000,1,2,4224,4016
390282.0000,789593.0000,1,2,4224,4097
409417.0000,758123.0000,1,2,4224,3763
397561.0000,815245.0000,1,2,4224,4141
397137.0000,742547.0000,1,2,4224,3799
402891.0000,801910.0000,1,2,4224,4034
385257.0000,791581.0000,1,2,4224,4144
409628.0000,833942.0000,1,2,4224,4123
369249.0000,797068.0000,1,2,4224,4244
460942.0000,779073.0000,1,2,4224,3439
423146.0000,737571.0000,1,2,4224,3590
420509.0000,788730.0000,1,2,4224,3797
422736.0000,790806.0000,1,2,4224,3790
401492.0000,790336.0000,1,2,4224,3988
394018.0000,799506.0000,1,2,4224,4109
385140.0000,796221.0000,1,2,4224,4161
430243.0000,781020.0000,1,2,4224,3701
416775.0000,806826.0000,1,2,4224,3931
425796.0000,795608.0000,1,2,4224,3783
411488.0000,837715.0000,1,2,4224,4124
433989.0000,765343.0000,1,2,4224,3617
415806.0000,783594.0000,1,2,4224,3823
417023.0000,771194.0000,1,2,4224,3757
415270.0000,775605.0000,1,2,4224,3787
391163.0000,811977.0000,1,2,4224,4179
405350.0000,762342.0000,1,2,4224,3821
414860.0000,773921.0000,1,2,4224,3784
371779.0000,814715.0000,1,2,4224,4267
415631.0000,805010.0000,1,2,4224,3933
387951.0000,813315.0000,1,2,4224,4196
472691.0000,802678.0000,1,2,4224,3442
471930.0000,844046.0000,1,2,4224,3626
432892.0000,815223.0000,1,2,4224,3808
366654.0000,802105.0000,1,2,4224,4262
411721.0000,717873.0000,1,2,4224,3603
426115.0000,814461.0000,1,2,4224,3884
375997.0000,806621.0000,1,2,4224,4230
385561.0000,718324.0000,1,2,4224,3792
375573.0000,809249.0000,1,2,4224,4241
437958.0000,784801.0000,1,2,4224,3664
363857.0000,784086.0000,1,2,4224,4234
430138.0000,818594.0000,1,2,4224,3864
435085.0000,791564.0000,1,2,4224,3704
414036.0000,742189.0000,1,2,4224,3680
425611.0000,793420.0000,1,2,4224,3776
439793.0000,740773.0000,1,2,4224,3452
467107.0000,817914.0000,1,2,4224,3540
387631.0000,749416.0000,1,2,4224,3932
430001.0000,765803.0000,1,2,4224,3647
384225.0000,784381.0000,1,2,4224,4130
417146.0000,822655.0000,1,2,4224,3996
427371.0000,819417.0000,1,2,4224,3892
399587.0000,792459.0000,1,2,4224,4015
474648.0000,778810.0000,1,2,4224,3397
345692.0000,788190.0000,1,2,4224,4290
409515.0000,756149.0000,1,2,4224,3756
469782.0000,780552.0000,1,2,4224,3417
468229.0000,827985.0000,1,2,4224,3593
414951.0000,852935.0000,1,2,4224,4156
409701.0000,750741.0000,1,2,4224,3735
442826.0000,795974.0000,1,2,4224,3671
459556.0000,818479.0000,1,2,4224,3622
423311.0000,813081.0000,1,2,4224,3902
476144.0000,772131.0000,1,2,4224,3382
391976.0000,789416.0000,1,2,4224,4077
448649.0000,813885.0000,1,2,4224,3689
496658.0000,816784.0000,1,2,4224,3385
410336.0000,767856.0000,1,2,4224,3794
430167.0000,811490.0000,1,2,4224,3820
357467.0000,797530.0000,1,2,4224,4277
404220.0000,785798.0000,1,2,4224,3943
446368.0000,763341.0000,1,2,4224,3486
439514.0000,758221.0000,1,2,4224,3510
424145.0000,743433.0000,1,2,4224,3610
470062.0000,771204.0000,1,2,4224,3401
421187.0000,779726.0000,1,2,4224,3758
396617.0000,801039.0000,1,2,4224,4092
394708.0000,739061.0000,1,2,4224,3806
394912.0000,755947.0000,1,2,4224,3896
425950.0000,788228.0000,1,2,4224,3753
408283.0000,806161.0000,1,2,4224,4003
419520.0000,778231.0000,1,2,4224,3764
441950.0000,785934.0000,1,2,4224,3634
409814.0000,836083.0000,1,2,4224,4133
395817.0000,788858.0000,1,2,4224,4040
422776.0000,808328.0000,1,2,4224,3886
363959.0000,810632.0000,1,2,4224,4278
422943.0000,804253.0000,1,2,4224,3863
407626.0000,771304.0000,1,2,4224,3852
347933.0000,797148.0000,1,2,4224,4296
457554.0000,795861.0000,1,2,4224,3520
394274.0000,837428.0000,1,2,4224,4223
445674.0000,768552.0000,1,2,4224,3508
416359.0000,786189.0000,1,2,4224,3836
419485.0000,804779.0000,1,2,4224,3897
376176.0000,795539.0000,1,2,4224,4216
349378.0000,805118.0000,1,2,4224,4301
456566.0000,743012.0000,1,2,4224,3398
484407.0000,809641.0000,1,2,4224,3418
403329.0000,717870.0000,1,2,4224,3672
392795.0000,817694.0000,1,2,4224,4184
372621.0000,772258.0000,1,2,4224,4165
461751.0000,817277.0000,1,2,4224,3604
489182.0000,773934.0000,1,2,4224,3358
427388.0000,815258.0000,1,2,4224,3875
418155.0000,819422.0000,1,2,4224,3967
437035.0000,755506.0000,1,2,4224,3526
416444.0000,783624.0000,1,2,4224,3813
777811.0000,751059.0000,5,3,1809,1823
823974.0000,725025.0000,5,3,1809,1175
749723.0000,781756.0000,5,3,1809,2024
875160.0000,698897.0000,5,3,1809,988
828194.0000,742074.0000,5,3,1809,1217
800913.0000,749332.0000,5,3,1809,1541
831165.0000,783383.0000,5,3,1809,1403
793019.0000,764859.0000,5,3,1809,1751
810467.0000,706465.0000,5,3,1809,1214
803540.0000,754792.0000,5,3,1809,1544
844662.0000,654835.0000,5,3,1809,993
803962.0000,731228.0000,5,3,1809,1412
823065.0000,733789.0000,5,3,1809,1230
822156.0000,732296.0000,5,3,1809,1233
811389.0000,723618.0000,5,3,1809,1312
779936.0000,774397.0000,5,3,1809,1881
854769.0000,713941.0000,5,3,1809,1031
803457.0000,735855.0000,5,3,1809,1435
790712.0000,745884.0000,5,3,1809,1687
815652.0000,733433.0000,5,3,1809,1318
841289.0000,701474.0000,5,3,1809,1053
832054.0000,751330.0000,5,3,1809,1227
786032.0000,701427.0000,5,3,1809,1437
824835.0000,704997.0000,5,3,1809,1111
832886.0000,781206.0000,5,3,1809,1378
818063.0000,797960.0000,5,3,1809,1670
857620.0000,709386.0000,5,3,1809,1018
828589.0000,652430.0000,5,3,1809,1020
836727.0000,737798.0000,5,3,1809,1138
776000.0000,780347.0000,5,3,1809,1913
824098.0000,714042.0000,5,3,1809,1143
830583.0000,710990.0000,5,3,1809,1095
862189.0000,735684.0000,5,3,1809,1037
815131.0000,704478.0000,5,3,1809,1166
828478.0000,655405.0000,5,3,1809,1021
784838.0000,771499.0000,5,3,1809,1848
880362.0000,706363.0000,5,3,1809,986
767482.0000,727417.0000,5,3,1809,1808
825070.0000,734215.0000,5,3,1809,1208
813781.0000,738344.0000,5,3,1809,1350
840863.0000,737972.0000,5,3,1809,1114
840943.0000,739611.0000,5,3,1809,1118
828276.0000,762021.0000,5,3,1809,1332
822883.0000,728314.0000,5,3,1809,1201
854886.0000,769396.0000,5,3,1809,1129
829623.0000,732301.0000,5,3,1809,1162
835428.0000,731189.0000,5,3,1809,1130
818338.0000,800932.0000,5,3,1809,1690
823417.0000,701523.0000,5,3,1809,1108
812152.0000,689907.0000,5,3,1809,1142
829969.0000,699565.0000,5,3,1809,1075
861563.0000,661642.0000,5,3,1809,978
816955.0000,747629.0000,5,3,1809,1363
774526.0000,757135.0000,5,3,1809,1863
803577.0000,712231.0000,5,3,1809,1326
798056.0000,714380.0000,5,3,1809,1393
881789.0000,727577.0000,5,3,1809,992
858867.0000,700187.0000,5,3,1809,1003
834996.0000,728517.0000,5,3,1809,1125
839121.0000,736259.0000,5,3,1809,1120
841045.0000,738224.0000,5,3,1809,1112
840100.0000,728839.0000,5,3,1809,1094
874544.0000,686096.0000,5,3,1809,977
862334.0000,747768.0000,5,3,1809,1059
820253.0000,714625.0000,5,3,1809,1165
817862.0000,732248.0000,5,3,1809,1288
844729.0000,682981.0000,5,3,1809,1016
846484.0000,719360.0000,5,3,1809,1060
793669.0000,724513.0000,5,3,1809,1483
821906.0000,732848.0000,5,3,1809,1242
826465.0000,646980.0000,5,3,1809,1017
820350.0000,748217.0000,5,3,1809,1341
814540.0000,707227.0000,5,3,1809,1179
838223.0000,766380.0000,5,3,1809,1246
869471.0000,745767.0000,5,3,1809,1035
816054.0000,733183.0000,5,3,1809,1314
801177.0000,737548.0000,5,3,1809,1468
848783.0000,748980.0000,5,3,1809,1097
814105.0000,723255.0000,5,3,1809,1275
838036.0000,749612.0000,5,3,1809,1164
840270.0000,725456.0000,5,3,1809,1088
789601.0000,714058.0000,5,3,1809,1464
827169.0000,708345.0000,5,3,1809,1107
789448.0000,738035.0000,5,3,1809,1649
835030.0000,668528.0000,5,3,1809,1022
848151.0000,741869.0000,5,3,1809,1089
816091.0000,747764.0000,5,3,1809,1375
801511.0000,761094.0000,5,3,1809,1637
822670.0000,689090.0000,5,3,1809,1086
873672.0000,734440.0000,5,3,1809,1010
808153.0000,737136.0000,5,3,1809,1402
755829.0000,751858.0000,5,3,1809,1944
814697.0000,729209.0000,5,3,1809,1305
832758.0000,707452.0000,5,3,1809,1082
848264.0000,762550.0000,5,3,1809,1145
799903.0000,784535.0000,5,3,1809,1775
802674.0000,727804.0000,5,3,1809,1407
828147.0000,808738.0000,5,3,1809,1590
820707.0000,705318.0000,5,3,1809,1137
824594.0000,741664.0000,5,3,1809,1264
804474.0000,747122.0000,5,3,1809,1493
823108.0000,733302.0000,5,3,1809,1225
839514.0000,728923.0000,5,3,1809,1096
827711.0000,732798.0000,5,3,1809,1177
851644.0000,721350.0000,5,3,1809,1048
816390.0000,711340.0000,5,3,1809,1181
798007.0000,723995.0000,5,3,1809,1432
790612.0000,738038.0000,5,3,1809,1621
821909.0000,728448.0000,5,3,1809,1211
865754.0000,723314.0000,5,3,1809,1014
735295.0000,814058.0000,4,14,3171,2116
877711.0000,703850.0000,5,3,1809,987
792990.0000,685472.0000,5,3,1809,1302
809917.0000,762429.0000,5,3,1809,1515
789388.0000,712210.0000,5,3,1809,1455
879221.0000,655497.0000,5,3,1809,948
876935.0000,684572.0000,5,3,1809,971
819439.0000,735945.0000,5,3,1809,1294
807929.0000,730950.0000,5,3,1809,1371
850451.0000,764015.0000,5,3,1809,1136
811748.0000,766105.0000,5,3,1809,1516
824765.0000,761114.0000,5,3,1809,1354
848586.0000,789052.0000,5,3,1809,1262
812231.0000,739235.0000,5,3,1809,1369
873532.0000,712802.0000,5,3,1809,995
842590.0000,716861.0000,5,3,1809,1062
832798.0000,734777.0000,5,3,1809,1152
817640.0000,730018.0000,5,3,1809,1273
824322.0000,744720.0000,5,3,1809,1285
777697.0000,798253.0000,5,3,1809,1953
868493.0000,677155.0000,5,3,1809,979
805658.0000,698630.0000,5,3,1809,1224
840349.0000,790707.0000,5,3,1809,1348
796953.0000,726378.0000,5,3,1809,1451
832589.0000,782799.0000,5,3,1809,1392
817441.0000,709397.0000,5,3,1809,1168
856029.0000,730586.0000,5,3,1809,1051
805089.0000,762512.0000,5,3,1809,1582
854628.0000,773470.0000,5,3,1809,1139
846090.0000,651306.0000,5,3,1809,991
796943.0000,674692.0000,5,3,1809,1191
827192.0000,785316.0000,5,3,1809,1445
818209.0000,719382.0000,5,3,1809,1203
795200.0000,786424.0000,5,3,1809,1827
817777.0000,724927.0000,5,3,1809,1243
846512.0000,683647.0000,5,3,1809,1013
825080.0000,746712.0000,5,3,1809,1290
824674.0000,806300.0000,5,3,1809,1631
822616.0000,735941.0000,5,3,1809,1249
805391.0000,732659.0000,5,3,1809,1405
823250.0000,732088.0000,5,3,1809,1216
850376.0000,739749.0000,5,3,1809,1073
821337.0000,733356.0000,5,3,1809,1248
796786.0000,724615.0000,5,3,1809,1444
862425.0000,741010.0000,5,3,1809,1046
825690.0000,703854.0000,5,3,1809,1099
800872.0000,672603.0000,5,3,1809,1156
825395.0000,715780.0000,5,3,1809,1141
843911.0000,730036.0000,5,3,1809,1083
820238.0000,732928.0000,5,3,1809,1263
848570.0000,703697.0000,5,3,1809,1034
825515.0000,738284.0000,5,3,1809,1226
820367.0000,732364.0000,5,3,1809,1256
822025.0000,749214.0000,5,3,1809,1328
837718.0000,761480.0000,5,3,1809,1219
871723.0000,685520.0000,5,3,1809,981
850904.0000,720163.0000,5,3,1809,1049
816775.0000,739989.0000,5,3,1809,1338
822103.0000,732911.0000,5,3,1809,1240
815455.0000,755486.0000,5,3,1809,1419
835648.0000,756631.0000,5,3,1809,1215
868626.0000,737331.0000,5,3,1809,1025
825997.0000,730652.0000,5,3,1809,1183
817252.0000,730254.0000,5,3,1809,1283
877906.0000,722361.0000,5,3,1809,996
808440.0000,729985.0000,5,3,1809,1360
791470.0000,751113.0000,5,3,1809,1711
841654.0000,764836.0000,5,3,1809,1196
825429.0000,732758.0000,5,3,1809,1197
751215.0000,828365.0000,4,14,3171,2082
804706.0000,788001.0000,5,3,1809,1750
820194.0000,734233.0000,5,3,1809,1270
869991.0000,705259.0000,5,3,1809,994
809779.0000,663654.0000,5,3,1809,1087
822078.0000,711840.0000,5,3,1809,1148
866139.0000,717138.0000,5,3,1809,1009
829379.0000,718721.0000,5,3,1809,1128
837582.0000,763266.0000,5,3,1809,1237
783999.0000,732487.0000,5,3,1809,1685
800231.0000,732106.0000,5,3,1809,1449
862569.0000,719773.0000,5,3,1809,1019
838764.0000,652792.0000,5,3,1809,999
849343.0000,713993.0000,5,3,1809,1045
828297.0000,715480.0000,5,3,1809,1126
821259.0000,750089.0000,5,3,1809,1342
874643.0000,729921.0000,5,3,1809,1001
819058.0000,729125.0000,5,3,1809,1253
817018.0000,729596.0000,5,3,1809,1280
797804.0000,715342.0000,5,3,1809,1400
838515.0000,768484.0000,5,3,1809,1257
829398.0000,724900.0000,5,3,1809,1144
754841.0000,796342.0000,5,3,1809,2031
878690.0000,739021.0000,5,3,1809,1002
821908.0000,732077.0000,5,3,1809,1236
786495.0000,759000.0000,5,3,1809,1781
823987.0000,687499.0000,5,3,1809,1074
787988.0000,741203.0000,5,3,1809,1695
839339.0000,726322.0000,5,3,1809,1091
822425.0000,727248.0000,5,3,1809,1199
854412.0000,725575.0000,5,3,1809,1047
788351.0000,737539.0000,5,3,1809,1662
838587.0000,700545.0000,5,3,1809,1058
840425.0000,762290.0000,5,3,1809,1195
817395.0000,734126.0000,5,3,1809,1304
807913.0000,737341.0000,5,3,1809,1404
872285.0000,750708.0000,5,3,1809,1033
788166.0000,702817.0000,5,3,1809,1425
836225.0000,709204.0000,5,3,1809,1067
822293.0000,786837.0000,5,3,1809,1513
888892.0000,702505.0000,5,3,1809,966
822623.0000,745025.0000,5,3,1809,1306
795124.0000,696429.0000,5,3,1809,1334
832238.0000,725434.0000,5,3,1809,1132
815593.0000,689874.0000,5,3,1809,1124
843572.0000,784897.0000,5,3,1809,1296
833716.0000,758772.0000,5,3,1809,1255
822474.0000,780882.0000,5,3,1809,1477
801102.0000,759330.0000,5,3,1809,1628
841752.0000,731595.0000,5,3,1809,1092
808779.0000,732990.0000,5,3,1809,1374
822533.0000,758955.0000,5,3,1809,1365
817807.0000,715863.0000,5,3,1809,1189
837977.0000,728814.0000,5,3,1809,1102
801204.0000,755177.0000,5,3,1809,1589
819628.0000,810748.0000,5,3,1809,1724
814732.0000,734183.0000,5,3,1809,1325
832086.0000,716249.0000,5,3,1809,1098
876503.0000,659112.0000,5,3,1809,955
823856.0000,749355.0000,5,3,1809,1316
819737.0000,737829.0000,5,3,1809,1298
818756.0000,743887.0000,5,3,1809,1337
811971.0000,664520.0000,5,3,1809,1077
801526.0000,705057.0000,5,3,1809,1317
827031.0000,734324.0000,5,3,1809,1190
843891.0000,721571.0000,5,3,1809,1063
810460.0000,735109.0000,5,3,1809,1366
782368.0000,759352.0000,5,3,1809,1819
801172.0000,715857.0000,5,3,1809,1361
866928.0000,716961.0000,5,3,1809,1005
829673.0000,730398.0000,5,3,1809,1158
850888.0000,736810.0000,5,3,1809,1065
786935.0000,732999.0000,5,3,1809,1648
769656.0000,721159.0000,5,3,1809,1768
804925.0000,735492.0000,5,3,1809,1421
870054.0000,738900.0000,5,3,1809,1023
818932.0000,728481.0000,5,3,1809,1247
853692.0000,746285.0000,5,3,1809,1072
807072.0000,687932.0000,5,3,1809,1163
750459.0000,800215.0000,5,-1,-1,2048
823959.0000,737866.0000,5,3,1809,1245
835804.0000,710711.0000,5,3,1809,1071
790206.0000,747165.0000,5,3,1809,1704
813092.0000,739043.0000,5,3,1809,1358
801810.0000,728106.0000,5,3,1809,1416
825404.0000,733788.0000,5,3,1809,1204
820947.0000,730529.0000,5,3,1809,1239
827081.0000,694553.0000,5,3,1809,1078
822664.0000,720677.0000,5,3,1809,1171
768565.0000,762193.0000,5,3,1809,1899
823113.0000,733720.0000,5,3,1809,1229
821079.0000,800206.0000,5,3,1809,1639
828531.0000,731300.0000,5,3,1809,1167
820757.0000,738235.0000,5,3,1809,1291
781260.0000,737962.0000,5,3,1809,1738
819438.0000,662327.0000,5,3,1809,1057
833504.0000,744564.0000,5,3,1809,1178
789552.0000,731946.0000,5,3,1809,1588
822843.0000,763117.0000,5,3,1809,1388
775555.0000,719683.0000,5,3,1809,1712
865084.0000,713697.0000,5,3,1809,1006
820455.0000,729132.0000,5,3,1809,1235
849547.0000,738979.0000,5,3,1809,1076
762269.0000,792243.0000,5,3,1809,2004
821464.0000,700760.0000,5,3,1809,1116
824013.0000,753991.0000,5,3,1809,1335
803369.0000,698753.0000,5,3,1809,1258
823589.0000,728083.0000,5,3,1809,1193
796353.0000,710294.0000,5,3,1809,1387
820083.0000,728310.0000,5,3,1809,1234
829133.0000,735488.0000,5,3,1809,1176
823455.0000,747394.0000,5,3,1809,1310
818542.0000,740451.0000,5,3,1809,1323
809623.0000,734937.0000,5,3,1809,1376
841762.0000,777572.0000,5,3,1809,1272
802184.0000,751958.0000,5,3,1809,1543
803874.0000,675499.0000,5,3,1809,1147
830065.0000,739162.0000,5,3,1809,1185
824140.0000,729074.0000,5,3,1809,1192
852730.0000,769968.0000,5,3,1809,1140
866760.0000,753547.0000,5,3,1809,1054
811031.0000,703822.0000,5,3,1809,1194
825414.0000,734466.0000,5,3,1809,1206
816615.0000,770855.0000,5,3,1809,1490
786227.0000,765634.0000,5,3,1809,1813
817269.0000,733788.0000,5,3,1809,1303
809453.0000,736879.0000,5,3,1809,1391
757421.0000,774445.0000,5,3,1809,1986
818251.0000,731938.0000,5,3,1809,1277
788020.0000,765562.0000,5,3,1809,1798
823618.0000,734216.0000,5,3,1809,1223
812295.0000,728049.0000,5,3,1809,1322
837545.0000,696979.0000,5,3,1809,1056
797918.0000,694723.0000,5,3,1809,1300
822224.0000,742716.0000,5,3,1809,1297
821895.0000,732158.0000,5,3,1809,1238
797233.0000,713358.0000,5,3,1809,1397
800258.0000,733812.0000,5,3,1809,1456
813319.0000,737376.0000,5,3,1809,1349
860951.0000,162251.0000,15,4,265,133
860387.0000,157731.0000,15,4,265,126
857363.0000,154639.0000,15,4,265,131
863391.0000,126214.0000,15,4,265,51
839094.0000,159543.0000,15,4,265,236
849248.0000,164090.0000,15,4,265,202
875990.0000,133950.0000,15,4,265,33
905936.0000,150106.0000,15,4,265,7
895835.0000,123485.0000,15,4,265,3
818079.0000,108536.0000,15,4,265,217
898976.0000,198452.0000,15,4,265,53
869087.0000,153957.0000,15,4,265,77
849653.0000,143827.0000,15,4,265,146
834293.0000,161575.0000,15,4,265,260
844234.0000,153197.0000,15,4,265,200
835128.0000,212354.0000,15,4,265,305
828179.0000,155649.0000,15,4,265,264
875410.0000,128878.0000,15,4,265,27
850965.0000,156224.0000,15,4,265,166
800816.0000,176612.0000,15,4,265,319
832621.0000,150748.0000,15,4,265,249
876863.0000,176593.0000,15,4,265,89
826192.0000,172906.0000,15,4,265,286
862679.0000,188399.0000,15,4,265,198
839974.0000,154358.0000,15,4,265,223
854338.0000,135067.0000,15,4,265,98
855233.0000,141357.0000,15,4,265,107
850538.0000,160159.0000,15,4,265,188
868442.0000,160118.0000,15,4,265,91
888714.0000,205560.0000,15,4,265,102
864185.0000,161232.0000,15,4,265,118
851280.0000,156049.0000,15,4,265,164
875825.0000,204959.0000,15,4,265,165
840375.0000,155757.0000,15,4,265,225
892340.0000,149050.0000,15,4,265,20
873527.0000,126426.0000,15,4,265,29
836433.0000,200181.0000,15,4,265,293
826499.0000,142732.0000,15,4,265,257
854922.0000,159650.0000,15,4,265,154
883537.0000,210648.0000,15,4,265,144
807420.0000,168787.0000,15,4,265,312
840299.0000,118907.0000,15,4,265,129
834602.0000,213597.0000,15,4,265,307
864053.0000,139325.0000,15,4,265,68
856454.0000,117143.0000,15,4,265,56
857972.0000,160214.0000,15,4,265,145
850046.0000,108829.0000,15,4,265,60
804936.0000,148980.0000,15,4,265,302
864374.0000,150149.0000,15,4,265,86
858587.0000,150101.0000,15,4,265,117
870247.0000,121460.0000,15,4,265,32
855656.0000,162100.0000,15,4,265,157
850176.0000,127908.0000,15,4,265,101
850057.0000,157848.0000,15,4,265,183
828005.0000,145089.0000,15,4,265,256
861994.0000,160156.0000,15,4,265,124
849537.0000,157510.0000,15,4,265,185
867125.0000,168762.0000,15,4,265,123
838142.0000,156770.0000,15,4,265,233
847644.0000,164348.0000,15,4,265,213
856349.0000,158150.0000,15,4,265,148
860606.0000,152843.0000,15,4,265,114
869288.0000,168662.0000,15,4,265,105
838328.0000,185708.0000,15,4,265,276
860986.0000,140320.0000,15,4,265,79
829229.0000,143653.0000,15,4,265,248
866051.0000,172932.0000,15,4,265,136
871556.0000,194747.0000,15,4,265,161
865489.0000,161762.0000,15,4,265,108
851840.0000,110475.0000,15,4,265,57
846256.0000,154064.0000,15,4,265,192
836081.0000,178429.0000,15,4,265,273
859707.0000,202806.0000,15,4,265,245
849938.0000,156042.0000,15,4,265,180
894124.0000,202052.0000,15,4,265,73
864325.0000,170593.0000,15,4,265,138
848108.0000,161786.0000,15,4,265,201
817619.0000,181929.0000,15,4,265,309
858058.0000,196183.0000,15,4,265,232
861242.0000,161722.0000,15,4,265,130
885793.0000,172115.0000,15,4,265,52
850577.0000,157049.0000,15,4,265,175
877125.0000,161227.0000,15,4,265,58
883864.0000,111281.0000,15,4,265,9
891699.0000,170415.0000,15,4,265,36
802394.0000,87835.0000,15,4,265,238
862759.0000,157988.0000,15,4,265,116
824185.0000,167369.0000,15,4,265,284
813124.0000,157130.0000,15,4,265,294
840335.0000,164912.0000,15,4,265,246
858042.0000,178196.0000,15,4,265,195
846257.0000,145306.0000,15,4,265,162
858516.0000,151301.0000,15,4,265,122
851282.0000,153750.0000,15,4,265,160
905005.0000,164126.0000,15,4,265,13
857309.0000,139276.0000,15,4,265,94
845589.0000,192916.0000,15,4,265,267
895245.0000,150977.0000,15,4,265,17
863995.0000,150435.0000,15,4,265,87
862642.0000,159379.0000,15,4,265,120
861631.0000,169376.0000,15,4,265,149
858934.0000,162874.0000,15,4,265,147
912023.0000,160368.0000,15,4,265,6
842824.0000,177832.0000,15,4,265,259
824560.0000,133679.0000,15,4,265,247
842281.0000,175525.0000,15,4,265,258
860845.0000,155375.0000,15,4,265,119
841096.0000,188742.0000,15,4,265,274
821428.0000,153468.0000,15,4,265,277
840357.0000,169437.0000,15,4,265,254
827802.0000,189078.0000,15,4,265,298
844734.0000,164570.0000,15,4,265,226
847812.0000,114745.0000,15,4,265,80
887269.0000,166179.0000,15,4,265,42
830159.0000,134329.0000,15,4,265,222
850925.0000,157811.0000,15,4,265,177
847276.0000,121785.0000,15,4,265,100
870599.0000,149782.0000,15,4,265,61
780153.0000,136449.0000,15,4,265,320
814379.0000,132655.0000,15,4,265,268
834483.0000,173379.0000,15,4,265,270
852423.0000,159874.0000,15,4,265,170
854012.0000,157449.0000,15,4,265,153
883375.0000,158482.0000,15,4,265,43
850219.0000,110573.0000,15,4,265,65
836450.0000,151205.0000,15,4,265,230
881217.0000,172320.0000,15,4,265,66
813239.0000,139752.0000,15,4,265,279
871255.0000,140340.0000,15,4,265,50
789356.0000,159383.0000,15,4,265,322
873690.0000,156226.0000,15,4,265,63
858834.0000,149259.0000,15,4,265,112
778867.0000,140736.0000,15,4,265,324
872057.0000,122354.0000,15,4,265,28
882097.0000,161493.0000,15,4,265,49
787336.0000,144875.0000,15,4,265,318
849751.0000,167033.0000,15,4,265,208
843833.0000,170416.0000,15,4,265,242
850663.0000,157840.0000,15,4,265,182
812240.0000,177846.0000,15,4,265,311
838609.0000,140215.0000,15,4,265,197
850959.0000,157920.0000,15,4,265,178
859703.0000,156782.0000,15,4,265,127
854753.0000,190254.0000,15,4,265,235
895723.0000,126593.0000,15,4,265,4
857833.0000,170565.0000,15,4,265,169
850200.0000,164752.0000,15,4,265,199
845303.0000,150476.0000,15,4,265,190
877422.0000,134877.0000,15,4,265,30
850153.0000,155701.0000,15,4,265,173
819256.0000,201704.0000,15,4,265,315
871689.0000,155981.0000,15,4,265,70
818014.0000,140185.0000,15,4,265,269
815298.0000,167390.0000,15,4,265,300
864088.0000,171351.0000,15,4,265,142
902529.0000,162041.0000,15,4,265,15
908069.0000,146564.0000,15,4,265,2
799326.0000,106384.0000,15,4,265,275
854996.0000,81095.0000,15,4,265,25
843813.0000,182032.0000,15,4,265,263
888504.0000,147016.0000,15,4,265,24
877964.0000,242679.0000,15,4,265,252
851866.0000,156896.0000,15,4,265,163
821361.0000,175823.0000,15,4,265,297
810775.0000,160434.0000,15,4,265,301
843150.0000,156573.0000,15,4,265,214
844088.0000,150085.0000,15,4,265,193
830620.0000,117906.0000,15,4,265,181
835790.0000,127898.0000,15,4,265,179
819541.0000,117296.0000,15,4,265,229
858703.0000,157931.0000,15,4,265,135
857846.0000,153281.0000,15,4,265,128
876408.0000,183646.0000,15,4,265,109
842576.0000,153072.0000,15,4,265,209
848974.0000,199427.0000,15,4,265,266
862925.0000,243856.0000,15,4,265,283
856561.0000,128799.0000,15,4,265,76
834171.0000,189042.0000,15,4,265,287
872516.0000,217570.0000,15,4,265,219
869167.0000,105039.0000,15,4,265,21
819670.0000,183364.0000,15,4,265,306
846575.0000,159002.0000,15,4,265,203
895127.0000,152283.0000,15,4,265,18
830445.0000,186055.0000,15,4,265,290
792179.0000,148539.0000,15,4,265,316
852410.0000,187705.0000,15,4,265,243
853554.0000,158012.0000,15,4,265,158
927170.0000,250593.0000,15,-1,-1,48
825605.0000,167750.0000,15,4,265,281
846731.0000,162515.0000,15,4,265,212
878170.0000,123364.0000,15,4,265,23
884966.0000,133900.0000,15,4,265,19
866987.0000,154415.0000,15,4,265,82
846284.0000,113820.0000,15,4,265,83
873474.0000,159567.0000,15,4,265,71
878258.0000,158631.0000,15,4,265,55
882306.0000,173836.0000,15,4,265,64
856924.0000,169071.0000,15,4,265,172
794260.0000,129843.0000,15,4,265,303
851568.0000,114049.0000,15,4,265,67
868736.0000,179354.0000,15,4,265,139
925732.0000,210388.0000,15,4,265,16
868375.0000,161990.0000,15,4,265,96
855593.0000,161003.0000,15,4,265,155
849599.0000,157084.0000,15,4,265,184
868317.0000,177001.0000,15,4,265,134
800304.0000,163436.0000,15,4,265,314
823740.0000,169808.0000,15,4,265,289
856202.0000,158811.0000,15,4,265,150
883929.0000,121705.0000,15,4,265,12
851010.0000,157593.0000,15,4,265,174
872506.0000,157517.0000,15,4,265,69
850533.0000,160136.0000,15,4,265,187
816393.0000,185056.0000,15,4,265,310
850911.0000,157772.0000,15,4,265,176
812942.0000,85345.0000,15,4,265,186
835581.0000,147664.0000,15,4,265,228
913298.0000,162009.0000,15,4,265,5
858172.0000,137586.0000,15,4,265,84
872781.0000,154295.0000,15,4,265,62
871597.0000,185239.0000,15,4,265,140
923120.0000,170161.0000,15,4,265,1
837019.0000,215527.0000,15,4,265,304
835702.0000,176502.0000,15,4,265,272
837017.0000,154170.0000,15,4,265,231
859177.0000,143273.0000,15,4,265,95
866851.0000,129505.0000,15,4,265,46
855852.0000,134834.0000,15,4,265,88
924289.0000,171369.0000,15,4,265,0
860154.0000,113364.0000,15,4,265,44
836739.0000,162321.0000,15,4,265,255
850775.0000,162968.0000,15,4,265,191
884750.0000,154317.0000,15,4,265,35
849681.0000,125345.0000,15,4,265,97
854463.0000,159977.0000,15,4,265,159
883567.0000,161769.0000,15,4,265,45
848137.0000,87922.0000,15,4,265,41
823676.0000,152154.0000,15,4,265,271
848135.0000,130674.0000,15,4,265,121
844400.0000,150812.0000,15,4,265,194
864494.0000,136669.0000,15,4,265,59
878157.0000,210496.0000,15,4,265,168
851088.0000,157432.0000,15,4,265,171
786528.0000,104976.0000,15,4,265,295
860106.0000,157080.0000,15,4,265,125
861412.0000,205239.0000,15,4,265,240
820675.0000,168154.0000,15,4,265,291
834036.0000,144156.0000,15,4,265,227
842907.0000,133992.0000,15,4,265,152
846720.0000,162060.0000,15,4,265,211
871544.0000,144135.0000,15,4,265,54
849003.0000,115373.0000,15,4,265,78
856753.0000,145184.0000,15,4,265,113
839757.0000,190518.0000,15,4,265,278
865113.0000,161302.0000,15,4,265,110
846936.0000,161313.0000,15,4,265,207
845802.0000,172285.0000,15,4,265,234
844357.0000,163402.0000,15,4,265,224
881106.0000,105566.0000,15,4,265,8
877835.0000,151890.0000,15,4,265,47
839445.0000,149778.0000,15,4,265,215
866560.0000,165110.0000,15,4,265,115
845798.0000,213118.0000,15,4,265,288
818668.0000,120458.0000,15,4,265,241
831446.0000,182864.0000,15,4,265,285
900955.0000,185733.0000,15,4,265,34
836647.0000,167267.0000,15,4,265,262
874672.0000,104851.0000,15,4,265,14
849126.0000,121710.0000,15,4,265,90
889142.0000,154467.0000,15,4,265,26
855993.0000,225023.0000,15,4,265,280
854095.0000,158510.0000,15,4,265,156
850787.0000,125678.0000,15,4,265,92
859298.0000,139834.0000,15,4,265,85
829216.0000,121494.0000,15,4,265,196
837676.0000,148639.0000,15,4,265,221
851919.0000,127963.0000,15,4,265,93
841353.0000,125628.0000,15,4,265,141
848563.0000,117708.0000,15,4,265,81
893106.0000,176595.0000,15,4,265,40
852503.0000,146551.0000,15,4,265,137
848290.0000,143184.0000,15,4,265,151
825541.0000,151495.0000,15,4,265,265
883231.0000,232031.0000,15,4,265,204
864667.0000,143614.0000,15,4,265,74
805089.0000,96540.0000,15,4,265,250
854909.0000,149938.0000,15,4,265,132
847097.0000,176660.0000,15,4,265,239
910435.0000,171155.0000,15,4,265,10
878749.0000,188759.0000,15,4,265,111
871780.0000,158486.0000,15,4,265,75
841292.0000,155620.0000,15,4,265,220
846011.0000,160034.0000,15,4,265,210
855969.0000,193497.0000,15,4,265,237
860927.0000,110775.0000,15,4,265,38
808069.0000,134402.0000,15,4,265,282
848413.0000,183717.0000,15,4,265,251
791722.0000,162000.0000,15,4,265,321
852104.0000,134678.0000,15,4,265,106
806567.0000,140259.0000,15,4,265,292
847423.0000,161535.0000,15,4,265,205
867993.0000,162841.0000,15,4,265,99
828038.0000,149181.0000,15,4,265,261
849404.0000,170474.0000,15,4,265,216
841967.0000,150890.0000,15,4,265,206
850945.0000,161669.0000,15,4,265,189
888697.0000,143969.0000,15,4,265,22
813868.0000,188928.0000,15,4,265,313
864991.0000,159874.0000,15,4,265,104
881109.0000,152198.0000,15,4,265,39
811694.0000,188374.0000,15,4,265,317
900360.0000,153622.0000,15,4,265,11
885764.0000,151791.0000,15,4,265,31
814553.0000,164190.0000,15,4,265,299
895623.0000,178393.0000,15,4,265,37
829790.0000,205695.0000,15,4,265,308
865170.0000,173755.0000,15,4,265,143
850453.0000,155432.0000,15,4,265,167
864211.0000,216526.0000,15,4,265,253
848770.0000,111076.0000,15,4,265,72
791199.0000,164843.0000,15,4,265,323
834165.0000,140684.0000,15,4,265,218
843905.0000,219401.0000,15,4,265,296
857328.0000,143692.0000,15,4,265,103
838146.0000,159541.0000,15,4,265,244
340693.0000,569371.0000,8,5,4031,3564
315965.0000,587160.0000,8,5,4031,3837
405652.0000,622938.0000,8,5,4031,3370
359831.0000,554975.0000,8,5,4031,3406
349296.0000,557688.0000,8,5,4031,3441
289423.0000,559134.0000,8,5,4031,3950
408689.0000,562521.0000,8,5,4031,3331
321312.0000,574721.0000,8,5,4031,3732
286568.0000,547471.0000,8,5,4031,3925
370259.0000,585265.0000,8,5,4031,3424
339967.0000,562602.0000,8,5,4031,3521
410917.0000,614521.0000,8,5,4031,3355
283570.0000,563726.0000,8,5,4031,4024
347197.0000,591316.0000,8,5,4031,3612
342064.0000,570045.0000,8,5,4031,3544
317331.0000,556086.0000,8,5,4031,3699
335792.0000,541310.0000,8,5,4031,3474
330455.0000,568758.0000,8,5,4031,3651
366794.0000,582584.0000,8,5,4031,3430
378697.0000,591764.0000,8,5,4031,3405
339981.0000,565418.0000,8,5,4031,3538
338342.0000,566864.0000,8,5,4031,3580
338474.0000,563350.0000,8,5,4031,3550
432052.0000,613723.0000,8,5,4031,3334
340064.0000,550509.0000,8,5,4031,3478
334354.0000,578047.0000,8,5,4031,3654
296775.0000,572432.0000,8,5,4031,3942
353335.0000,592567.0000,8,5,4031,3545
334016.0000,562797.0000,8,5,4031,3599
328438.0000,532686.0000,8,5,4031,3498
365927.0000,571713.0000,8,5,4031,3413
343247.0000,564376.0000,8,5,4031,3505
325057.0000,581121.0000,8,5,4031,3729
330881.0000,579058.0000,8,5,4031,3685
378648.0000,579579.0000,8,5,4031,3383
339115.0000,566863.0000,8,5,4031,3566
333299.0000,597586.0000,8,5,4031,3730
367048.0000,553451.0000,8,5,4031,3378
345840.0000,561591.0000,8,5,4031,3476
366934.0000,581294.0000,8,5,4031,3427
358793.0000,547046.0000,8,5,4031,3392
393570.0000,579641.0000,8,5,4031,3354
304399.0000,545221.0000,8,5,4031,3744
353979.0000,578923.0000,8,5,4031,3481
337002.0000,589527.0000,8,5,4031,3681
327738.0000,559624.0000,8,5,4031,3635
334549.0000,579199.0000,8,5,4031,3659
297110.0000,556485.0000,8,5,4031,3874
327403.0000,548875.0000,8,5,4031,3594
413894.0000,564459.0000,8,5,4031,3325
326043.0000,553772.0000,8,5,4031,3623
337811.0000,558454.0000,8,5,4031,3522
333901.0000,532836.0000,8,5,4031,3459
340545.0000,568654.0000,8,5,4031,3559
358483.0000,554925.0000,8,5,4031,3411
318065.0000,581616.0000,8,5,4031,3781
367751.0000,578289.0000,8,5,4031,3421
331667.0000,570387.0000,8,5,4031,3645
321519.0000,561045.0000,8,5,4031,3686
299578.0000,572052.0000,8,5,4031,3920
339632.0000,536577.0000,8,5,4031,3436
339993.0000,544064.0000,8,5,4031,3457
268672.0000,508874.0000,8,5,4031,3912
332960.0000,569308.0000,8,5,4031,3631
345042.0000,566973.0000,8,5,4031,3500
352220.0000,602793.0000,8,5,4031,3615
333934.0000,537464.0000,8,5,4031,3472
312386.0000,555195.0000,8,5,4031,3725
334182.0000,558498.0000,8,5,4031,3579
335328.0000,562880.0000,8,5,4031,3588
303637.0000,570253.0000,8,5,4031,3879
353145.0000,580916.0000,8,5,4031,3494
325118.0000,556212.0000,8,5,4031,3644
294310.0000,563522.0000,8,5,4031,3927
371563.0000,547746.0000,8,5,4031,3364
373894.0000,555347.0000,8,5,4031,3365
407040.0000,577739.0000,8,5,4031,3341
337298.0000,565486.0000,8,5,4031,3583
357813.0000,572855.0000,8,5,4031,3437
304157.0000,566007.0000,8,5,4031,3851
335918.0000,566525.0000,8,5,4031,3597
330127.0000,570072.0000,8,5,4031,3656
339212.0000,538693.0000,8,5,4031,3444
357275.0000,551101.0000,8,5,4031,3409
334785.0000,565575.0000,8,5,4031,3605
326152.0000,563230.0000,8,5,4031,3666
345903.0000,561314.0000,8,5,4031,3473
238748.0000,551038.0000,9,5,4863,4268
331175.0000,551842.0000,8,5,4031,3574
352520.0000,566829.0000,8,5,4031,3450
341675.0000,560197.0000,8,5,4031,3499
354746.0000,552404.0000,8,5,4031,3420
412500.0000,594675.0000,8,5,4031,3345
277027.0000,536847.0000,8,5,4031,3959
322209.0000,547247.0000,8,5,4031,3629
375619.0000,553791.0000,8,5,4031,3363
288068.0000,561932.0000,8,5,4031,3969
344770.0000,570309.0000,8,5,4031,3511
284031.0000,566654.0000,8,5,4031,4036
324442.0000,567881.0000,8,5,4031,3692
356246.0000,549756.0000,8,5,4031,3410
404420.0000,577532.0000,8,5,4031,3343
336829.0000,562228.0000,8,5,4031,3565
293591.0000,522132.0000,8,5,4031,3740
342963.0000,582232.0000,8,5,4031,3609
338860.0000,561151.0000,8,5,4031,3528
324055.0000,590810.0000,8,5,4031,3774
328331.0000,541094.0000,8,5,4031,3533
357737.0000,597104.0000,8,5,4031,3517
392534.0000,593343.0000,8,5,4031,3367
298665.0000,568245.0000,8,5,4031,3911
343376.0000,575709.0000,8,5,4031,3569
338863.0000,563107.0000,8,5,4031,3537
361370.0000,552483.0000,8,5,4031,3395
338935.0000,567577.0000,8,5,4031,3577
350117.0000,535859.0000,8,5,4031,3407
371000.0000,555062.0000,8,5,4031,3371
368617.0000,554066.0000,8,5,4031,3377
331795.0000,529654.0000,8,5,4031,3464
344237.0000,573700.0000,8,5,4031,3536
280110.0000,522025.0000,8,5,4031,3870
328657.0000,564864.0000,8,5,4031,3649
452457.0000,597461.0000,8,-1,-1,3297
333669.0000,542228.0000,8,5,4031,3493
320628.0000,564596.0000,8,5,4031,3706
316642.0000,553340.0000,8,5,4031,3694
340712.0000,563178.0000,8,5,4031,3515
349955.0000,535578.0000,8,5,4031,3408
261538.0000,525920.0000,8,5,4031,4057
411008.0000,607342.0000,8,5,4031,3349
317136.0000,563479.0000,8,5,4031,3720
297022.0000,574097.0000,8,5,4031,3948
319927.0000,524637.0000,8,5,4031,3534
359772.0000,568428.0000,8,5,4031,3429
344791.0000,578536.0000,8,5,4031,3571
324093.0000,580491.0000,8,5,4031,3733
373907.0000,558472.0000,8,5,4031,3369
321905.0000,573147.0000,8,5,4031,3722
341721.0000,576427.0000,8,5,4031,3592
386373.0000,606623.0000,8,5,4031,3404
338588.0000,543875.0000,8,5,4031,3466
341578.0000,558672.0000,8,5,4031,3497
371616.0000,570648.0000,8,5,4031,3389
331987.0000,568997.0000,8,5,4031,3640
341329.0000,565571.0000,8,5,4031,3524
334350.0000,556417.0000,8,5,4031,3561
330482.0000,571217.0000,8,5,4031,3661
338950.0000,572545.0000,8,5,4031,3598
289087.0000,565427.0000,8,5,4031,3978
343997.0000,585193.0000,8,5,4031,3614
225786.0000,529417.0000,9,11,4863,4271
365567.0000,547606.0000,8,5,4031,3376
320827.0000,519618.0000,8,5,4031,3503
286990.0000,529505.0000,8,5,4031,3835
321517.0000,569562.0000,8,5,4031,3711
388806.0000,569524.0000,8,5,4031,3353
411796.0000,581307.0000,8,5,4031,3340
331440.0000,551885.0000,8,5,4031,3567
325958.0000,573367.0000,8,5,4031,3700
348171.0000,569251.0000,8,5,4031,3488
344239.0000,530765.0000,8,5,4031,3416
419151.0000,577335.0000,8,5,4031,3327
321309.0000,569996.0000,8,5,4031,3716
386377.0000,574187.0000,8,5,4031,3362
342099.0000,561508.0000,8,5,4031,3502
366688.0000,562413.0000,8,5,4031,3391
321657.0000,538660.0000,8,5,4031,3601
403004.0000,613466.0000,8,5,4031,3366
363304.0000,553764.0000,8,5,4031,3387
384922.0000,582877.0000,8,5,4031,3372
304556.0000,568584.0000,8,5,4031,3858
336787.0000,538925.0000,8,5,4031,3460
327998.0000,571265.0000,8,5,4031,3679
303269.0000,531608.0000,8,5,4031,3707
313649.0000,523765.0000,8,5,4031,3606
337889.0000,558031.0000,8,5,4031,3519
360165.0000,553303.0000,8,5,4031,3402
340032.0000,561740.0000,8,5,4031,3514
338634.0000,564414.0000,8,5,4031,3553
351459.0000,565704.0000,8,5,4031,3454
412767.0000,593558.0000,8,5,4031,3342
283474.0000,532727.0000,8,5,4031,3891
336928.0000,557412.0000,8,5,4031,3530
366478.0000,594677.0000,8,5,4031,3451
343450.0000,570659.0000,8,5,4031,3531
331616.0000,565089.0000,8,5,4031,3624
354529.0000,573677.0000,8,5,4031,3458
276703.0000,559740.0000,8,5,4031,4075
282066.0000,560178.0000,8,5,4031,4023
331366.0000,567311.0000,8,5,4031,3638
321910.0000,573825.0000,8,5,4031,3724
290107.0000,571927.0000,8,5,4031,4004
281979.0000,518199.0000,8,5,4031,3824
374695.0000,563163.0000,8,5,4031,3373
340191.0000,567638.0000,8,5,4031,3556
338583.0000,563529.0000,8,5,4031,3549
358312.0000,559466.0000,8,5,4031,3419
338474.0000,564151.0000,8,5,4031,3555
338205.0000,566246.0000,8,5,4031,3578
342901.0000,582886.0000,8,5,4031,3613
265815.0000,540385.0000,8,5,4031,4086
304086.0000,576100.0000,8,5,4031,3898
347966.0000,563506.0000,8,5,4031,3469
346144.0000,560472.0000,8,5,4031,3471
352381.0000,592377.0000,8,5,4031,3563
318681.0000,528806.0000,8,5,4031,3585
369366.0000,561201.0000,8,5,4031,3384
310041.0000,533285.0000,8,5,4031,3673
344314.0000,595915.0000,8,5,4031,3648
363956.0000,609339.0000,8,5,4031,3516
328586.0000,551385.0000,8,5,4031,3595
330767.0000,552963.0000,8,5,4031,3586
312558.0000,520650.0000,8,5,4031,3602
315850.0000,573154.0000,8,5,4031,3768
379388.0000,567285.0000,8,5,4031,3368
329905.0000,579935.0000,8,5,4031,3696
352209.0000,548608.0000,8,5,4031,3423
357679.0000,548036.0000,8,5,4031,3400
339288.0000,588052.0000,8,5,4031,3655
330335.0000,568221.0000,8,5,4031,3650
341559.0000,562163.0000,8,5,4031,3509
341925.0000,569393.0000,8,5,4031,3539
327695.0000,543105.0000,8,5,4031,3558
335999.0000,549795.0000,8,5,4031,3504
302359.0000,534317.0000,8,5,4031,3721
332586.0000,566187.0000,8,5,4031,3621
330750.0000,561657.0000,8,5,4031,3620
400380.0000,588221.0000,8,5,4031,3351
337910.0000,562252.0000,8,5,4031,3551
336549.0000,565597.0000,8,5,4031,3589
343717.0000,559909.0000,8,5,4031,3487
332116.0000,594868.0000,8,5,4031,3728
358384.0000,556361.0000,8,5,4031,3412
415881.0000,584352.0000,8,5,4031,3338
345164.0000,579614.0000,8,5,4031,3575
316395.0000,537403.0000,8,5,4031,3636
340970.0000,564831.0000,8,5,4031,3523
340383.0000,600071.0000,8,5,4031,3693
326627.0000,534442.0000,8,5,4031,3512
356865.0000,545785.0000,8,5,4031,3399
306298.0000,551902.0000,8,5,4031,3760
347575.0000,565576.0000,8,5,4031,3479
302583.0000,571881.0000,8,5,4031,3893
352424.0000,557574.0000,8,5,4031,3432
279008.0000,521035.0000,8,5,4031,3876
335029.0000,553213.0000,8,5,4031,3527
338753.0000,563384.0000,8,5,4031,3543
324032.0000,577807.0000,8,5,4031,3723
327973.0000,534972.0000,8,5,4031,3507
321924.0000,527106.0000,8,5,4031,3525
345495.0000,579864.0000,8,5,4031,3568
385091.0000,599401.0000,8,5,4031,3394
361138.0000,551307.0000,8,5,4031,3390
332884.0000,533990.0000,8,5,4031,3470
269126.0000,508814.0000,8,5,4031,3908
350056.0000,566657.0000,8,5,4031,3467
374117.0000,546122.0000,8,5,4031,3361
350283.0000,559840.0000,8,5,4031,3443
335525.0000,567445.0000,8,5,4031,3608
350798.0000,535657.0000,8,5,4031,3403
289002.0000,520678.0000,8,5,4031,3770
324516.0000,522674.0000,8,5,4031,3489
364844.0000,571623.0000,8,5,4031,3415
351815.0000,574947.0000,8,5,4031,3483
275524.0000,559548.0000,8,5,4031,4085
348773.0000,583528.0000,8,5,4031,3546
308966.0000,523409.0000,8,5,4031,3641
316313.0000,570785.0000,8,5,4031,3754
341966.0000,561987.0000,8,5,4031,3506
341446.0000,538787.0000,8,5,4031,3435
318823.0000,565345.0000,8,5,4031,3718
347522.0000,587567.0000,8,5,4031,3591
293746.0000,544468.0000,8,5,4031,3847
334983.0000,572690.0000,8,5,4031,3630
325125.0000,564342.0000,8,5,4031,3676
330145.0000,546705.0000,8,5,4031,3548
336336.0000,563145.0000,8,5,4031,3581
302353.0000,545544.0000,8,5,4031,3761
321216.0000,569834.0000,8,5,4031,3717
285152.0000,520229.0000,8,5,4031,3798
335027.0000,565050.0000,8,5,4031,3600
332270.0000,556288.0000,8,5,4031,3587
341016.0000,545280.0000,8,5,4031,3455
339640.0000,561426.0000,8,5,4031,3518
338633.0000,563504.0000,8,5,4031,3547
324952.0000,565867.0000,8,5,4031,3682
353583.0000,554147.0000,8,5,4031,3425
385183.0000,556284.0000,8,5,4031,3350
292636.0000,520371.0000,8,5,4031,3741
289176.0000,571435.0000,8,5,4031,4008
310944.0000,559497.0000,8,5,4031,3750
336974.0000,563207.0000,8,5,4031,3573
337173.0000,557853.0000,8,5,4031,3529
396903.0000,591235.0000,8,5,4031,3360
324440.0000,567074.0000,8,5,4031,3688
333378.0000,557892.0000,8,5,4031,3584
300366.0000,565761.0000,8,5,4031,3890
344437.0000,529492.0000,8,5,4031,3414
325871.0000,558965.0000,8,5,4031,3646
367641.0000,556309.0000,8,5,4031,3381
344552.0000,554676.0000,8,5,4031,3462
297212.0000,546223.0000,8,5,4031,3809
355924.0000,577596.0000,8,5,4031,3465
331340.0000,524203.0000,8,5,4031,3446
292932.0000,558293.0000,8,5,4031,3916
306346.0000,523584.0000,8,5,4031,3663
341966.0000,586266.0000,8,5,4031,3627
282430.0000,560217.0000,8,5,4031,4017
326251.0000,549298.0000,8,5,4031,3611
335201.0000,585318.0000,8,5,4031,3678
351564.0000,573155.0000,8,5,4031,3477
322365.0000,530808.0000,8,5,4031,3541
405542.0000,600089.0000,8,5,4031,3352
296763.0000,528676.0000,8,5,4031,3742
221233.0000,538472.0000,9,11,4863,4288
338084.0000,560295.0000,8,5,4031,3532
345674.0000,579033.0000,8,5,4031,3562
325883.0000,560492.0000,8,5,4031,3653
345123.0000,577788.0000,8,5,4031,3560
329859.0000,564384.0000,8,5,4031,3639
353939.0000,570931.0000,8,5,4031,3456
409616.0000,575024.0000,8,5,4031,3339
365058.0000,545456.0000,8,5,4031,3374
404782.0000,557913.0000,8,5,4031,3333
368724.0000,598412.0000,8,5,4031,3447
344096.0000,575522.0000,8,5,4031,3557
182618.0000,346663.0000,7,6,4263,3946
171461.0000,348130.0000,7,6,4263,4060
186536.0000,330019.0000,7,6,4263,3831
177241.0000,292639.0000,7,6,4263,3743
248683.0000,383412.0000,7,6,4263,3535
174057.0000,358906.0000,7,6,4263,4088
215243.0000,289985.0000,7,6,4263,3438
170688.0000,343596.0000,7,6,4263,4048
144502.0000,345417.0000,7,6,4263,4227
165689.0000,356983.0000,7,6,4263,4150
168443.0000,367928.0000,7,6,4263,4167
165158.0000,343946.0000,7,6,4263,4103
159711.0000,352701.0000,7,6,4263,4178
175781.0000,341039.0000,7,6,4263,3981
233480.0000,289069.0000,7,6,4263,3379
189029.0000,366740.0000,7,6,4263,3977
168573.0000,350387.0000,7,6,4263,4101
170271.0000,306395.0000,7,6,4263,3883
192775.0000,350028.0000,7,6,4263,3878
152054.0000,345632.0000,7,6,4263,4199
139299.0000,314046.0000,7,6,4263,4182
202053.0000,322650.0000,7,6,4263,3684
134695.0000,350397.0000,7,6,4263,4272
159654.0000,381778.0000,7,6,4263,4247
188093.0000,324040.0000,7,6,4263,3785
183236.0000,338163.0000,7,6,4263,3905
156984.0000,430950.0000,7,6,4263,4310
182751.0000,435819.0000,7,6,4263,4258
198908.0000,372797.0000,7,6,4263,3924
198517.0000,325721.0000,7,6,4263,3712
161345.0000,350804.0000,7,6,4263,4157
210497.0000,359835.0000,7,6,4263,3749
141993.0000,331189.0000,7,6,4263,4217
170788.0000,373545.0000,7,6,4263,4172
166449.0000,363036.0000,7,6,4263,4164
155479.0000,345893.0000,7,6,4263,4181
186380.0000,363938.0000,7,6,4263,3989
129332.0000,360811.0000,7,6,4263,4294
224225.0000,376975.0000,7,6,4263,3713
165945.0000,345849.0000,7,6,4263,4104
223550.0000,323197.0000,7,6,4263,3490
122755.0000,434879.0000,7,-1,-1,4362
166584.0000,349245.0000,7,6,4263,4112
179472.0000,342273.0000,7,6,4263,3957
148749.0000,359845.0000,7,6,4263,4245
177505.0000,332053.0000,7,6,4263,3930
160222.0000,380591.0000,7,6,4263,4236
178869.0000,370161.0000,7,6,4263,4098
170002.0000,370000.0000,7,6,4263,4163
164354.0000,347671.0000,7,6,4263,4125
169966.0000,368623.0000,7,6,4263,4158
145867.0000,363616.0000,7,6,4263,4260
181561.0000,358111.0000,7,6,4263,4009
164915.0000,350360.0000,7,6,4263,4134
166973.0000,341636.0000,7,6,4263,4072
153181.0000,277968.0000,7,6,4263,3904
155505.0000,355581.0000,7,6,4263,4207
160835.0000,347784.0000,7,6,4263,4153
211265.0000,396792.0000,7,6,4263,3919
203254.0000,362605.0000,7,6,4263,3828
137967.0000,354539.0000,7,6,4263,4270
174064.0000,357989.0000,7,6,4263,4083
179609.0000,408365.0000,7,6,4263,4219
176506.0000,351827.0000,7,6,4263,4027
172879.0000,347028.0000,7,6,4263,4047
180506.0000,330980.0000,7,6,4263,3900
185966.0000,359964.0000,7,6,4263,3974
146070.0000,316860.0000,7,6,4263,4143
152957.0000,321354.0000,7,6,4263,4110
163190.0000,331719.0000,7,6,4263,4059
186914.0000,361706.0000,7,6,4263,3972
159191.0000,309314.0000,7,6,4263,3987
170425.0000,316185.0000,7,6,4263,3923
162040.0000,316797.0000,7,6,4263,3998
195000.0000,354829.0000,7,6,4263,3880
126702.0000,351222.0000,7,6,4263,4289
213064.0000,290947.0000,7,6,4263,3453
140612.0000,350010.0000,7,6,4263,4255
172885.0000,352621.0000,7,6,4263,4067
170155.0000,343568.0000,7,6,4263,4051
186806.0000,334070.0000,7,6,4263,3857
146072.0000,288800.0000,7,6,4263,4010
169293.0000,348686.0000,7,6,4263,4084
169502.0000,411323.0000,7,6,4263,4264
152861.0000,407965.0000,7,6,4263,4295
156041.0000,295117.0000,7,6,4263,3954
117585.0000,391892.0000,7,6,4263,4326
163981.0000,344090.0000,7,6,4263,4113
158664.0000,310765.0000,7,6,4263,4001
141113.0000,351050.0000,7,6,4263,4256
163796.0000,345091.0000,7,6,4263,4120
160369.0000,353500.0000,7,6,4263,4176
235671.0000,300234.0000,7,6,4263,3386
140876.0000,334435.0000,7,6,4263,4222
108232.0000,373112.0000,7,6,4263,4325
192460.0000,388323.0000,7,6,4263,4054
133744.0000,308918.0000,7,6,4263,4195
216209.0000,437830.0000,7,-1,-1,4066
156945.0000,339397.0000,7,6,4263,4147
199859.0000,316334.0000,7,6,4263,3677
159496.0000,331641.0000,7,6,4263,4096
167845.0000,341409.0000,7,6,4263,4062
182435.0000,365508.0000,7,6,4263,4043
133795.0000,360518.0000,7,6,4263,4286
169628.0000,365003.0000,7,6,4263,4152
167262.0000,399527.0000,7,6,4263,4250
177728.0000,352687.0000,7,6,4263,4018
130683.0000,363204.0000,7,6,4263,4293
198197.0000,344933.0000,7,6,4263,3789
197735.0000,355477.0000,7,6,4263,3855
172020.0000,342883.0000,7,6,4263,4026
185561.0000,342784.0000,7,6,4263,3906
202011.0000,337353.0000,7,6,4263,3731
157394.0000,346500.0000,7,6,4263,4168
182050.0000,424341.0000,7,6,4263,4238
129664.0000,341196.0000,7,6,4263,4274
173188.0000,355248.0000,7,6,4263,4076
182499.0000,310438.0000,7,6,4263,3775
170384.0000,339979.0000,7,6,4263,4029
182093.0000,321311.0000,7,6,4263,3834
185696.0000,338006.0000,7,6,4263,3888
102221.0000,374657.0000,7,6,4263,4338
165881.0000,364469.0000,7,6,4263,4177
164875.0000,349007.0000,7,6,4263,4127
159120.0000,340829.0000,7,6,4263,4138
168274.0000,374689.0000,7,6,4263,4189
178495.0000,373915.0000,7,6,4263,4118
179811.0000,342089.0000,7,6,4263,3952
162606.0000,363185.0000,7,6,4263,4188
173908.0000,362098.0000,7,6,4263,4107
133580.0000,348602.0000,7,6,4263,4273
190634.0000,357254.0000,7,6,4263,3926
186503.0000,369651.0000,7,6,4263,4014
127134.0000,379827.0000,7,6,4263,4313
169145.0000,355279.0000,7,6,4263,4117
140121.0000,346875.0000,7,6,4263,4252
141860.0000,324304.0000,7,6,4263,4192
200251.0000,306215.0000,7,6,4263,3632
174373.0000,363552.0000,7,6,4263,4108
170022.0000,347877.0000,7,6,4263,4074
165657.0000,338722.0000,7,6,4263,4069
186361.0000,351075.0000,7,6,4263,3936
213022.0000,338238.0000,7,6,4263,3662
155228.0000,357729.0000,7,6,4263,4218
171614.0000,435530.0000,7,6,4263,4285
175586.0000,365049.0000,7,6,4263,4105
187858.0000,381077.0000,7,6,4263,4061
171074.0000,293610.0000,7,6,4263,3795
153738.0000,360530.0000,7,6,4263,4224
199043.0000,270173.0000,7,6,4263,3475
165886.0000,348709.0000,7,6,4263,4116
159428.0000,300364.0000,7,6,4263,3944
197463.0000,378513.0000,7,6,4263,3958
161273.0000,347538.0000,7,6,4263,4146
186082.0000,330058.0000,7,6,4263,3842
143732.0000,279724.0000,7,6,4263,3994
142899.0000,329415.0000,7,6,4263,4203
156977.0000,424622.0000,7,6,4263,4303
174878.0000,362329.0000,7,6,4263,4099
148915.0000,338914.0000,7,6,4263,4194
187324.0000,377187.0000,7,6,4263,4050
175766.0000,380534.0000,7,6,4263,4160
185071.0000,362905.0000,7,6,4263,3999
158550.0000,354818.0000,7,6,4263,4187
174672.0000,345849.0000,7,6,4263,4011
169880.0000,343122.0000,7,6,4263,4052
109090.0000,326101.0000,7,6,4263,4299
187854.0000,354777.0000,7,6,4263,3939
153903.0000,353738.0000,7,6,4263,4213
190241.0000,329582.0000,7,6,4263,3791
102983.0000,382712.0000,7,6,4263,4347
143117.0000,345163.0000,7,6,4263,4232
188985.0000,367645.0000,7,6,4263,3984
174834.0000,411644.0000,7,6,4263,4246
144228.0000,344974.0000,7,6,4263,4228
146821.0000,297434.0000,7,6,4263,4053
171848.0000,343242.0000,7,6,4263,4031
94382.0000,320888.0000,7,6,4263,4315
154412.0000,310120.0000,7,6,4263,4044
176490.0000,344679.0000,7,6,4263,3993
170616.0000,352610.0000,7,6,4263,4091
81648.0000,360080.0000,7,6,4263,4367
153607.0000,379395.0000,7,6,4263,4261
183970.0000,355973.0000,7,6,4263,3973
105444.0000,361358.0000,7,6,4263,4320
158571.0000,361986.0000,7,6,4263,4209
177579.0000,319865.0000,7,6,4263,3877
198892.0000,322470.0000,7,6,4263,3703
216975.0000,296647.0000,7,6,4263,3445
166654.0000,350678.0000,7,6,4263,4119
189102.0000,333074.0000,7,6,4263,3818
198712.0000,303299.0000,7,6,4263,3633
137098.0000,384889.0000,7,6,4263,4302
144306.0000,328086.0000,7,6,4263,4191
142455.0000,343512.0000,7,6,4263,4231
178319.0000,318244.0000,7,6,4263,3859
168886.0000,353913.0000,7,6,4263,4114
174656.0000,393278.0000,7,6,4263,4204
130805.0000,354417.0000,7,6,4263,4284
176433.0000,350561.0000,7,6,4263,4022
142252.0000,329183.0000,7,6,4263,4206
165476.0000,377389.0000,7,6,4263,4214
210102.0000,333312.0000,7,6,4263,3669
129453.0000,321221.0000,7,6,4263,4243
144705.0000,375936.0000,7,6,4263,4279
206687.0000,342276.0000,7,6,4263,3714
153583.0000,352282.0000,7,6,4263,4211
189499.0000,356601.0000,7,6,4263,3934
159392.0000,351000.0000,7,6,4263,4173
181463.0000,326571.0000,7,6,4263,3872
162975.0000,335389.0000,7,6,4263,4079
157691.0000,334886.0000,7,6,4263,4129
154167.0000,353183.0000,7,6,4263,4208
165607.0000,362883.0000,7,6,4263,4169
182239.0000,333302.0000,7,6,4263,3895
176982.0000,354631.0000,7,6,4263,4039
183516.0000,374212.0000,7,6,4263,4070
191099.0000,341570.0000,7,6,4263,3850
184570.0000,360446.0000,7,6,4263,3991
207804.0000,354938.0000,7,6,4263,3751
198493.0000,326704.0000,7,6,4263,3719
149269.0000,341445.0000,7,6,4263,4201
184798.0000,392233.0000,7,6,4263,4139
174438.0000,319075.0000,7,6,4263,3901
107124.0000,325984.0000,7,6,4263,4304
76052.0000,360840.0000,7,6,4263,4374
159302.0000,337993.0000,7,6,4263,4128
140101.0000,341028.0000,7,6,4263,4237
168149.0000,345638.0000,7,6,4263,4078
150009.0000,371014.0000,7,6,4263,4259
157193.0000,350343.0000,7,6,4263,4185
111476.0000,358647.0000,7,6,4263,4317
151164.0000,332239.0000,7,6,4263,4162
171318.0000,373473.0000,7,6,4263,4166
175169.0000,349454.0000,7,6,4263,4028
162600.0000,392531.0000,7,6,4263,4254
168067.0000,340249.0000,7,6,4263,4056
170102.0000,323164.0000,7,6,4263,3955
124132.0000,340448.0000,7,6,4263,4283
149863.0000,284721.0000,7,6,4263,3960
168079.0000,347343.0000,7,6,4263,4089
128953.0000,304971.0000,7,6,4263,4215
169228.0000,364545.0000,7,6,4263,4154
198415.0000,321418.0000,7,6,4263,3702
183610.0000,321788.0000,7,6,4263,3814
220869.0000,407358.0000,7,6,4263,3885
159472.0000,372246.0000,7,6,4263,4225
170837.0000,353968.0000,7,6,4263,4094
165653.0000,317602.0000,7,6,4263,3966
135537.0000,356169.0000,7,6,4263,4275
166973.0000,334724.0000,7,6,4263,4038
158750.0000,312102.0000,7,6,4263,4005
161448.0000,373412.0000,7,6,4263,4221
158713.0000,379013.0000,7,6,4263,4242
180493.0000,319750.0000,7,6,4263,3846
125715.0000,302114.0000,7,6,4263,4220
194033.0000,340466.0000,7,6,4263,3803
158871.0000,312380.0000,7,6,4263,4006
161387.0000,343617.0000,7,6,4263,4135
169121.0000,347594.0000,7,6,4263,4080
167653.0000,352074.0000,7,6,4263,4115
125902.0000,318850.0000,7,6,4263,4253
217686.0000,296514.0000,7,6,4263,3440
171986.0000,429306.0000,7,6,4263,4276
211360.0000,279794.0000,7,6,4263,3434
157181.0000,346842.0000,7,6,4263,4175
188909.0000,341194.0000,7,6,4263,3871
140128.0000,325904.0000,7,6,4263,4212
117874.0000,389929.0000,7,6,4263,4324
162921.0000,317643.0000,7,6,4263,3992
173978.0000,346514.0000,7,6,4263,4025
98533.0000,355691.0000,7,6,4263,4328
194956.0000,372256.0000,7,6,4263,3953
164847.0000,287064.0000,7,6,4263,3833
174410.0000,372064.0000,7,6,4263,4140
149092.0000,352682.0000,7,6,4263,4226
166323.0000,352927.0000,7,6,4263,4132
178515.0000,370287.0000,7,6,4263,4102
169337.0000,348605.0000,7,6,4263,4082
122986.0000,334382.0000,7,6,4263,4280
145282.0000,391482.0000,7,6,4263,4291
185919.0000,363092.0000,7,6,4263,3990
180519.0000,368284.0000,7,6,4263,4071
181227.0000,347052.0000,7,6,4263,3961
168284.0000,309036.0000,7,6,4263,3909
198251.0000,335402.0000,7,6,4263,3748
160922.0000,347681.0000,7,6,4263,4151
141861.0000,328909.0000,7,6,4263,4210
147911.0000,328024.0000,7,6,4263,4171
178264.0000,330827.0000,7,6,4263,3917
178235.0000,346006.0000,7,6,4263,3982
195151.0000,317753.0000,7,6,4263,3709
122360.0000,357480.0000,7,6,4263,4305
167330.0000,332452.0000,7,6,4263,4021
115363.0000,305575.0000,7,6,4263,4265
185661.0000,404482.0000,7,6,4263,4180
177858.0000,352255.0000,7,6,4263,4012
113068.0000,317574.0000,7,6,4263,4281
125675.0000,360158.0000,7,6,4263,4300
172842.0000,351663.0000,7,6,4263,4064
124724.0000,459999.0000,9,-1,-1,4377
169069.0000,348929.0000,7,6,4263,4087
185253.0000,344152.0000,7,6,4263,3913
155625.0000,262321.0000,7,6,4263,3793
158201.0000,315944.0000,7,6,4263,4030
171277.0000,361020.0000,7,6,4263,4122
209553.0000,326461.0000,7,6,4263,3642
160165.0000,362858.0000,7,6,4263,4200
190725.0000,336160.0000,7,6,4263,3816
169994.0000,409806.0000,7,6,4263,4257
179463.0000,361279.0000,7,6,4263,4049
172662.0000,388185.0000,7,6,4263,4202
165284.0000,425978.0000,7,6,4263,4287
160206.0000,303063.0000,7,6,4263,3951
155690.0000,368375.0000,7,6,4263,4229
124516.0000,325289.0000,7,6,4263,4269
179326.0000,321160.0000,7,6,4263,3865
165573.0000,305517.0000,7,6,4263,3915
155508.0000,372355.0000,7,6,4263,4240
166799.0000,318482.0000,7,6,4263,3962
161780.0000,324523.0000,7,6,4263,4042
168805.0000,351913.0000,7,6,4263,4106
206519.0000,355629.0000,7,6,4263,3765
163091.0000,350167.0000,7,6,4263,4142
176144.0000,353300.0000,7,6,4263,4046
179483.0000,359645.0000,7,6,4263,4041
213951.0000,352868.0000,7,6,4263,3705
164046.0000,346109.0000,7,6,4263,4121
169569.0000,346955.0000,7,6,4263,4073
225356.0000,318394.0000,7,6,4263,3463
214966.0000,358837.0000,7,6,4263,3715
159253.0000,343477.0000,7,6,4263,4145
219779.0000,330969.0000,7,6,4263,3576
169876.0000,340860.0000,7,6,4263,4045
669118.0000,354195.0000,13,7,1997,1041
613682.0000,399434.0000,13,7,1997,1715
617399.0000,392653.0000,13,7,1997,1608
629247.0000,364078.0000,13,7,1997,1320
641070.0000,424917.0000,13,7,1997,1501
609532.0000,388425.0000,13,7,1997,1703
629369.0000,398359.0000,13,7,1997,1481
605911.0000,379990.0000,13,7,1997,1696
622550.0000,391601.0000,13,7,1997,1521
607905.0000,403460.0000,13,7,1997,1773
679465.0000,399014.0000,13,7,1997,1068
608711.0000,373665.0000,13,7,1997,1594
623498.0000,399288.0000,13,7,1997,1558
601212.0000,370698.0000,13,7,1997,1698
574989.0000,407228.0000,13,7,1997,1970
563517.0000,391159.0000,13,7,1997,1993
687717.0000,379483.0000,13,7,1997,1026
616040.0000,330855.0000,13,7,1997,1281
653024.0000,367312.0000,13,7,1997,1123
607440.0000,403119.0000,13,7,1997,1777
620240.0000,397022.0000,13,7,1997,1598
599215.0000,391457.0000,13,7,1997,1801
587478.0000,424878.0000,13,7,1997,1959
613921.0000,394043.0000,13,7,1997,1680
624328.0000,392133.0000,13,7,1997,1503
635887.0000,384511.0000,13,7,1997,1346
559877.0000,401053.0000,13,7,1997,2017
617755.0000,401065.0000,13,7,1997,1676
693265.0000,388552.0000,13,7,1997,1024
559933.0000,403956.0000,13,7,1997,2021
655859.0000,416496.0000,13,7,1997,1319
625919.0000,402984.0000,13,7,1997,1548
595215.0000,391491.0000,13,7,1997,1838
617493.0000,379303.0000,13,7,1997,1507
598657.0000,442558.0000,13,7,1997,1951
601644.0000,436831.0000,13,7,1997,1920
617118.0000,374098.0000,13,7,1997,1482
591051.0000,389443.0000,13,7,1997,1853
617296.0000,386864.0000,13,7,1997,1556
616468.0000,394118.0000,13,7,1997,1638
630384.0000,376295.0000,13,7,1997,1357
558770.0000,390646.0000,13,7,1997,2008
637332.0000,414017.0000,13,7,1997,1479
556780.0000,409205.0000,13,7,1997,2036
577473.0000,384210.0000,13,7,1997,1905
650054.0000,432740.0000,13,7,1997,1439
595063.0000,328609.0000,13,7,1997,1470
714443.0000,433876.0000,13,-1,-1,1027
603566.0000,410391.0000,13,7,1997,1842
562356.0000,383175.0000,13,7,1997,1973
546166.0000,423311.0000,13,7,1997,2087
626539.0000,394908.0000,13,7,1997,1496
663820.0000,416308.0000,13,7,1997,1218
710910.0000,464586.0000,13,-1,-1,1080
624310.0000,398408.0000,13,7,1997,1539
632546.0000,389750.0000,13,7,1997,1406
667249.0000,417107.0000,13,7,1997,1188
608309.0000,377530.0000,13,7,1997,1635
611357.0000,393577.0000,13,7,1997,1709
658219.0000,436184.0000,13,7,1997,1386
615032.0000,402225.0000,13,7,1997,1716
628131.0000,406850.0000,13,7,1997,1545
632390.0000,363198.0000,13,7,1997,1278
575116.0000,345564.0000,13,7,1997,1807
625784.0000,441883.0000,13,7,1997,1788
618893.0000,419740.0000,13,7,1997,1752
579564.0000,428498.0000,13,7,1997,2002
686324.0000,364237.0000,13,7,1997,1012
586242.0000,396484.0000,13,7,1997,1894
623248.0000,399928.0000,13,7,1997,1564
609219.0000,362804.0000,13,7,1997,1506
537211.0000,376777.0000,13,7,1997,2047
605310.0000,394011.0000,13,7,1997,1759
634973.0000,450542.0000,13,7,1997,1747
595411.0000,413706.0000,13,7,1997,1891
613037.0000,419086.0000,13,7,1997,1803
617444.0000,397675.0000,13,7,1997,1655
633304.0000,366062.0000,13,7,1997,1287
592620.0000,446156.0000,13,7,1997,1981
631633.0000,337973.0000,13,7,1997,1159
619637.0000,395224.0000,13,7,1997,1593
620330.0000,398630.0000,13,7,1997,1611
621964.0000,409409.0000,13,7,1997,1675
618446.0000,372298.0000,13,7,1997,1452
629789.0000,426313.0000,13,7,1997,1683
608687.0000,374928.0000,13,7,1997,1602
680646.0000,375662.0000,13,7,1997,1038
591831.0000,438997.0000,13,7,1997,1967
550086.0000,442382.0000,13,7,1997,2112
620330.0000,396776.0000,13,7,1997,1595
551236.0000,401856.0000,13,7,1997,2040
617178.0000,414525.0000,13,7,1997,1744
584938.0000,344365.0000,13,7,1997,1721
622636.0000,456843.0000,13,7,1997,1870
649987.0000,408293.0000,13,7,1997,1333
613719.0000,382828.0000,13,7,1997,1583
576987.0000,392508.0000,13,7,1997,1932
599766.0000,409755.0000,13,7,1997,1862
584077.0000,398498.0000,13,7,1997,1910
695514.0000,321521.0000,13,-1,-1,967
561388.0000,355834.0000,13,7,1997,1919
691600.0000,397893.0000,13,7,1997,1040
610676.0000,449688.0000,13,7,1997,1902
600114.0000,413216.0000,13,7,1997,1874
626811.0000,372435.0000,13,7,1997,1380
636291.0000,360636.0000,13,7,1997,1213
570384.0000,393553.0000,13,7,1997,1964
626700.0000,401688.0000,13,7,1997,1530
624106.0000,398619.0000,13,7,1997,1542
523329.0000,404632.0000,13,7,1997,2132
611954.0000,360938.0000,13,7,1997,1462
613536.0000,395801.0000,13,7,1997,1701
576488.0000,397913.0000,13,7,1997,1949
652745.0000,406585.0000,13,7,1997,1299
603193.0000,371867.0000,13,7,1997,1673
610026.0000,444858.0000,13,7,1997,1895
629725.0000,405117.0000,13,7,1997,1518
648429.0000,422590.0000,13,7,1997,1411
562772.0000,382904.0000,13,7,1997,1969
638823.0000,411764.0000,13,7,1997,1447
617764.0000,397102.0000,13,7,1997,1642
579922.0000,379009.0000,13,7,1997,1883
610698.0000,396326.0000,13,7,1997,1725
642607.0000,374702.0000,13,7,1997,1220
621629.0000,397208.0000,13,7,1997,1568
659321.0000,404555.0000,13,7,1997,1205
576235.0000,462612.0000,13,7,1997,2059
598628.0000,425191.0000,13,7,1997,1900
623502.0000,420376.0000,13,7,1997,1719
665965.0000,449273.0000,13,7,1997,1370
608923.0000,385575.0000,13,7,1997,1692
611579.0000,407670.0000,13,7,1997,1769
617573.0000,386848.0000,13,7,1997,1553
589862.0000,418742.0000,13,7,1997,1933
653325.0000,396810.0000,13,7,1997,1228
605073.0000,372055.0000,13,7,1997,1646
623137.0000,408209.0000,13,7,1997,1652
499262.0000,398424.0000,12,-1,-1,2249
619339.0000,401624.0000,13,7,1997,1656
619295.0000,397643.0000,13,7,1997,1619
578878.0000,420108.0000,13,7,1997,1984
533577.0000,355107.0000,13,7,1997,2030
615934.0000,426539.0000,13,7,1997,1806
690195.0000,475150.0000,13,-1,-1,1265
673514.0000,390760.0000,13,7,1997,1081
657120.0000,386782.0000,13,7,1997,1154
549945.0000,372313.0000,13,7,1997,2006
675858.0000,410545.0000,13,7,1997,1113
626586.0000,415166.0000,13,7,1997,1653
618449.0000,404599.0000,13,7,1997,1694
638783.0000,399478.0000,13,7,1997,1398
578113.0000,395458.0000,13,7,1997,1934
622557.0000,361134.0000,13,7,1997,1359
635324.0000,420555.0000,13,7,1997,1540
666135.0000,430421.0000,13,7,1997,1282
689725.0000,465685.0000,13,7,1997,1209
593601.0000,445149.0000,13,7,1997,1972
615094.0000,383077.0000,13,7,1997,1560
624599.0000,417673.0000,13,7,1997,1700
573969.0000,434110.0000,13,7,1997,2027
642881.0000,403147.0000,13,7,1997,1368
634383.0000,422065.0000,13,7,1997,1565
582389.0000,428200.0000,13,7,1997,1991
617330.0000,369828.0000,13,7,1997,1450
621989.0000,394856.0000,13,7,1997,1546
651828.0000,468138.0000,13,7,1997,1671
612936.0000,398723.0000,13,7,1997,1718
613351.0000,407952.0000,13,7,1997,1749
562777.0000,437516.0000,13,7,1997,2063
533212.0000,366954.0000,13,7,1997,2043
618113.0000,400002.0000,13,7,1997,1665
609344.0000,448128.0000,13,7,1997,1909
615342.0000,413931.0000,13,7,1997,1760
623989.0000,368662.0000,13,7,1997,1390
620187.0000,400168.0000,13,7,1997,1624
687638.0000,439257.0000,13,7,1997,1133
573925.0000,449341.0000,13,7,1997,2046
547270.0000,403384.0000,13,7,1997,2056
619318.0000,361696.0000,13,7,1997,1401
588432.0000,446279.0000,13,7,1997,2003
592924.0000,393730.0000,13,7,1997,1856
615325.0000,383841.0000,13,7,1997,1561
611875.0000,422910.0000,13,7,1997,1828
681941.0000,370225.0000,13,7,1997,1028
620818.0000,396967.0000,13,7,1997,1584
662154.0000,385013.0000,13,7,1997,1119
554938.0000,347875.0000,13,7,1997,1929
628655.0000,321099.0000,13,7,1997,1131
619628.0000,399433.0000,13,7,1997,1630
660333.0000,393215.0000,13,7,1997,1155
618391.0000,348381.0000,13,7,1997,1344
565829.0000,395454.0000,13,7,1997,1992
617689.0000,397001.0000,13,7,1997,1643
604554.0000,393193.0000,13,7,1997,1764
572417.0000,403906.0000,13,7,1997,1974
659193.0000,384523.0000,13,7,1997,1135
632060.0000,367800.0000,13,7,1997,1311
633894.0000,404424.0000,13,7,1997,1460
620610.0000,395343.0000,13,7,1997,1570
615175.0000,397627.0000,13,7,1997,1688
624293.0000,333944.0000,13,7,1997,1198
593689.0000,316888.0000,13,7,1997,1424
617319.0000,374666.0000,13,7,1997,1484
572244.0000,349463.0000,13,7,1997,1846
619239.0000,400025.0000,13,7,1997,1641
621622.0000,390298.0000,13,7,1997,1524
622101.0000,371771.0000,13,7,1997,1418
630205.0000,338054.0000,13,7,1997,1169
654147.0000,407182.0000,13,7,1997,1286
637594.0000,420311.0000,13,7,1997,1510
629004.0000,392271.0000,13,7,1997,1446
585207.0000,336451.0000,13,7,1997,1674
618349.0000,397614.0000,13,7,1997,1636
650157.0000,402991.0000,13,7,1997,1307
638966.0000,486628.0000,14,0,2424,1861
655201.0000,411873.0000,13,7,1997,1301
602335.0000,433298.0000,13,7,1997,1903
630706.0000,388370.0000,13,7,1997,1415
617428.0000,397343.0000,13,7,1997,1654
621537.0000,390372.0000,13,7,1997,1525
631365.0000,450732.0000,13,7,1997,1779
618406.0000,404239.0000,13,7,1997,1689
601390.0000,453925.0000,13,7,1997,1961
603945.0000,361794.0000,13,7,1997,1567
619427.0000,396945.0000,13,7,1997,1612
660103.0000,414557.0000,13,7,1997,1260
700340.0000,335010.0000,13,-1,-1,972
608182.0000,416637.0000,13,7,1997,1835
661166.0000,404325.0000,13,7,1997,1186
620939.0000,385731.0000,13,7,1997,1504
626371.0000,349696.0000,13,7,1997,1271
614683.0000,367259.0000,13,7,1997,1466
619332.0000,401992.0000,13,7,1997,1661
587453.0000,401098.0000,13,7,1997,1896
652349.0000,321291.0000,13,7,1997,1042
617954.0000,395504.0000,13,7,1997,1622
636807.0000,424537.0000,13,7,1997,1547
533889.0000,333741.0000,13,-1,-1,1994
623386.0000,387031.0000,13,7,1997,1486
632952.0000,385722.0000,13,7,1997,1384
695010.0000,449565.0000,13,7,1997,1115
626843.0000,367696.0000,13,7,1997,1351
488205.0000,420586.0000,12,12,3277,2347
611547.0000,411952.0000,13,7,1997,1783
621241.0000,368090.0000,13,7,1997,1408
581240.0000,362971.0000,13,7,1997,1834
608747.0000,363132.0000,13,7,1997,1512
662177.0000,420431.0000,13,7,1997,1268
615665.0000,405490.0000,13,7,1997,1723
617447.0000,366176.0000,13,7,1997,1433
560393.0000,389490.0000,13,7,1997,2001
685785.0000,409913.0000,13,7,1997,1066
623433.0000,400160.0000,13,7,1997,1563
609091.0000,437020.0000,13,7,1997,1884
624343.0000,403629.0000,13,7,1997,1578
668879.0000,388617.0000,13,7,1997,1093
567105.0000,437623.0000,13,7,1997,2050
657450.0000,365008.0000,13,7,1997,1090
591955.0000,378142.0000,13,7,1997,1805
588952.0000,437524.0000,13,7,1997,1975
607665.0000,447516.0000,13,7,1997,1918
608601.0000,418450.0000,13,7,1997,1839
662830.0000,420955.0000,13,7,1997,1266
605891.0000,428146.0000,13,7,1997,1878
615239.0000,317684.0000,13,7,1997,1207
588933.0000,366439.0000,13,7,1997,1778
618053.0000,357534.0000,13,7,1997,1396
577773.0000,434308.0000,13,7,1997,2013
606558.0000,458285.0000,13,7,1997,1952
620955.0000,389692.0000,13,7,1997,1527
738190.0000,371970.0000,13,-1,-1,943
634661.0000,446187.0000,13,7,1997,1734
571692.0000,449353.0000,13,7,1997,2052
605650.0000,447537.0000,13,7,1997,1925
639502.0000,371440.0000,13,7,1997,1244
684568.0000,380640.0000,13,7,1997,1036
658735.0000,399039.0000,13,7,1997,1184
618157.0000,384990.0000,13,7,1997,1531
618869.0000,398187.0000,13,7,1997,1634
603388.0000,403039.0000,13,7,1997,1814
585255.0000,415823.0000,13,7,1997,1950
639507.0000,438534.0000,13,7,1997,1626
594112.0000,399331.0000,13,7,1997,1865
619475.0000,400592.0000,13,7,1997,1645
571570.0000,375257.0000,13,7,1997,1916
659297.0000,373975.0000,13,7,1997,1101
603285.0000,449307.0000,13,7,1997,1945
610199.0000,394579.0000,13,7,1997,1722
590500.0000,418472.0000,13,7,1997,1930
630904.0000,404643.0000,13,7,1997,1499
591725.0000,406549.0000,13,7,1997,1892
621560.0000,397789.0000,13,7,1997,1576
563182.0000,367521.0000,13,7,1997,1937
593879.0000,444161.0000,13,7,1997,1968
616054.0000,371666.0000,13,7,1997,1478
627679.0000,395601.0000,13,7,1997,1487
608195.0000,447380.0000,13,7,1997,1912
616737.0000,397973.0000,13,7,1997,1667
650120.0000,324477.0000,13,7,1997,1055
616926.0000,398697.0000,13,7,1997,1669
650859.0000,460072.0000,13,7,1997,1617
642157.0000,345545.0000,13,7,1997,1121
601369.0000,411415.0000,13,7,1997,1860
604703.0000,392288.0000,13,7,1997,1758
721905.0000,378957.0000,13,-1,-1,974
619415.0000,397644.0000,13,7,1997,1616
571043.0000,347389.0000,13,7,1997,1849
659191.0000,459637.0000,13,7,1997,1495
629978.0000,400626.0000,13,7,1997,1491
688487.0000,383589.0000,13,7,1997,1029
598053.0000,438963.0000,13,7,1997,1946
635242.0000,356290.0000,13,7,1997,1202
605899.0000,412428.0000,13,7,1997,1837
656642.0000,407213.0000,13,7,1997,1254
619924.0000,406713.0000,13,7,1997,1682
630067.0000,372798.0000,13,7,1997,1345
600007.0000,377908.0000,13,7,1997,1736
589164.0000,386733.0000,13,7,1997,1858
630491.0000,379017.0000,13,7,1997,1373
618676.0000,377015.0000,13,7,1997,1480
639613.0000,388524.0000,13,7,1997,1340
669409.0000,415893.0000,13,7,1997,1170
681608.0000,436537.0000,13,7,1997,1157
649968.0000,371445.0000,13,7,1997,1150
629000.0000,417990.0000,13,7,1997,1629
658884.0000,390135.0000,13,7,1997,1153
605407.0000,427914.0000,13,7,1997,1879
629891.0000,414975.0000,13,7,1997,1585
621778.0000,364695.0000,13,7,1997,1395
610722.0000,418243.0000,13,7,1997,1817
601599.0000,388540.0000,13,7,1997,1770
615649.0000,429323.0000,13,7,1997,1824
627206.0000,402647.0000,13,7,1997,1529
643965.0000,366316.0000,13,7,1997,1172
614877.0000,402442.0000,13,7,1997,1717
606486.0000,420054.0000,13,7,1997,1852
668482.0000,358452.0000,13,7,1997,1050
628715.0000,434772.0000,13,7,1997,1735
196462.0000,887983.0000,0,8,4930,4983
335970.0000,846828.0000,0,8,4930,4350
272394.0000,837600.0000,0,8,4930,4591
211165.0000,825505.0000,0,8,4930,4898
226433.0000,837646.0000,0,8,4930,4864
219686.0000,859997.0000,0,8,4930,4935
242087.0000,844255.0000,0,8,4930,4781
213558.0000,873714.0000,0,8,4930,4962
245144.0000,845719.0000,0,8,4930,4761
247997.0000,878582.0000,0,8,4930,4857
283576.0000,809069.0000,0,8,4930,4426
224676.0000,859348.0000,0,8,4930,4917
298214.0000,820903.0000,0,8,4930,4399
245468.0000,859425.0000,0,8,4930,4814
222704.0000,824909.0000,0,8,4930,4842
250921.0000,819639.0000,0,8,4930,4656
249209.0000,801933.0000,0,8,4930,4613
230591.0000,874855.0000,0,8,4930,4922
234091.0000,876039.0000,0,8,4930,4911
286769.0000,862152.0000,0,8,4930,4580
224789.0000,866804.0000,0,8,4930,4928
245023.0000,849247.0000,0,8,4930,4777
263626.0000,851699.0000,0,8,4930,4681
250198.0000,825417.0000,0,8,4930,4682
231263.0000,863308.0000,0,8,4930,4893
307605.0000,840195.0000,0,8,4930,4400
276635.0000,875623.0000,0,8,4930,4675
230399.0000,842538.0000,0,8,4930,4854
274070.0000,798617.0000,0,8,4930,4450
247939.0000,831010.0000,0,8,4930,4708
209922.0000,850026.0000,0,8,4930,4944
300726.0000,862728.0000,0,8,4930,4472
222727.0000,770963.0000,0,8,4930,4683
239505.0000,885057.0000,0,8,4930,4907
291561.0000,845450.0000,0,8,4930,4477
221122.0000,832810.0000,0,8,4930,4875
194258.0000,914691.0000,0,8,4930,4993
228928.0000,855040.0000,0,8,4930,4888
264627.0000,808661.0000,0,8,4930,4544
225916.0000,843329.0000,0,8,4930,4877
240221.0000,843932.0000,0,8,4930,4796
276600.0000,823311.0000,0,8,4930,4506
204854.0000,810013.0000,0,8,4930,4892
278326.0000,829095.0000,0,8,4930,4514
246047.0000,846189.0000,0,8,4930,4753
251032.0000,876118.0000,0,8,4930,4827
285258.0000,848668.0000,0,8,4930,4539
260943.0000,889692.0000,0,8,4930,4813
245928.0000,867228.0000,0,8,4930,4831
221002.0000,870506.0000,0,8,4930,4943
292872.0000,896822.0000,0,8,4930,4637
261896.0000,897475.0000,0,8,4930,4825
269723.0000,849664.0000,0,8,4930,4632
243941.0000,843256.0000,0,8,4930,4760
249370.0000,872804.0000,0,8,4930,4826
237120.0000,856814.0000,0,8,4930,4856
257472.0000,849587.0000,0,8,4930,4707
253703.0000,834676.0000,0,8,4930,4689
238080.0000,830689.0000,0,8,4930,4755
225991.0000,869734.0000,0,8,4930,4929
231781.0000,799444.0000,0,8,4930,4709
296892.0000,901182.0000,0,8,4930,4628
234604.0000,822462.0000,0,8,4930,4751
241473.0000,860854.0000,0,8,4930,4840
219864.0000,842635.0000,0,8,4930,4897
235901.0000,856563.0000,0,8,4930,4865
207217.0000,878249.0000,0,8,4930,4969
256949.0000,820470.0000,0,8,4930,4623
204597.0000,863162.0000,0,8,4930,4965
325275.0000,866433.0000,0,8,4930,4384
239344.0000,814789.0000,0,8,4930,4710
187894.0000,871219.0000,0,8,4930,4984
259973.0000,862559.0000,0,8,4930,4726
189752.0000,865463.0000,0,8,4930,4979
245707.0000,844466.0000,0,8,4930,4750
188480.0000,870646.0000,0,8,4930,4982
305915.0000,854818.0000,0,8,4930,4428
242443.0000,851797.0000,0,8,4930,4807
227138.0000,824372.0000,0,8,4930,4818
229970.0000,878786.0000,0,8,4930,4932
281971.0000,825246.0000,0,8,4930,4471
241166.0000,845204.0000,0,8,4930,4795
225846.0000,874086.0000,0,8,4930,4938
284077.0000,905181.0000,0,8,4930,4713
258975.0000,837353.0000,0,8,4930,4663
241972.0000,840749.0000,0,8,4930,4768
245602.0000,857160.0000,0,8,4930,4805
227363.0000,836593.0000,0,8,4930,4855
257926.0000,936947.0000,0,8,4930,4937
237689.0000,839510.0000,0,8,4930,4800
267799.0000,847911.0000,0,8,4930,4639
207552.0000,772091.0000,0,8,4930,4767
201567.0000,881003.0000,0,8,4930,4975
265125.0000,820661.0000,0,8,4930,4586
273165.0000,852766.0000,0,8,4930,4625
290210.0000,818593.0000,0,8,4930,4423
256487.0000,868899.0000,0,8,4930,4764
271395.0000,862063.0000,0,8,4930,4665
251958.0000,886571.0000,0,8,4930,4858
249253.0000,856047.0000,0,8,4930,4770
268289.0000,878265.0000,0,8,4930,4724
295375.0000,861990.0000,0,8,4930,4510
256316.0000,818886.0000,0,8,4930,4620
246470.0000,842932.0000,0,8,4930,4744
314666.0000,849163.0000,0,8,4930,4391
298979.0000,774144.0000,0,8,4930,4353
192885.0000,887667.0000,0,8,4930,4987
227819.0000,900986.0000,0,8,4930,4961
250003.0000,859517.0000,0,8,4930,4779
249857.0000,844975.0000,0,8,4930,4732
218369.0000,851387.0000,0,8,4930,4925
252586.0000,806474.0000,0,8,4930,4606
283017.0000,850861.0000,0,8,4930,4565
228095.0000,843338.0000,0,8,4930,4870
266980.0000,825990.0000,0,8,4930,4588
241381.0000,844402.0000,0,8,4930,4789
294053.0000,878220.0000,0,8,4930,4587
253339.0000,750941.0000,0,8,4930,4431
241413.0000,845029.0000,0,8,4930,4793
294326.0000,807584.0000,0,8,4930,4388
257856.0000,846423.0000,0,8,4930,4699
248210.0000,886338.0000,0,8,4930,4873
216846.0000,737568.0000,0,-1,-1,4612
244743.0000,830888.0000,0,8,4930,4722
277055.0000,860813.0000,0,8,4930,4627
279923.0000,805957.0000,0,8,4930,4435
235041.0000,823732.0000,0,8,4930,4752
238524.0000,842928.0000,0,8,4930,4804
246453.0000,883061.0000,0,8,4930,4874
260590.0000,827955.0000,0,8,4930,4626
274554.0000,845338.0000,0,8,4930,4597
245254.0000,907991.0000,0,8,4930,4930
299821.0000,866288.0000,0,8,4930,4491
261120.0000,804153.0000,0,8,4930,4555
246729.0000,879602.0000,0,8,4930,4868
240308.0000,844341.0000,0,8,4930,4799
220620.0000,819091.0000,0,8,4930,4836
268926.0000,813783.0000,0,8,4930,4526
234219.0000,845270.0000,0,8,4930,4835
188424.0000,849785.0000,0,8,4930,4972
240171.0000,843940.0000,0,8,4930,4797
163766.0000,859386.0000,0,8,4930,4995
191257.0000,802651.0000,0,8,4930,4933
224852.0000,934148.0000,0,8,4930,4978
261093.0000,844962.0000,0,8,4930,4676
228711.0000,848090.0000,0,8,4930,4876
183478.0000,851724.0000,0,8,4930,4977
201080.0000,823689.0000,0,8,4930,4936
118590.0000,857150.0000,0,-1,-1,4998
264798.0000,767716.0000,0,8,4930,4421
313609.0000,860065.0000,0,8,4930,4412
232246.0000,844226.0000,0,8,4930,4844
237757.0000,834092.0000,0,8,4930,4771
222682.0000,806314.0000,0,8,4930,4784
243331.0000,844022.0000,0,8,4930,4769
197362.0000,870337.0000,0,8,4930,4974
229857.0000,843917.0000,0,8,4930,4861
244257.0000,776516.0000,0,8,4930,4574
224083.0000,852922.0000,0,8,4930,4902
309399.0000,838744.0000,0,8,4930,4392
271205.0000,817620.0000,0,8,4930,4523
242247.0000,864253.0000,0,8,4930,4846
235337.0000,831592.0000,0,8,4930,4786
232357.0000,810798.0000,0,8,4930,4734
252199.0000,828023.0000,0,8,4930,4678
267049.0000,950249.0000,0,-1,-1,4927
245678.0000,821691.0000,0,8,4930,4696
241138.0000,844374.0000,0,8,4930,4791
246182.0000,840370.0000,0,8,4930,4741
264175.0000,824349.0000,0,8,4930,4596
266977.0000,887963.0000,0,8,4930,4754
274685.0000,883097.0000,0,8,4930,4704
244260.0000,847060.0000,0,8,4930,4773
256073.0000,917590.0000,0,8,4930,4905
258416.0000,835432.0000,0,8,4930,4661
241687.0000,844256.0000,0,8,4930,4787
282603.0000,846165.0000,0,8,4930,4553
228032.0000,893055.0000,0,8,4930,4954
226949.0000,889283.0000,0,8,4930,4953
264274.0000,813041.0000,0,8,4930,4563
139601.0000,914203.0000,0,-1,-1,4999
229131.0000,842806.0000,0,8,4930,4863
236274.0000,861302.0000,0,8,4930,4872
261819.0000,863523.0000,0,8,4930,4718
200005.0000,825237.0000,0,8,4930,4940
310591.0000,841778.0000,0,8,4930,4393
244049.0000,817710.0000,0,8,4930,4695
235022.0000,911236.0000,0,8,4930,4958
256512.0000,837094.0000,0,8,4930,4679
236495.0000,861569.0000,0,8,4930,4871
256889.0000,880721.0000,0,8,4930,4809
258528.0000,856273.0000,0,8,4930,4716
233284.0000,860085.0000,0,8,4930,4880
257480.0000,849037.0000,0,8,4930,4706
269354.0000,811847.0000,0,8,4930,4516
222445.0000,891438.0000,0,8,4930,4963
222356.0000,840843.0000,0,8,4930,4884
236207.0000,886769.0000,0,8,4930,4924
174371.0000,864697.0000,0,8,4930,4991
159683.0000,838958.0000,0,8,4930,4992
237750.0000,837381.0000,0,8,4930,4790
241545.0000,838673.0000,0,8,4930,4762
256082.0000,831969.0000,0,8,4930,4666
246468.0000,838071.0000,0,8,4930,4731
205919.0000,844377.0000,0,8,4930,4947
266111.0000,813259.0000,0,8,4930,4552
244246.0000,847589.0000,0,8,4930,4775
244899.0000,812192.0000,0,8,4930,4672
219316.0000,898830.0000,0,8,4930,4967
251866.0000,864044.0000,0,8,4930,4783
238308.0000,790723.0000,0,8,4930,4641
209264.0000,836661.0000,0,8,4930,4931
242519.0000,845811.0000,0,8,4930,4785
351883.0000,890475.0000,0,-1,-1,4364
278929.0000,842054.0000,0,8,4930,4562
244027.0000,850132.0000,0,8,4930,4792
248570.0000,843156.0000,0,8,4930,4735
224681.0000,858432.0000,0,8,4930,4913
210276.0000,824826.0000,0,8,4930,4901
220884.0000,916718.0000,0,8,4930,4973
240846.0000,841609.0000,0,8,4930,4780
257093.0000,801567.0000,0,8,4930,4572
236749.0000,813868.0000,0,8,4930,4719
332237.0000,911313.0000,0,-1,-1,4440
288954.0000,846991.0000,0,8,4930,4503
238084.0000,844799.0000,0,8,4930,4815
236431.0000,844100.0000,0,8,4930,4823
299772.0000,828655.0000,0,8,4930,4406
241633.0000,846949.0000,0,8,4930,4798
230107.0000,858332.0000,0,8,4930,4890
256216.0000,903741.0000,0,8,4930,4878
258135.0000,880184.0000,0,8,4930,4801
232331.0000,872896.0000,0,8,4930,4912
183583.0000,787453.0000,0,8,4930,4934
264293.0000,890923.0000,0,8,4930,4794
213208.0000,833959.0000,0,8,4930,4910
224288.0000,931476.0000,0,8,4930,4976
261622.0000,869706.0000,0,8,4930,4737
297183.0000,841456.0000,0,8,4930,4439
241849.0000,815141.0000,0,8,4930,4701
308616.0000,811021.0000,0,8,4930,4368
220931.0000,876605.0000,0,8,4930,4950
289719.0000,866638.0000,0,8,4930,4573
233931.0000,838374.0000,0,8,4930,4820
224694.0000,848663.0000,0,8,4930,4891
240645.0000,855514.0000,0,8,4930,4828
229567.0000,855332.0000,0,8,4930,4886
247613.0000,815836.0000,0,8,4930,4668
239387.0000,847822.0000,0,8,4930,4816
257788.0000,880587.0000,0,8,4930,4803
245532.0000,846331.0000,0,8,4930,4759
224241.0000,828996.0000,0,8,4930,4850
227582.0000,856861.0000,0,8,4930,4894
244618.0000,845420.0000,0,8,4930,4765
213775.0000,841758.0000,0,8,4930,4923
243511.0000,830743.0000,0,8,4930,4730
244799.0000,841688.0000,0,8,4930,4748
216061.0000,848623.0000,0,8,4930,4926
294492.0000,832336.0000,0,8,4930,4430
248931.0000,844960.0000,0,8,4930,4739
267478.0000,894783.0000,0,8,4930,4782
228715.0000,837572.0000,0,8,4930,4849
269483.0000,848608.0000,0,8,4930,4630
248276.0000,844455.0000,0,8,4930,4740
236987.0000,881080.0000,0,8,4930,4909
223732.0000,826580.0000,0,8,4930,4841
230149.0000,886583.0000,0,8,4930,4942
265299.0000,859533.0000,0,8,4930,4693
181803.0000,799487.0000,0,8,4930,4952
247210.0000,859012.0000,0,8,4930,4802
261633.0000,773355.0000,0,8,4930,4449
262370.0000,891499.0000,0,8,4930,4808
250394.0000,847577.0000,0,8,4930,4738
222019.0000,839774.0000,0,8,4930,4883
238328.0000,770068.0000,0,8,4930,4592
208941.0000,860169.0000,0,8,4930,4959
238714.0000,858826.0000,0,8,4930,4853
241005.0000,825301.0000,0,8,4930,4729
270742.0000,847836.0000,0,8,4930,4622
238492.0000,833394.0000,0,8,4930,4766
312726.0000,853829.0000,0,8,4930,4405
286663.0000,846902.0000,0,8,4930,4520
261796.0000,819395.0000,0,8,4930,4595
253890.0000,807676.0000,0,8,4930,4603
242415.0000,844335.0000,0,8,4930,4778
134134.0000,842630.0000,0,-1,-1,4997
163956.0000,833732.0000,0,8,4930,4989
250359.0000,849451.0000,0,8,4930,4743
295357.0000,842293.0000,0,8,4930,4452
218942.0000,848326.0000,0,8,4930,4919
205466.0000,778884.0000,0,8,4930,4811
253899.0000,862843.0000,0,8,4930,4758
244966.0000,841126.0000,0,8,4930,4746
208494.0000,850615.0000,0,8,4930,4948
221126.0000,837878.0000,0,8,4930,4882
271093.0000,861412.0000,0,8,4930,4664
216543.0000,842952.0000,0,8,4930,4916
255185.0000,825960.0000,0,8,4930,4651
251070.0000,877802.0000,0,8,4930,4832
264565.0000,859237.0000,0,8,4930,4697
228611.0000,836717.0000,0,8,4930,4843
228517.0000,837056.0000,0,8,4930,4847
198583.0000,860431.0000,0,8,4930,4968
215976.0000,836025.0000,0,8,4930,4900
254411.0000,848090.0000,0,8,4930,4715
168036.0000,807011.0000,0,8,4930,4970
292194.0000,906490.0000,0,8,4930,4674
243951.0000,865415.0000,0,8,4930,4838
260922.0000,785987.0000,0,8,4930,4484
245740.0000,814541.0000,0,8,4930,4677
317675.0000,838127.0000,0,8,4930,4372
274505.0000,864723.0000,0,8,4930,4652
230049.0000,865536.0000,0,8,4930,4903
235084.0000,818866.0000,0,8,4930,4742
172690.0000,847721.0000,0,8,4930,4988
221706.0000,875060.0000,0,8,4930,4946
236740.0000,853169.0000,0,8,4930,4845
298800.0000,824277.0000,0,8,4930,4404
265246.0000,889333.0000,0,8,4930,4776
219498.0000,851932.0000,0,8,4930,4921
247484.0000,846372.0000,0,8,4930,4747
288675.0000,919879.0000,0,8,4930,4728
229280.0000,813483.0000,0,8,4930,4757
282622.0000,879222.0000,0,8,4930,4643
307300.0000,836132.0000,0,8,4930,4394
238260.0000,882489.0000,0,8,4930,4906
219049.0000,825171.0000,0,8,4930,4869
219321.0000,848396.0000,0,8,4930,4915
240028.0000,849354.0000,0,8,4930,4817
212009.0000,864463.0000,0,8,4930,4956
246857.0000,852483.0000,0,8,4930,4774
245118.0000,811283.0000,0,8,4930,4670
247855.0000,794626.0000,0,8,4930,4599
253655.0000,821946.0000,0,8,4930,4645
241475.0000,850889.0000,0,8,4930,4812
210162.0000,860529.0000,0,8,4930,4955
204922.0000,854068.0000,0,8,4930,4960
225567.0000,853078.0000,0,8,4930,4896
245258.0000,799882.0000,0,8,4930,4629
257134.0000,845851.0000,0,8,4930,4702
187314.0000,815820.0000,0,8,4930,4957
294275.0000,174786.0000,10,9,3198,2961
329428.0000,66056.0000,10,-1,-1,2259
325938.0000,164475.0000,10,9,3198,2583
253129.0000,154296.0000,10,9,3198,3216
319838.0000,170383.0000,10,9,3198,2751
240213.0000,118409.0000,10,9,3198,3192
283784.0000,178305.0000,10,9,3198,3073
376613.0000,159699.0000,10,9,3198,2260
338717.0000,181582.0000,10,9,3198,2545
304283.0000,183656.0000,10,9,3198,2920
314519.0000,146787.0000,10,9,3198,2632
270899.0000,175377.0000,10,9,3198,3184
291228.0000,101272.0000,10,9,3198,2641
291170.0000,110147.0000,10,9,3198,2724
321522.0000,163852.0000,10,9,3198,2669
202627.0000,179376.0000,10,-1,-1,3346
307913.0000,91419.0000,10,9,3198,2424
311093.0000,169734.0000,10,9,3198,2836
321775.0000,164846.0000,10,9,3198,2675
294832.0000,124284.0000,10,9,3198,2770
295537.0000,91032.0000,10,9,3198,2518
383044.0000,180418.0000,10,9,3198,2274
338570.0000,192256.0000,10,9,3198,2606
337894.0000,175289.0000,10,9,3198,2520
359796.0000,165920.0000,10,9,3198,2348
316263.0000,163806.0000,10,9,3198,2754
320972.0000,170417.0000,10,9,3198,2728
277860.0000,111893.0000,10,9,3198,2871
367806.0000,123963.0000,10,9,3198,2220
359352.0000,162962.0000,10,9,3198,2339
350964.0000,149159.0000,10,9,3198,2351
332201.0000,181702.0000,10,9,3198,2631
287966.0000,150135.0000,10,9,3198,2915
346942.0000,152780.0000,10,9,3198,2383
232784.0000,169847.0000,10,9,3198,3303
292492.0000,99170.0000,10,9,3198,2594
334529.0000,166765.0000,10,9,3198,2508
363208.0000,238649.0000,10,9,3198,2586
196795.0000,190277.0000,10,-1,-1,3356
353333.0000,113156.0000,10,9,3198,2258
373191.0000,88470.0000,10,9,3198,2104
333789.0000,151168.0000,10,9,3198,2460
339732.0000,163158.0000,10,9,3198,2461
321822.0000,187102.0000,10,9,3198,2814
276792.0000,141848.0000,10,9,3198,2971
308044.0000,164482.0000,10,9,3198,2841
311328.0000,159477.0000,10,9,3198,2791
383052.0000,89061.0000,10,9,3198,2074
316820.0000,150304.0000,10,9,3198,2617
314479.0000,178821.0000,10,9,3198,2850
310824.0000,144943.0000,10,9,3198,2692
333143.0000,200298.0000,10,9,3198,2771
300672.0000,175844.0000,10,9,3198,2918
339482.0000,151261.0000,10,9,3198,2416
319208.0000,164182.0000,10,9,3198,2713
321645.0000,164662.0000,10,9,3198,2677
308763.0000,166511.0000,10,9,3198,2845
308066.0000,145825.0000,10,9,3198,2741
360143.0000,155270.0000,10,9,3198,2317
348893.0000,195430.0000,10,9,3198,2509
319283.0000,158983.0000,10,9,3198,2663
332284.0000,194186.0000,10,9,3198,2744
292402.0000,184441.0000,10,9,3198,3010
361227.0000,221878.0000,10,9,3198,2522
313573.0000,109221.0000,10,9,3198,2452
310693.0000,154278.0000,10,9,3198,2765
344482.0000,215846.0000,10,9,3198,2721
358652.0000,186358.0000,10,9,3198,2408
330533.0000,214555.0000,10,9,3198,2864
320400.0000,160020.0000,10,9,3198,2648
267662.0000,127175.0000,10,9,3198,2986
396583.0000,82842.0000,10,-1,-1,2028
292193.0000,125417.0000,10,9,3198,2802
324121.0000,96346.0000,10,9,3198,2353
321344.0000,166633.0000,10,9,3198,2698
234837.0000,151054.0000,10,9,3198,3280
368060.0000,76739.0000,10,9,3198,2100
347050.0000,150472.0000,10,9,3198,2377
245783.0000,109229.0000,10,-1,-1,3113
400550.0000,144359.0000,10,9,3198,2111
343217.0000,153037.0000,10,9,3198,2400
315488.0000,160339.0000,10,9,3198,2737
347406.0000,155708.0000,10,9,3198,2389
336845.0000,172750.0000,10,9,3198,2517
357014.0000,148222.0000,10,9,3198,2313
331862.0000,169092.0000,10,9,3198,2549
322140.0000,165212.0000,10,9,3198,2670
363075.0000,162238.0000,10,9,3198,2323
318738.0000,182134.0000,10,9,3198,2821
346717.0000,178180.0000,10,9,3198,2470
311819.0000,140674.0000,10,9,3198,2620
332032.0000,157725.0000,10,9,3198,2497
301983.0000,173386.0000,10,9,3198,2906
321556.0000,163352.0000,10,9,3198,2661
315830.0000,102777.0000,10,9,3198,2413
312275.0000,145173.0000,10,9,3198,2667
325861.0000,203058.0000,10,9,3198,2856
360703.0000,150999.0000,10,9,3198,2302
345976.0000,148333.0000,10,9,3198,2376
320210.0000,191459.0000,10,9,3198,2854
318665.0000,158107.0000,10,9,3198,2668
425563.0000,163524.0000,11,10,1970,2057
264427.0000,188193.0000,10,9,3198,3240
348177.0000,179526.0000,10,9,3198,2459
265430.0000,151883.0000,10,9,3198,3128
320718.0000,158610.0000,10,9,3198,2626
380609.0000,185976.0000,10,9,3198,2289
345234.0000,188822.0000,10,9,3198,2513
362027.0000,150348.0000,10,9,3198,2295
300294.0000,178772.0000,10,9,3198,2931
315963.0000,174031.0000,10,9,3198,2807
333787.0000,189423.0000,10,9,3198,2684
337343.0000,156614.0000,10,9,3198,2454
334812.0000,137431.0000,10,9,3198,2403
347492.0000,153416.0000,10,9,3198,2382
324518.0000,167369.0000,10,9,3198,2642
353991.0000,193997.0000,10,9,3198,2473
274321.0000,219665.0000,10,9,3198,3264
335476.0000,183897.0000,10,9,3198,2591
300021.0000,159185.0000,10,9,3198,2878
384591.0000,137729.0000,10,9,3198,2162
320000.0000,162605.0000,10,9,3198,2687
268938.0000,211870.0000,10,9,3198,3269
366146.0000,196571.0000,10,9,3198,2396
356280.0000,185198.0000,10,9,3198,2418
325767.0000,164095.0000,10,9,3198,2582
350480.0000,214608.0000,10,9,3198,2598
314791.0000,163370.0000,10,9,3198,2768
302582.0000,134124.0000,10,9,3198,2731
328851.0000,147002.0000,10,9,3198,2482
347039.0000,195468.0000,10,9,3198,2531
289531.0000,145743.0000,10,9,3198,2897
343018.0000,239960.0000,10,9,3198,2867
271123.0000,163465.0000,10,9,3198,3134
326959.0000,154655.0000,10,9,3198,2527
332307.0000,189590.0000,10,9,3198,2708
310529.0000,141617.0000,10,9,3198,2664
380281.0000,205779.0000,10,9,3198,2344
411606.0000,137378.0000,10,9,3198,2061
348191.0000,165419.0000,10,9,3198,2407
305292.0000,175260.0000,10,9,3198,2890
256120.0000,141529.0000,10,9,3198,3166
390934.0000,170420.0000,10,9,3198,2224
358562.0000,112650.0000,10,9,3198,2238
355499.0000,224982.0000,10,9,3198,2600
363437.0000,77975.0000,10,9,3198,2121
232043.0000,177614.0000,10,9,3198,3310
246753.0000,175170.0000,10,9,3198,3282
327204.0000,152871.0000,10,9,3198,2512
371685.0000,151612.0000,10,9,3198,2264
291723.0000,177824.0000,10,9,3198,2995
324488.0000,180658.0000,10,9,3198,2757
340048.0000,131847.0000,10,9,3198,2362
295311.0000,115000.0000,10,9,3198,2699
239495.0000,163949.0000,10,9,3198,3285
267521.0000,119941.0000,10,9,3198,2953
401396.0000,125431.0000,10,9,3198,2073
260930.0000,184935.0000,10,9,3198,3252
336085.0000,170252.0000,10,9,3198,2511
291782.0000,159562.0000,10,9,3198,2923
307616.0000,207295.0000,10,9,3198,2990
352910.0000,145624.0000,10,9,3198,2328
294653.0000,104623.0000,10,9,3198,2603
372883.0000,222824.0000,10,9,3198,2435
318707.0000,160697.0000,10,9,3198,2693
281548.0000,175184.0000,10,9,3198,3083
307747.0000,128551.0000,10,9,3198,2585
336991.0000,217448.0000,10,9,3198,2817
270233.0000,195701.0000,10,9,3198,3236
433100.0000,134861.0000,11,10,1970,1995
311433.0000,134432.0000,10,9,3198,2578
375353.0000,117180.0000,10,9,3198,2157
315146.0000,160782.0000,10,9,3198,2747
311163.0000,166821.0000,10,9,3198,2819
305333.0000,171939.0000,10,9,3198,2883
332470.0000,161202.0000,10,9,3198,2505
302266.0000,185591.0000,10,9,3198,2940
370775.0000,144355.0000,10,9,3198,2253
314552.0000,151035.0000,10,9,3198,2680
343145.0000,172236.0000,10,9,3198,2472
331212.0000,162496.0000,10,9,3198,2524
299460.0000,144708.0000,10,9,3198,2826
383894.0000,179880.0000,10,9,3198,2269
345703.0000,149860.0000,10,9,3198,2381
331381.0000,162660.0000,10,9,3198,2521
344364.0000,213940.0000,10,9,3198,2711
378347.0000,144880.0000,10,9,3198,2221
322789.0000,137560.0000,10,9,3198,2491
328425.0000,159826.0000,10,9,3198,2537
341137.0000,78287.0000,10,9,3198,2239
317771.0000,154916.0000,10,9,3198,2650
336266.0000,148507.0000,10,9,3198,2429
342066.0000,119083.0000,10,9,3198,2316
297177.0000,88467.0000,10,9,3198,2496
280519.0000,165350.0000,10,9,3198,3029
305901.0000,166656.0000,10,9,3198,2868
284757.0000,175853.0000,10,9,3198,3047
281732.0000,221764.0000,10,9,3198,3238
321262.0000,178491.0000,10,9,3198,2786
344710.0000,213543.0000,10,9,3198,2704
311408.0000,168232.0000,10,9,3198,2825
356500.0000,188114.0000,10,9,3198,2426
304376.0000,222294.0000,10,9,3198,3099
278116.0000,185472.0000,10,9,3198,3169
247892.0000,115217.0000,10,9,3198,3124
306326.0000,164202.0000,10,9,3198,2855
311516.0000,94189.0000,10,9,3198,2412
323747.0000,163351.0000,10,9,3198,2613
321778.0000,158339.0000,10,9,3198,2601
309501.0000,166931.0000,10,9,3198,2839
333942.0000,143344.0000,10,9,3198,2425
339393.0000,209145.0000,10,9,3198,2750
340996.0000,170964.0000,10,9,3198,2481
315333.0000,144566.0000,10,9,3198,2596
332853.0000,168141.0000,10,9,3198,2535
290958.0000,168323.0000,10,9,3198,2963
297731.0000,175876.0000,10,9,3198,2935
280274.0000,182662.0000,10,9,3198,3137
306540.0000,193434.0000,10,9,3198,2936
319155.0000,159850.0000,10,9,3198,2678
355168.0000,114823.0000,10,9,3198,2256
270201.0000,236813.0000,10,9,3198,3299
347630.0000,120931.0000,10,9,3198,2290
446538.0000,180119.0000,11,10,1970,2023
371052.0000,147369.0000,10,9,3198,2257
403365.0000,215735.0000,10,9,3198,2267
258201.0000,153095.0000,10,9,3198,3189
335121.0000,214149.0000,10,9,3198,2818
283786.0000,133973.0000,10,9,3198,2894
353951.0000,133923.0000,10,9,3198,2294
345069.0000,165968.0000,10,9,3198,2428
367079.0000,183232.0000,10,9,3198,2357
363932.0000,228249.0000,10,9,3198,2528
354132.0000,161850.0000,10,9,3198,2369
390538.0000,157197.0000,10,9,3198,2192
333805.0000,148479.0000,10,9,3198,2448
325344.0000,159885.0000,10,9,3198,2568
323905.0000,168029.0000,10,9,3198,2662
274495.0000,182470.0000,10,9,3198,3183
309684.0000,150076.0000,10,9,3198,2749
381617.0000,157000.0000,10,9,3198,2234
322841.0000,169735.0000,10,9,3198,2700
359520.0000,132845.0000,10,9,3198,2272
249616.0000,144446.0000,10,9,3198,3209
321620.0000,169950.0000,10,9,3198,2719
415495.0000,116126.0000,10,-1,-1,2019
335742.0000,196692.0000,10,9,3198,2709
271424.0000,251323.0000,10,-1,-1,3306
340066.0000,152500.0000,10,9,3198,2417
327734.0000,163585.0000,10,9,3198,2559
346079.0000,220993.0000,10,9,3198,2736
276741.0000,143844.0000,10,9,3198,2980
377042.0000,182019.0000,10,9,3198,2300
400055.0000,131725.0000,10,9,3198,2084
332246.0000,172932.0000,10,9,3198,2565
310386.0000,171068.0000,10,9,3198,2851
327569.0000,158418.0000,10,9,3198,2539
324444.0000,166910.0000,10,9,3198,2639
317217.0000,163896.0000,10,9,3198,2739
270404.0000,183080.0000,10,9,3198,3201
277512.0000,151920.0000,10,9,3198,3003
324966.0000,170021.0000,10,9,3198,2658
306421.0000,145493.0000,10,9,3198,2763
382419.0000,110392.0000,10,9,3198,2113
318266.0000,171979.0000,10,9,3198,2781
321245.0000,141627.0000,10,9,3198,2516
318192.0000,170844.0000,10,9,3198,2775
320821.0000,165455.0000,10,9,3198,2695
329029.0000,204399.0000,10,9,3198,2832
311065.0000,219934.0000,10,9,3198,3006
287127.0000,192494.0000,10,9,3198,3119
283571.0000,109326.0000,10,9,3198,2805
308748.0000,199866.0000,10,9,3198,2946
369490.0000,164369.0000,10,9,3198,2293
270729.0000,67329.0000,10,-1,-1,2707
279010.0000,181792.0000,10,9,3198,3147
282957.0000,179982.0000,10,9,3198,3102
308489.0000,145929.0000,10,9,3198,2733
327927.0000,168535.0000,10,9,3198,2584
327022.0000,161396.0000,10,9,3198,2556
376557.0000,109320.0000,10,9,3198,2126
248427.0000,146381.0000,10,9,3198,3219
321182.0000,150806.0000,10,9,3198,2563
312337.0000,154488.0000,10,9,3198,2743
268518.0000,181514.0000,10,9,3198,3208
285865.0000,167818.0000,10,9,3198,3000
279251.0000,184486.0000,10,9,3198,3157
306042.0000,66361.0000,10,9,3198,2368
318215.0000,180010.0000,10,9,3198,2815
293978.0000,197091.0000,10,9,3198,3069
338044.0000,233264.0000,10,9,3198,2874
293864.0000,241877.0000,10,9,3198,3232
344380.0000,183817.0000,10,9,3198,2502
316257.0000,171544.0000,10,9,3198,2798
248779.0000,111087.0000,10,9,3198,3092
313783.0000,177198.0000,10,9,3198,2849
415534.0000,110526.0000,10,-1,-1,2010
296164.0000,96874.0000,10,9,3198,2543
315670.0000,160928.0000,10,9,3198,2742
339137.0000,160334.0000,10,9,3198,2455
290700.0000,196285.0000,10,9,3198,3107
307107.0000,174760.0000,10,9,3198,2882
325279.0000,168587.0000,10,9,3198,2640
328423.0000,161604.0000,10,9,3198,2548
333883.0000,276840.0000,10,-1,-1,3070
308555.0000,134011.0000,10,9,3198,2619
322101.0000,164171.0000,10,9,3198,2655
306357.0000,123397.0000,10,9,3198,2574
292931.0000,125341.0000,10,9,3198,2799
284378.0000,223470.0000,10,9,3198,3235
335003.0000,151395.0000,10,9,3198,2450
267212.0000,158699.0000,10,9,3198,3149
343851.0000,193618.0000,10,9,3198,2553
296627.0000,93375.0000,10,9,3198,2519
334980.0000,143900.0000,10,9,3198,2420
335235.0000,180161.0000,10,9,3198,2573
360945.0000,167952.0000,10,9,3198,2346
257841.0000,193878.0000,10,9,3198,3278
275288.0000,212315.0000,10,9,3198,3247
331798.0000,143962.0000,10,9,3198,2445
333937.0000,51121.0000,10,-1,-1,2206
328775.0000,156501.0000,10,9,3198,2515
319829.0000,168353.0000,10,9,3198,2732
293201.0000,192871.0000,10,9,3198,3051
327608.0000,177638.0000,10,9,3198,2686
332562.0000,174699.0000,10,9,3198,2571
348815.0000,150017.0000,10,9,3198,2365
312227.0000,159417.0000,10,9,3198,2778
324337.0000,162686.0000,10,9,3198,2597
323329.0000,93955.0000,10,9,3198,2350
291973.0000,127483.0000,10,9,3198,2811
258779.0000,106777.0000,10,9,3198,2974
325360.0000,134919.0000,10,9,3198,2462
267264.0000,153034.0000,10,9,3198,3118
312421.0000,170617.0000,10,9,3198,2827
293350.0000,175997.0000,10,9,3198,2977
275459.0000,190178.0000,10,9,3198,3195
244344.0000,185382.0000,10,9,3198,3298
252845.0000,181181.0000,10,9,3198,3274
357923.0000,192120.0000,10,9,3198,2432
382720.0000,263255.0000,10,-1,-1,2514
326040.0000,156509.0000,10,9,3198,2546
165104.0000,543395.0000,9,11,4863,4378
139903.0000,592241.0000,9,11,4863,4634
132705.0000,557674.0000,9,11,4863,4585
114311.0000,601605.0000,9,11,4863,4822
102460.0000,533057.0000,9,11,4863,4685
185935.0000,554627.0000,9,11,4863,4358
123441.0000,594415.0000,9,11,4863,4733
97216.0000,564094.0000,9,11,4863,4810
110948.0000,539533.0000,9,11,4863,4650
101553.0000,517715.0000,9,11,4863,4638
133023.0000,574572.0000,9,11,4863,4621
144570.0000,573936.0000,9,11,4863,4558
136531.0000,557658.0000,9,11,4863,4557
173576.0000,507309.0000,9,11,4863,4329
179189.0000,536028.0000,9,11,4863,4351
141238.0000,557986.0000,9,11,4863,4519
156430.0000,615117.0000,9,11,4863,4605
69169.0000,631490.0000,9,11,4863,4981
31842.0000,565765.0000,9,-1,-1,4986
144620.0000,575370.0000,9,11,4863,4561
155899.0000,561715.0000,9,11,4863,4441
137451.0000,555339.0000,9,11,4863,4538
68388.0000,574380.0000,9,11,4863,4951
166290.0000,521714.0000,9,11,4863,4363
210499.0000,526471.0000,9,11,4863,4298
148319.0000,584541.0000,9,11,4863,4567
135336.0000,552552.0000,9,11,4863,4546
136606.0000,562296.0000,9,11,4863,4571
136301.0000,569544.0000,9,11,4863,4594
119386.0000,620549.0000,9,11,4863,4848
139212.0000,557713.0000,9,11,4863,4533
84501.0000,604671.0000,9,11,4863,4949
176602.0000,574552.0000,9,11,4863,4390
105945.0000,528795.0000,9,11,4863,4644
140989.0000,537156.0000,9,11,4863,4454
138449.0000,555969.0000,9,11,4863,4532
128669.0000,574591.0000,9,11,4863,4649
95749.0000,602775.0000,9,11,4863,4914
139460.0000,557260.0000,9,11,4863,4528
130440.0000,562623.0000,9,11,4863,4602
147885.0000,527813.0000,9,11,4863,4407
58190.0000,608304.0000,9,11,4863,4980
151701.0000,574146.0000,9,11,4863,4498
148385.0000,538149.0000,9,11,4863,4424
142668.0000,544976.0000,9,11,4863,4462
145251.0000,553486.0000,9,11,4863,4470
142265.0000,546135.0000,9,11,4863,4467
202913.0000,525966.0000,9,11,4863,4311
192564.0000,547558.0000,9,11,4863,4332
179240.0000,577011.0000,9,11,4863,4385
182840.0000,584262.0000,9,11,4863,4386
144242.0000,557674.0000,9,11,4863,4492
135849.0000,550612.0000,9,11,4863,4530
101427.0000,615890.0000,9,11,4863,4920
143265.0000,548387.0000,9,11,4863,4468
112379.0000,547679.0000,9,11,4863,4669
137347.0000,622867.0000,9,11,4863,4736
139146.0000,569516.0000,9,11,4863,4581
125756.0000,579609.0000,9,11,4863,4686
77109.0000,512651.0000,9,11,4863,4763
138073.0000,556272.0000,9,11,4863,4534
202547.0000,601240.0000,9,11,4863,4369
19835.0000,570290.0000,9,-1,-1,4994
118137.0000,579149.0000,9,11,4863,4720
201324.0000,574588.0000,9,11,4863,4344
113259.0000,568684.0000,9,11,4863,4717
139052.0000,610320.0000,9,11,4863,4698
177246.0000,571940.0000,9,11,4863,4382
107972.0000,601191.0000,9,11,4863,4859
138199.0000,541774.0000,9,11,4863,4479
220156.0000,589643.0000,9,11,4863,4321
137787.0000,566189.0000,9,11,4863,4579
138122.0000,557230.0000,9,11,4863,4541
93136.0000,613387.0000,9,11,4863,4941
154620.0000,576738.0000,9,11,4863,4487
131523.0000,568207.0000,9,11,4863,4611
136967.0000,565662.0000,9,11,4863,4583
142886.0000,556511.0000,9,11,4863,4497
125005.0000,540340.0000,9,11,4863,4576
138965.0000,558201.0000,9,11,4863,4536
139474.0000,569485.0000,9,11,4863,4578
171471.0000,576787.0000,9,11,4863,4410
157138.0000,565993.0000,9,11,4863,4448
198294.0000,552987.0000,9,11,4863,4327
136078.0000,547418.0000,9,11,4863,4517
140164.0000,531093.0000,9,11,4863,4445
156003.0000,502860.0000,9,11,4863,4365
67867.0000,545392.0000,9,11,4863,4908
133780.0000,533275.0000,9,11,4863,4481
116142.0000,550919.0000,9,11,4863,4653
148510.0000,579793.0000,9,11,4863,4551
179224.0000,584189.0000,9,11,4863,4397
149906.0000,546909.0000,9,11,4863,4433
29760.0000,557873.0000,9,-1,-1,4985
115287.0000,602637.0000,9,11,4863,4819
206561.0000,574789.0000,9,11,4863,4330
108651.0000,521409.0000,9,11,4863,4607
115905.0000,560139.0000,9,11,4863,4687
127373.0000,549518.0000,9,11,4863,4590
141699.0000,530028.0000,9,11,4863,4432
141641.0000,557376.0000,9,11,4863,4512
111855.0000,531542.0000,9,11,4863,4617
136580.0000,553967.0000,9,11,4863,4540
137516.0000,556818.0000,9,11,4863,4545
179793.0000,483378.0000,9,11,4863,4312
105568.0000,584102.0000,9,11,4863,4821
125840.0000,520239.0000,9,11,4863,4490
117212.0000,565692.0000,9,11,4863,4692
140717.0000,554093.0000,9,11,4863,4508
139033.0000,593287.0000,9,11,4863,4640
172882.0000,571145.0000,9,11,4863,4396
104862.0000,608089.0000,9,11,4863,4887
158366.0000,537970.0000,9,11,4863,4389
138525.0000,534268.0000,9,11,4863,4457
69565.0000,599820.0000,9,11,4863,4966
94571.0000,528963.0000,9,11,4863,4712
153185.0000,562792.0000,9,11,4863,4456
147599.0000,513563.0000,9,11,4863,4383
223226.0000,546198.0000,9,11,4863,4292
143879.0000,536650.0000,9,11,4863,4436
151099.0000,518008.0000,9,11,4863,4380
109317.0000,531425.0000,9,11,4863,4633
127202.0000,525948.0000,9,11,4863,4502
137740.0000,618961.0000,9,11,4863,4723
138734.0000,557713.0000,9,11,4863,4535
109912.0000,565003.0000,9,11,4863,4727
158060.0000,525533.0000,9,11,4863,4376
260096.0000,530550.0000,8,5,4031,4093
134449.0000,557556.0000,9,11,4863,4569
121650.0000,599844.0000,9,11,4863,4756
188992.0000,563992.0000,9,11,4863,4359
207218.0000,589497.0000,9,11,4863,4346
179830.0000,547383.0000,9,11,4863,4360
152331.0000,529689.0000,9,11,4863,4395
112184.0000,530469.0000,9,11,4863,4615
166904.0000,503121.0000,9,11,4863,4340
183026.0000,545377.0000,9,11,4863,4354
152658.0000,569277.0000,9,11,4863,4473
172116.0000,513383.0000,9,11,4863,4339
95899.0000,530846.0000,9,11,4863,4711
144325.0000,538991.0000,9,11,4863,4442
166597.0000,572855.0000,9,11,4863,4420
105193.0000,596017.0000,9,11,4863,4860
166840.0000,562425.0000,9,11,4863,4403
117089.0000,561455.0000,9,11,4863,4684
141718.0000,549576.0000,9,11,4863,4485
117959.0000,536156.0000,9,11,4863,4598
125351.0000,529954.0000,9,11,4863,4531
140706.0000,547367.0000,9,11,4863,4483
138012.0000,558263.0000,9,11,4863,4549
135284.0000,555664.0000,9,11,4863,4559
142663.0000,556520.0000,9,11,4863,4501
112673.0000,516997.0000,9,11,4863,4582
137657.0000,611252.0000,9,11,4863,4705
119237.0000,591137.0000,9,11,4863,4745
186380.0000,487625.0000,9,11,4863,4309
113099.0000,546732.0000,9,11,4863,4659
176278.0000,550602.0000,9,11,4863,4370
158773.0000,588778.0000,9,11,4863,4504
140962.0000,518168.0000,9,11,4863,4415
144856.0000,551807.0000,9,11,4863,4469
155943.0000,576199.0000,9,11,4863,4475
152584.0000,564548.0000,9,11,4863,4461
165356.0000,570715.0000,9,11,4863,4422
127858.0000,609681.0000,9,11,4863,4749
257984.0000,555707.0000,8,5,4031,4197
149758.0000,564768.0000,9,11,4863,4480
129550.0000,560106.0000,9,11,4863,4600
159271.0000,568953.0000,9,11,4863,4444
151374.0000,538387.0000,9,11,4863,4413
129030.0000,588495.0000,9,11,4863,4691
155430.0000,549012.0000,9,11,4863,4416
172756.0000,612694.0000,9,11,4863,4486
93459.0000,514032.0000,9,11,4863,4680
99569.0000,523174.0000,9,11,4863,4671
148080.0000,544056.0000,9,11,4863,4434
169322.0000,577938.0000,9,11,4863,4419
173847.0000,514665.0000,9,11,4863,4334
136418.0000,562926.0000,9,11,4863,4575
140047.0000,540043.0000,9,11,4863,4463
74519.0000,527539.0000,9,11,4863,4833
146681.0000,562995.0000,9,11,4863,4493
110877.0000,562558.0000,9,11,4863,4714
95071.0000,503965.0000,9,11,4863,4636
136232.0000,576477.0000,9,11,4863,4609
146120.0000,576624.0000,9,11,4863,4556
259173.0000,548593.0000,8,5,4031,4170
107965.0000,535173.0000,9,11,4863,4655
103153.0000,601002.0000,9,11,4863,4879
158283.0000,570550.0000,9,11,4863,4453
206219.0000,604081.0000,9,11,4863,4366
116492.0000,509399.0000,9,11,4863,4521
97430.0000,598804.0000,9,11,4863,4895
193275.0000,538687.0000,9,11,4863,4323
116860.0000,550810.0000,9,11,4863,4648
179834.0000,541387.0000,9,11,4863,4357
143226.0000,522375.0000,9,11,4863,4414
111174.0000,539350.0000,9,11,4863,4647
94933.0000,588147.0000,9,11,4863,4885
139434.0000,557410.0000,9,11,4863,4529
131532.0000,536658.0000,9,11,4863,4509
38179.0000,532155.0000,9,-1,-1,4964
113321.0000,606322.0000,9,11,4863,4839
123905.0000,508486.0000,9,11,4863,4465
201753.0000,569116.0000,9,11,4863,4333
206660.0000,575002.0000,9,11,4863,4331
138884.0000,529162.0000,9,11,4863,4446
139636.0000,565984.0000,9,11,4863,4564
110479.0000,594587.0000,9,11,4863,4824
76253.0000,529394.0000,9,11,4863,4829
160280.0000,493497.0000,9,11,4863,4345
161475.0000,587507.0000,9,11,4863,4478
149054.0000,556986.0000,9,11,4863,4460
223408.0000,520131.0000,9,11,4863,4266
158596.0000,562634.0000,9,11,4863,4429
141991.0000,539522.0000,9,11,4863,4455
137172.0000,523482.0000,9,11,4863,4437
161154.0000,538355.0000,9,11,4863,4381
130157.0000,581286.0000,9,11,4863,4662
142000.0000,554964.0000,9,11,4863,4500
86243.0000,559135.0000,9,11,4863,4862
130883.0000,557824.0000,9,11,4863,4593
127964.0000,538935.0000,9,11,4863,4550
122130.0000,568886.0000,9,11,4863,4673
210597.0000,589836.0000,9,11,4863,4341
139847.0000,552015.0000,9,11,4863,4507
147664.0000,559632.0000,9,11,4863,4474
167716.0000,562762.0000,9,11,4863,4401
130657.0000,555545.0000,9,11,4863,4589
165382.0000,518876.0000,9,11,4863,4361
221994.0000,575146.0000,9,11,4863,4316
87236.0000,607429.0000,9,11,4863,4945
154268.0000,542573.0000,9,11,4863,4409
197367.0000,535989.0000,9,11,4863,4319
133094.0000,557996.0000,9,11,4863,4584
155274.0000,552551.0000,9,11,4863,4425
139911.0000,561185.0000,9,11,4863,4543
146924.0000,565933.0000,9,11,4863,4505
146183.0000,622188.0000,9,11,4863,4690
176092.0000,531921.0000,9,11,4863,4355
184402.0000,546549.0000,9,11,4863,4352
139641.0000,557503.0000,9,11,4863,4527
170816.0000,547069.0000,9,11,4863,4373
156474.0000,570384.0000,9,11,4863,4458
146678.0000,558942.0000,9,11,4863,4482
136569.0000,532130.0000,9,11,4863,4459
162124.0000,500069.0000,9,11,4863,4348
127503.0000,623654.0000,9,11,4863,4806
182854.0000,534283.0000,9,11,4863,4337
141222.0000,572556.0000,9,11,4863,4577
177665.0000,557923.0000,9,11,4863,4371
201907.0000,516078.0000,9,11,4863,4308
130249.0000,579307.0000,9,11,4863,4654
166560.0000,559687.0000,9,11,4863,4398
138220.0000,560056.0000,9,11,4863,4554
134725.0000,537440.0000,9,11,4863,4488
127940.0000,590467.0000,9,11,4863,4703
143592.0000,606949.0000,9,11,4863,4658
64979.0000,538104.0000,9,11,4863,4904
94061.0000,576129.0000,9,11,4863,4867
79285.0000,554817.0000,9,11,4863,4881
103192.0000,550021.0000,9,11,4863,4721
198823.0000,538624.0000,9,11,4863,4318
145758.0000,562414.0000,9,11,4863,4499
211584.0000,591058.0000,9,11,4863,4336
139451.0000,549580.0000,9,11,4863,4496
220224.0000,592068.0000,9,11,4863,4322
150404.0000,539885.0000,9,11,4863,4417
142767.0000,538646.0000,9,11,4863,4451
143912.0000,595772.0000,9,11,4863,4619
184412.0000,537050.0000,9,11,4863,4335
55359.0000,623076.0000,9,-1,-1,4990
137197.0000,556522.0000,9,11,4863,4548
138461.0000,558771.0000,9,11,4863,4547
80673.0000,566893.0000,9,11,4863,4899
203667.0000,577260.0000,9,11,4863,4342
94249.0000,600812.0000,9,11,4863,4918
145244.0000,561042.0000,9,11,4863,4495
94458.0000,533883.0000,9,11,4863,4725
130201.0000,562734.0000,9,11,4863,4604
98675.0000,580608.0000,9,11,4863,4852
134422.0000,544300.0000,9,11,4863,4518
141771.0000,551655.0000,9,11,4863,4489
141924.0000,558399.0000,9,11,4863,4513
137316.0000,562151.0000,9,11,4863,4566
143363.0000,551365.0000,9,11,4863,4476
197849.0000,575524.0000,9,11,4863,4356
134261.0000,519275.0000,9,11,4863,4443
129997.0000,568115.0000,9,11,4863,4618
170494.0000,560892.0000,9,11,4863,4387
164453.0000,544085.0000,9,11,4863,4379
128788.0000,546091.0000,9,11,4863,4568
88703.0000,577217.0000,9,11,4863,4889
131109.0000,568012.0000,9,11,4863,4614
95074.0000,570002.0000,9,11,4863,4837
232047.0000,522748.0000,9,11,4863,4235
125548.0000,552424.0000,9,11,4863,4601
142563.0000,560090.0000,9,11,4863,4515
118391.0000,553625.0000,9,11,4863,4646
132497.0000,593125.0000,9,11,4863,4688
162713.0000,586568.0000,9,11,4863,4466
122296.0000,566921.0000,9,11,4863,4667
56907.0000,586609.0000,9,11,4863,4971
48143.0000,523870.0000,9,11,4863,4939
104489.0000,542515.0000,9,11,4863,4700
130582.0000,565948.0000,9,11,4863,4610
180633.0000,570302.0000,9,11,4863,4375
241485.0000,523039.0000,9,5,4031,4198
178005.0000,594957.0000,9,11,4863,4418
211266.0000,534538.0000,9,11,4863,4307
137680.0000,555667.0000,9,11,4863,4537
144401.0000,565666.0000,9,11,4863,4522
101722.0000,535117.0000,9,11,4863,4694
115781.0000,594942.0000,9,11,4863,4788
107160.0000,530936.0000,9,11,4863,4642
139978.0000,587153.0000,9,11,4863,4616
179931.0000,536588.0000,9,11,4863,4349
105353.0000,589239.0000,9,11,4863,4834
119496.0000,543146.0000,9,11,4863,4608
142575.0000,517378.0000,9,11,4863,4408
76661.0000,531044.0000,9,11,4863,4830
137699.0000,556769.0000,9,11,4863,4542
154964.0000,554923.0000,9,11,4863,4427
142516.0000,559062.0000,9,11,4863,4511
98525.0000,579761.0000,9,11,4863,4851
163925.0000,576666.0000,9,11,4863,4438
153326.0000,558408.0000,9,11,4863,4447
262846.0000,559590.0000,8,5,4031,4183
102898.0000,592834.0000,9,11,4863,4866
138349.0000,554238.0000,9,11,4863,4524
193502.0000,557364.0000,9,11,4863,4343
202175.0000,495076.0000,9,11,4863,4282
154162.0000,536416.0000,9,11,4863,4402
77875.0000,516899.0000,9,11,4863,4772
163477.0000,561507.0000,9,11,4863,4411
131874.0000,552586.0000,9,11,4863,4570
120357.0000,560737.0000,9,11,4863,4657
119535.0000,551857.0000,9,11,4863,4635
114108.0000,540537.0000,9,11,4863,4631
136059.0000,558213.0000,9,11,4863,4560
121786.0000,564225.0000,9,11,4863,4660
233105.0000,591646.0000,9,11,4863,4314
149760.0000,577278.0000,9,11,4863,4525
139237.0000,548782.0000,9,11,4863,4494
34795.0000,606311.0000,9,-1,-1,4996
147663.0000,555514.0000,9,11,4863,4464
108512.0000,525986.0000,9,11,4863,4624
509279.0000,180548.0000,11,10,1970,1632
495165.0000,163113.0000,11,10,1970,1710
474652.0000,193224.0000,11,10,1970,1942
507786.0000,199578.0000,11,10,1970,1756
566666.0000,195255.0000,11,10,1970,1117
506012.0000,178372.0000,11,10,1970,1668
541435.0000,206637.0000,11,10,1970,1399
507311.0000,177795.0000,11,10,1970,1640
461701.0000,188438.0000,11,10,1970,1990
506069.0000,169723.0000,11,10,1970,1591
477155.0000,161019.0000,11,10,1970,1847
505044.0000,180646.0000,11,10,1970,1702
467697.0000,168082.0000,11,10,1970,1911
511868.0000,170991.0000,11,10,1970,1514
500225.0000,177559.0000,11,10,1970,1727
460616.0000,174810.0000,11,10,1970,1962
573755.0000,218049.0000,11,10,1970,1146
543616.0000,144788.0000,11,10,1970,1103
509804.0000,175714.0000,11,10,1970,1574
542311.0000,161882.0000,11,10,1970,1160
475944.0000,189337.0000,11,10,1970,1923
517750.0000,199025.0000,11,10,1970,1650
520952.0000,169184.0000,11,10,1970,1409
559076.0000,190770.0000,11,10,1970,1149
416763.0000,96639.0000,10,-1,-1,1979
549384.0000,208450.0000,11,10,1970,1330
549147.0000,171454.0000,11,10,1970,1151
520880.0000,200955.0000,11,10,1970,1605
484348.0000,202813.0000,11,10,1970,1917
487472.0000,166999.0000,11,10,1970,1786
504728.0000,174541.0000,11,10,1970,1659
465734.0000,114090.0000,11,10,1970,1745
570266.0000,188032.0000,11,10,1970,1085
505584.0000,176135.0000,11,10,1970,1658
514739.0000,189624.0000,11,10,1970,1614
500589.0000,181466.0000,11,10,1970,1740
504096.0000,192493.0000,11,10,1970,1757
553118.0000,165472.0000,11,10,1970,1110
502511.0000,205121.0000,11,10,1970,1826
551798.0000,221411.0000,11,10,1970,1362
502737.0000,174437.0000,11,10,1970,1686
513181.0000,177419.0000,11,10,1970,1536
513010.0000,141058.0000,11,10,1970,1347
535564.0000,177248.0000,11,10,1970,1315
514551.0000,176526.0000,11,10,1970,1517
450030.0000,169537.0000,11,10,1970,1998
521152.0000,152439.0000,11,10,1970,1331
505512.0000,203857.0000,11,10,1970,1791
509928.0000,184873.0000,11,10,1970,1660
490271.0000,216725.0000,11,10,1970,1922
529931.0000,180136.0000,11,10,1970,1379
508228.0000,220433.0000,11,10,1970,1841
534461.0000,178056.0000,11,10,1970,1324
508551.0000,174306.0000,11,10,1970,1586
545365.0000,210090.0000,11,10,1970,1372
510414.0000,142485.0000,11,10,1970,1383
507895.0000,177445.0000,11,10,1970,1627
506288.0000,177990.0000,11,10,1970,1663
512560.0000,224816.0000,11,10,1970,1825
454160.0000,102568.0000,11,10,1970,1792
437116.0000,148591.0000,11,10,1970,2007
519003.0000,160741.0000,11,10,1970,1394
509173.0000,178051.0000,11,10,1970,1609
507674.0000,147431.0000,11,10,1970,1430
513562.0000,229098.0000,11,10,1970,1836
473361.0000,185066.0000,11,10,1970,1926
517580.0000,170329.0000,11,10,1970,1442
509285.0000,174620.0000,11,10,1970,1573
510496.0000,174308.0000,11,10,1970,1551
438860.0000,114065.0000,11,10,1970,1921
534702.0000,244239.0000,11,10,1970,1720
504755.0000,150226.0000,11,10,1970,1475
474135.0000,199330.0000,11,10,1970,1958
508907.0000,173787.0000,11,10,1970,1572
509651.0000,149290.0000,11,10,1970,1420
490956.0000,124550.0000,11,10,1970,1488
499637.0000,194036.0000,11,10,1970,1802
515856.0000,148316.0000,11,10,1970,1355
482568.0000,159010.0000,11,10,1970,1793
522728.0000,184704.0000,11,10,1970,1465
493070.0000,189771.0000,11,10,1970,1840
483807.0000,198925.0000,11,10,1970,1908
469656.0000,153741.0000,11,10,1970,1873
470041.0000,102049.0000,11,10,1970,1623
576965.0000,187481.0000,11,10,1970,1061
515230.0000,149567.0000,11,10,1970,1367
469470.0000,189347.0000,11,10,1970,1955
484678.0000,123623.0000,11,10,1970,1555
509554.0000,186931.0000,11,10,1970,1678
480787.0000,147737.0000,11,10,1970,1766
523036.0000,123677.0000,11,10,1970,1161
508144.0000,167733.0000,11,10,1970,1537
515450.0000,173220.0000,11,10,1970,1489
489378.0000,172861.0000,11,10,1970,1797
497406.0000,125809.0000,11,10,1970,1423
514173.0000,139330.0000,11,10,1970,1336
520809.0000,176718.0000,11,10,1970,1441
499009.0000,205823.0000,11,10,1970,1850
509773.0000,148899.0000,11,10,1970,1417
505117.0000,141877.0000,11,10,1970,1429
494698.0000,176711.0000,11,10,1970,1772
501334.0000,163002.0000,11,10,1970,1613
502500.0000,176532.0000,11,10,1970,1705
546565.0000,151576.0000,11,10,1970,1106
520878.0000,209094.0000,11,10,1970,1677
486891.0000,175164.0000,11,10,1970,1830
512241.0000,169240.0000,11,10,1970,1500
569692.0000,182365.0000,11,10,1970,1070
491382.0000,122267.0000,11,10,1970,1463
457033.0000,127590.0000,11,10,1970,1868
535453.0000,200970.0000,11,10,1970,1422
436641.0000,55171.0000,11,-1,-1,1741
520845.0000,176291.0000,11,10,1970,1438
496130.0000,178113.0000,11,10,1970,1765
507473.0000,227670.0000,11,10,1970,1869
507092.0000,175151.0000,11,10,1970,1620
493714.0000,173387.0000,11,10,1970,1767
528826.0000,154067.0000,11,10,1970,1259
509951.0000,176794.0000,11,10,1970,1580
505400.0000,160422.0000,11,10,1970,1528
473316.0000,162622.0000,11,10,1970,1875
489504.0000,146224.0000,11,10,1970,1672
516888.0000,152451.0000,11,10,1970,1364
505128.0000,175022.0000,11,10,1970,1657
520819.0000,181586.0000,11,10,1970,1471
506812.0000,167031.0000,11,10,1970,1552
495032.0000,203929.0000,11,10,1970,1872
508789.0000,174256.0000,11,10,1970,1577
502302.0000,210265.0000,11,10,1970,1843
511106.0000,122518.0000,11,10,1970,1276
486997.0000,164803.0000,11,10,1970,1782
535787.0000,199735.0000,11,10,1970,1414
540364.0000,163758.0000,11,10,1970,1182
496006.0000,191010.0000,11,10,1970,1818
497454.0000,172375.0000,11,10,1970,1730
488330.0000,173837.0000,11,10,1970,1809
547076.0000,156969.0000,11,10,1970,1122
509956.0000,141698.0000,11,10,1970,1385
516084.0000,178725.0000,11,10,1970,1509
535034.0000,172649.0000,11,10,1970,1295
529858.0000,213114.0000,11,10,1970,1554
496384.0000,166644.0000,11,10,1970,1714
519201.0000,139101.0000,11,10,1970,1284
575022.0000,213534.0000,11,10,1970,1127
469404.0000,181944.0000,11,10,1970,1939
464672.0000,193513.0000,11,10,1970,1985
491609.0000,180519.0000,11,10,1970,1810
470314.0000,178936.0000,11,10,1970,1924
481067.0000,172555.0000,11,10,1970,1859
508797.0000,176269.0000,11,10,1970,1599
491145.0000,206344.0000,11,10,1970,1890
485361.0000,169229.0000,11,10,1970,1815
474527.0000,107596.0000,11,10,1970,1596
499643.0000,171625.0000,11,10,1970,1706
514722.0000,190943.0000,11,10,1970,1625
474641.0000,81263.0000,11,10,1970,1428
495995.0000,160032.0000,11,10,1970,1679
516963.0000,174184.0000,11,10,1970,1474
521006.0000,163218.0000,11,10,1970,1382
434581.0000,123267.0000,11,10,1970,1963
514876.0000,182995.0000,11,10,1970,1550
501416.0000,172980.0000,11,10,1970,1699
513991.0000,165072.0000,11,10,1970,1453
512900.0000,219252.0000,11,10,1970,1794
510739.0000,121103.0000,11,10,1970,1274
509522.0000,174376.0000,11,10,1970,1566
507862.0000,172954.0000,11,10,1970,1587
512716.0000,181316.0000,11,10,1970,1571
483423.0000,111797.0000,11,10,1970,1497
505603.0000,147517.0000,11,10,1970,1448
482628.0000,171320.0000,11,10,1970,1844
541790.0000,172616.0000,11,10,1970,1210
473649.0000,178184.0000,11,10,1970,1904
520763.0000,250478.0000,11,10,1970,1855
494000.0000,189403.0000,11,10,1970,1831
533931.0000,173291.0000,11,10,1970,1313
485110.0000,150541.0000,11,10,1970,1739
528679.0000,199079.0000,11,10,1970,1485
545699.0000,174099.0000,11,10,1970,1180
517495.0000,186329.0000,11,10,1970,1538
520461.0000,173217.0000,11,10,1970,1431
456821.0000,105575.0000,11,10,1970,1785
495388.0000,156422.0000,11,10,1970,1664
514934.0000,219169.0000,11,10,1970,1776
508989.0000,168995.0000,11,10,1970,1535
500474.0000,169746.0000,11,10,1970,1684
504511.0000,149234.0000,11,10,1970,1472
467144.0000,147308.0000,11,10,1970,1864
512733.0000,174091.0000,11,10,1970,1523
452791.0000,156805.0000,11,10,1970,1957
488800.0000,197919.0000,11,10,1970,1882
593887.0000,210595.0000,11,10,1970,1052
561725.0000,168220.0000,11,10,1970,1079
528011.0000,201615.0000,11,10,1970,1505
514428.0000,222503.0000,11,10,1970,1795
512051.0000,145220.0000,11,10,1970,1381
472054.0000,129986.0000,11,10,1970,1761
507959.0000,166780.0000,11,10,1970,1533
518068.0000,137556.0000,11,10,1970,1289
561110.0000,219865.0000,11,10,1970,1267
563315.0000,215613.0000,11,10,1970,1212
523779.0000,163905.0000,11,10,1970,1353
490037.0000,164357.0000,11,10,1970,1755
519421.0000,154681.0000,11,10,1970,1352
504373.0000,165819.0000,11,10,1970,1581
513957.0000,139202.0000,11,10,1970,1339
486422.0000,178919.0000,11,10,1970,1845
533351.0000,147778.0000,11,10,1970,1174
511030.0000,221292.0000,11,10,1970,1821
496069.0000,102201.0000,11,10,1970,1327
496491.0000,171534.0000,11,10,1970,1732
497254.0000,171940.0000,11,10,1970,1729
518892.0000,165875.0000,11,10,1970,1413
481083.0000,151953.0000,11,10,1970,1774
507741.0000,178883.0000,11,10,1970,1644
486224.0000,196184.0000,11,10,1970,1888
509039.0000,173839.0000,11,10,1970,1569
462658.0000,75167.0000,11,-1,-1,1526
519680.0000,208378.0000,11,10,1970,1691
499676.0000,196897.0000,11,10,1970,1812
480876.0000,160465.0000,11,10,1970,1816
521032.0000,177084.0000,11,10,1970,1440
486034.0000,196122.0000,11,10,1970,1889
505225.0000,158750.0000,11,10,1970,1520
485968.0000,123023.0000,11,10,1970,1532
478442.0000,125560.0000,11,10,1970,1681
502355.0000,164119.0000,11,10,1970,1604
502915.0000,183059.0000,11,10,1970,1728
497211.0000,174121.0000,11,10,1970,1737
537174.0000,194410.0000,11,10,1970,1377
505293.0000,194591.0000,11,10,1970,1754
491442.0000,116195.0000,11,10,1970,1434
473202.0000,140745.0000,11,10,1970,1796
505079.0000,219082.0000,11,10,1970,1854
541455.0000,223176.0000,11,10,1970,1476
528938.0000,174372.0000,11,10,1970,1356
528094.0000,178343.0000,11,10,1970,1389
520759.0000,184923.0000,11,10,1970,1494
538994.0000,179328.0000,11,10,1970,1292
507832.0000,181513.0000,11,10,1970,1666
493897.0000,189627.0000,11,10,1970,1832
514408.0000,173338.0000,11,10,1970,1498
514391.0000,156592.0000,11,10,1970,1410
513362.0000,223841.0000,11,10,1970,1811
443618.0000,157237.0000,11,10,1970,2000
477746.0000,163845.0000,11,10,1970,1851
480571.0000,204150.0000,11,10,1970,1940
486326.0000,174643.0000,11,10,1970,1833
505384.0000,174535.0000,11,10,1970,1651
541220.0000,177840.0000,11,10,1970,1252
522869.0000,176818.0000,11,10,1970,1427
497255.0000,188783.0000,11,10,1970,1799
545240.0000,221008.0000,11,10,1970,1426
512291.0000,169608.0000,11,10,1970,1502
576158.0000,210283.0000,11,10,1970,1105
508099.0000,175066.0000,11,10,1970,1601
545455.0000,182232.0000,11,10,1970,1222
537836.0000,177165.0000,11,10,1970,1293
508597.0000,173640.0000,11,10,1970,1575
507445.0000,193647.0000,11,10,1970,1733
524397.0000,239456.0000,11,10,1970,1784
527753.0000,213985.0000,11,10,1970,1600
528766.0000,239937.0000,11,10,1970,1748
481356.0000,162127.0000,11,10,1970,1820
541498.0000,192746.0000,11,10,1970,1329
506142.0000,170513.0000,11,10,1970,1597
494574.0000,198972.0000,11,10,1970,1857
477901.0000,173288.0000,11,10,1970,1877
509223.0000,177592.0000,11,10,1970,1603
532010.0000,176195.0000,11,10,1970,1343
541006.0000,175198.0000,11,10,1970,1241
490355.0000,153464.0000,11,10,1970,1708
566524.0000,179796.0000,11,10,1970,1084
550216.0000,184337.0000,11,10,1970,1187
516085.0000,195504.0000,11,10,1970,1647
523796.0000,219588.0000,11,10,1970,1707
511118.0000,175212.0000,11,10,1970,1549
445043.0000,152257.0000,11,10,1970,1977
497582.0000,190801.0000,11,10,1970,1804
514622.0000,206979.0000,11,10,1970,1731
479631.0000,178459.0000,11,10,1970,1880
496476.0000,140337.0000,11,10,1970,1511
498389.0000,178069.0000,11,10,1970,1742
506361.0000,225237.0000,11,10,1970,1866
519396.0000,177174.0000,11,10,1970,1459
529409.0000,157228.0000,11,10,1970,1269
501111.0000,157402.0000,11,10,1970,1562
514219.0000,167014.0000,11,10,1970,1461
558307.0000,203307.0000,11,10,1970,1200
545957.0000,196749.0000,11,10,1970,1309
508080.0000,175697.0000,11,10,1970,1607
589900.0000,217899.0000,11,10,1970,1064
509383.0000,167302.0000,11,10,1970,1522
474516.0000,189144.0000,11,10,1970,1931
498730.0000,183037.0000,11,10,1970,1762
473093.0000,188791.0000,11,10,1970,1938
471328.0000,176297.0000,11,10,1970,1915
510901.0000,175806.0000,11,10,1970,1557
559809.0000,162597.0000,11,10,1970,1069
499272.0000,168413.0000,11,10,1970,1697
514981.0000,172608.0000,11,10,1970,1492
511289.0000,183247.0000,11,10,1970,1618
455460.0000,153040.0000,11,10,1970,1936
519962.0000,175210.0000,11,10,1970,1443
532549.0000,172894.0000,11,10,1970,1321
516128.0000,178722.0000,11,10,1970,1508
519113.0000,194925.0000,11,10,1970,1579
502877.0000,192740.0000,11,10,1970,1771
520782.0000,134308.0000,11,10,1970,1232
574369.0000,207483.0000,11,10,1970,1109
515494.0000,188459.0000,11,10,1970,1592
486870.0000,146947.0000,11,10,1970,1713
484395.0000,107291.0000,11,10,1970,1457
504243.0000,237336.0000,11,10,1970,1898
483776.0000,213021.0000,11,10,1970,1947
536623.0000,213083.0000,11,10,1970,1473
544539.0000,180391.0000,11,10,1970,1221
502002.0000,166223.0000,11,10,1970,1633
500801.0000,185558.0000,11,10,1970,1753
525670.0000,184762.0000,11,10,1970,1436
481841.0000,209337.0000,11,10,1970,1948
494317.0000,170837.0000,11,10,1970,1746
521153.0000,242968.0000,11,10,1970,1829
473933.0000,191767.0000,11,10,1970,1941
524502.0000,248106.0000,11,10,1970,1822
487952.0000,168607.0000,11,10,1970,1789
460133.0000,173081.0000,11,10,1970,1960
453261.0000,148432.0000,11,10,1970,1935
491792.0000,214464.0000,11,10,1970,1907
497815.0000,165151.0000,11,10,1970,1693
515348.0000,184750.0000,11,10,1970,1559
598908.0000,254032.0000,11,-1,-1,1100
558478.0000,213316.0000,11,10,1970,1261
538228.0000,168834.0000,11,10,1970,1231
464634.0000,173867.0000,11,10,1970,1943
518675.0000,175686.0000,11,10,1970,1458
533566.0000,214619.0000,11,10,1970,1519
540196.0000,180312.0000,11,10,1970,1279
500360.0000,213540.0000,11,10,1970,1867
517882.0000,175467.0000,11,10,1970,1469
549642.0000,157506.0000,11,10,1970,1104
511368.0000,173673.0000,11,10,1970,1534
506815.0000,173387.0000,11,10,1970,1610
500192.0000,192292.0000,11,10,1970,1787
533775.0000,163036.0000,11,10,1970,1251
511484.0000,160453.0000,11,10,1970,1454
489062.0000,200329.0000,11,10,1970,1886
537514.0000,179689.0000,11,10,1970,1308
551867.0000,170425.0000,11,10,1970,1134
406184.0000,394506.0000,12,12,3277,2950
417996.0000,408162.0000,12,12,3277,2916
428667.0000,451233.0000,12,12,3277,3001
425386.0000,379634.0000,12,12,3277,2748
388202.0000,405780.0000,12,12,3277,3174
370955.0000,325071.0000,12,12,3277,2952
353749.0000,391896.0000,12,12,3277,3286
398629.0000,401626.0000,12,12,3277,3044
393402.0000,401018.0000,12,12,3277,3112
465599.0000,383470.0000,12,12,3277,2370
400257.0000,404936.0000,12,12,3277,3045
444610.0000,400247.0000,12,12,3277,2588
392046.0000,391220.0000,12,12,3277,3065
410506.0000,395586.0000,12,12,3277,2926
508805.0000,429073.0000,12,-1,-1,2273
424782.0000,449687.0000,12,12,3277,3018
384467.0000,407359.0000,12,12,3277,3198
397399.0000,403186.0000,12,12,3277,3072
449683.0000,388863.0000,12,12,3277,2489
387756.0000,435588.0000,12,12,3277,3248
451753.0000,383440.0000,12,12,3277,2453
414448.0000,429790.0000,12,12,3277,3023
394599.0000,409068.0000,12,12,3277,3136
387330.0000,409037.0000,12,12,3277,3188
402109.0000,430185.0000,12,12,3277,3163
393825.0000,453067.0000,12,12,3277,3259
412111.0000,418466.0000,12,12,3277,3002
397213.0000,377839.0000,12,12,3277,2955
361159.0000,436327.0000,12,12,3277,3312
383075.0000,447616.0000,12,12,3277,3284
383832.0000,340506.0000,12,12,3277,2917
402227.0000,414685.0000,12,12,3277,3084
411957.0000,397796.0000,12,12,3277,2921
377408.0000,395123.0000,12,12,3277,3200
417231.0000,381303.0000,12,12,3277,2842
442915.0000,420573.0000,12,12,3277,2792
415394.0000,396940.0000,12,12,3277,2902
420792.0000,430901.0000,12,12,3277,2985
397791.0000,444527.0000,12,12,3277,3224
385804.0000,393101.0000,12,12,3277,3142
384572.0000,388523.0000,12,12,3277,3132
402069.0000,434868.0000,12,12,3277,3179
414997.0000,432597.0000,12,12,3277,3033
392919.0000,405103.0000,12,12,3277,3133
396150.0000,430329.0000,12,12,3277,3197
439145.0000,407748.0000,12,12,3277,2755
401240.0000,354085.0000,12,12,3277,2860
424228.0000,442208.0000,12,12,3277,2999
336023.0000,416862.0000,12,12,3277,3330
351352.0000,362910.0000,12,12,3277,3245
413549.0000,408517.0000,12,12,3277,2948
341775.0000,425156.0000,12,12,3277,3329
424811.0000,413300.0000,12,12,3277,2892
402677.0000,412615.0000,12,12,3277,3066
419118.0000,421655.0000,12,12,3277,2957
354601.0000,358760.0000,12,12,3277,3223
410682.0000,349328.0000,12,12,3277,2738
399020.0000,404042.0000,12,12,3277,3060
392258.0000,405478.0000,12,12,3277,3139
353941.0000,399967.0000,12,12,3277,3293
411471.0000,446824.0000,12,12,3277,3156
397158.0000,370362.0000,12,12,3277,2927
431117.0000,394746.0000,12,12,3277,2772
395246.0000,392783.0000,12,12,3277,3027
400468.0000,405703.0000,12,12,3277,3052
354094.0000,424230.0000,12,12,3277,3314
352429.0000,359750.0000,12,12,3277,3237
358830.0000,431609.0000,12,12,3277,3311
387039.0000,365758.0000,12,12,3277,2992
395013.0000,387179.0000,12,12,3277,3008
400545.0000,404212.0000,12,12,3277,3035
435067.0000,403802.0000,12,12,3277,2782
394436.0000,450912.0000,12,12,3277,3254
376444.0000,371957.0000,12,12,3277,3127
433463.0000,410297.0000,12,12,3277,2823
426625.0000,475977.0000,12,12,3277,3152
424241.0000,452915.0000,12,12,3277,3053
396520.0000,405610.0000,12,12,3277,3104
347638.0000,429109.0000,12,12,3277,3323
374797.0000,407601.0000,12,12,3277,3241
451670.0000,388347.0000,12,12,3277,2475
373684.0000,418326.0000,12,12,3277,3266
412615.0000,403902.0000,12,12,3277,2937
392428.0000,402295.0000,12,12,3277,3125
389868.0000,410718.0000,12,12,3277,3180
383022.0000,409854.0000,12,12,3277,3212
468350.0000,395883.0000,12,12,3277,2391
373339.0000,398565.0000,12,12,3277,3229
383878.0000,376230.0000,12,12,3277,3071
434815.0000,388041.0000,12,12,3277,2660
368864.0000,411216.0000,12,12,3277,3273
321050.0000,422497.0000,12,12,3277,3348
276794.0000,384458.0000,12,-1,-1,3393
383197.0000,409869.0000,12,12,3277,3211
381340.0000,409680.0000,12,12,3277,3217
415521.0000,368125.0000,12,12,3277,2797
404288.0000,349685.0000,12,12,3277,2808
367922.0000,415238.0000,12,12,3277,3281
422056.0000,382193.0000,12,12,3277,2800
407334.0000,445969.0000,12,12,3277,3182
373917.0000,427628.0000,12,12,3277,3283
422261.0000,374345.0000,12,12,3277,2756
392728.0000,411341.0000,12,12,3277,3162
336585.0000,420977.0000,12,12,3277,3332
401730.0000,354294.0000,12,12,3277,2858
401854.0000,402867.0000,12,12,3277,3014
401330.0000,395538.0000,12,12,3277,2996
393903.0000,387227.0000,12,12,3277,3015
399188.0000,402459.0000,12,12,3277,3042
389510.0000,370897.0000,12,12,3277,2993
399858.0000,403574.0000,12,12,3277,3041
343651.0000,438750.0000,12,12,3277,3335
388743.0000,388465.0000,12,12,3277,3089
398246.0000,406245.0000,12,12,3277,3079
400727.0000,396769.0000,12,12,3277,3004
399077.0000,403968.0000,12,12,3277,3057
402071.0000,427626.0000,12,12,3277,3154
405902.0000,394724.0000,12,12,3277,2954
383992.0000,398245.0000,12,12,3277,3176
372230.0000,412488.0000,12,12,3277,3262
418086.0000,394699.0000,12,12,3277,2881
400305.0000,466024.0000,12,12,3277,3260
380458.0000,329635.0000,12,12,3277,2907
338347.0000,337961.0000,12,12,3277,3251
411171.0000,426853.0000,12,12,3277,3049
392447.0000,408539.0000,12,12,3277,3155
375233.0000,399429.0000,12,12,3277,3222
385338.0000,440797.0000,12,12,3277,3265
397764.0000,406712.0000,12,12,3277,3093
414290.0000,393146.0000,12,12,3277,2895
394846.0000,407130.0000,12,12,3277,3126
402252.0000,414628.0000,12,12,3277,3082
332913.0000,385678.0000,12,12,3277,3316
396517.0000,394572.0000,12,12,3277,3025
388479.0000,343648.0000,12,12,3277,2903
405569.0000,411933.0000,12,12,3277,3021
444816.0000,409502.0000,12,12,3277,2681
393659.0000,439272.0000,12,12,3277,3230
415222.0000,434798.0000,12,12,3277,3048
396621.0000,381952.0000,12,12,3277,2981
416893.0000,347737.0000,12,12,3277,2609
398980.0000,407667.0000,12,12,3277,3078
404273.0000,429948.0000,12,12,3277,3145
397851.0000,400846.0000,12,12,3277,3054
447192.0000,359893.0000,12,12,3277,2401
350428.0000,392503.0000,12,12,3277,3290
451853.0000,420873.0000,12,12,3277,2649
402566.0000,415798.0000,12,12,3277,3087
362753.0000,369848.0000,12,12,3277,3213
407188.0000,396576.0000,12,12,3277,2951
380139.0000,434251.0000,12,12,3277,3275
409167.0000,449719.0000,12,12,3277,3185
405470.0000,392374.0000,12,12,3277,2947
359036.0000,365793.0000,12,12,3277,3218
398617.0000,402424.0000,12,12,3277,3055
408714.0000,391412.0000,12,12,3277,2922
382222.0000,441817.0000,12,12,3277,3279
403751.0000,385539.0000,12,12,3277,2934
400548.0000,402390.0000,12,12,3277,3024
393828.0000,404314.0000,12,12,3277,3120
373943.0000,376926.0000,12,12,3277,3173
390182.0000,360941.0000,12,12,3277,2944
391776.0000,409868.0000,12,12,3277,3164
342501.0000,336320.0000,12,12,3277,3228
401923.0000,417123.0000,12,12,3277,3108
342400.0000,426090.0000,12,12,3277,3328
405325.0000,407466.0000,12,12,3277,3007
369480.0000,377148.0000,12,12,3277,3196
416110.0000,374296.0000,12,12,3277,2816
401162.0000,412142.0000,12,12,3277,3080
442931.0000,430123.0000,12,12,3277,2830
478361.0000,409520.0000,12,12,3277,2372
401313.0000,405195.0000,12,12,3277,3031
357466.0000,354094.0000,12,12,3277,3199
417617.0000,414816.0000,12,12,3277,2943
417281.0000,410881.0000,12,12,3277,2930
470047.0000,410943.0000,12,12,3277,2419
378824.0000,430343.0000,12,12,3277,3270
369227.0000,397853.0000,12,12,3277,3243
397918.0000,462032.0000,12,12,3277,3261
397331.0000,407010.0000,12,12,3277,3103
427810.0000,400178.0000,12,12,3277,2831
401708.0000,409924.0000,12,12,3277,3062
426172.0000,363147.0000,12,12,3277,2580
401411.0000,414503.0000,12,12,3277,3098
409823.0000,412908.0000,12,12,3277,2997
386068.0000,422517.0000,12,12,3277,3227
398255.0000,405428.0000,12,12,3277,3074
346358.0000,384801.0000,12,12,3277,3292
397735.0000,448097.0000,12,12,3277,3233
348847.0000,425164.0000,12,12,3277,3320
394761.0000,461494.0000,12,12,3277,3268
357253.0000,388075.0000,12,12,3277,3272
402267.0000,410395.0000,12,12,3277,3058
415233.0000,441297.0000,12,12,3277,3091
404445.0000,402466.0000,12,12,3277,2998
408224.0000,399767.0000,12,12,3277,2956
369044.0000,371649.0000,12,12,3277,3186
343119.0000,382074.0000,12,12,3277,3300
416750.0000,435776.0000,12,12,3277,3030
387103.0000,401925.0000,12,12,3277,3171
368200.0000,364844.0000,12,12,3277,3172
393758.0000,439738.0000,12,12,3277,3231
418623.0000,404382.0000,12,12,3277,2905
402660.0000,406054.0000,12,12,3277,3020
427749.0000,457110.0000,12,12,3277,3026
405356.0000,391545.0000,12,12,3277,2945
432184.0000,395118.0000,12,12,3277,2764
322936.0000,368566.0000,12,12,3277,3317
402710.0000,424367.0000,12,12,3277,3130
456025.0000,389630.0000,12,12,3277,2442
395450.0000,407822.0000,12,12,3277,3123
377941.0000,403683.0000,12,12,3277,3221
407576.0000,434017.0000,12,12,3277,3129
348263.0000,386451.0000,12,12,3277,3289
391966.0000,387214.0000,12,12,3277,3036
392576.0000,406460.0000,12,12,3277,3141
380236.0000,460907.0000,12,12,3277,3302
398153.0000,407081.0000,12,12,3277,3088
399942.0000,385908.0000,12,12,3277,2970
398795.0000,472619.0000,12,12,3277,3276
467535.0000,416014.0000,12,12,3277,2458
377758.0000,413906.0000,12,12,3277,3242
398724.0000,404179.0000,12,12,3277,3063
396710.0000,378698.0000,12,12,3277,2966
377588.0000,402670.0000,12,12,3277,3220
408992.0000,462226.0000,12,12,3277,3214
423371.0000,373970.0000,12,12,3277,2734
412861.0000,434751.0000,12,12,3277,3075
403160.0000,392159.0000,12,12,3277,2969
395168.0000,404189.0000,12,12,3277,3111
399346.0000,423786.0000,12,12,3277,3159
409244.0000,460295.0000,12,12,3277,3206
429515.0000,393708.0000,12,12,3277,2789
370602.0000,353215.0000,12,12,3277,3096
356739.0000,417826.0000,12,12,3277,3304
408147.0000,436628.0000,12,12,3277,3138
436362.0000,379677.0000,12,12,3277,2566
399291.0000,386712.0000,12,12,3277,2979
396081.0000,396707.0000,12,12,3277,3046
419200.0000,403389.0000,12,12,3277,2899
383855.0000,390984.0000,12,12,3277,3151
370252.0000,347498.0000,12,12,3277,3061
460198.0000,402706.0000,12,12,3277,2465
418046.0000,358461.0000,12,12,3277,2696
408500.0000,393942.0000,12,12,3277,2932
397618.0000,404912.0000,12,12,3277,3077
392660.0000,395873.0000,12,12,3277,3085
406739.0000,400918.0000,12,12,3277,2976
439048.0000,403700.0000,12,12,3277,2726
392424.0000,375266.0000,12,12,3277,2989
379128.0000,418858.0000,12,12,3277,3250
391970.0000,419802.0000,12,12,3277,3193
389279.0000,424006.0000,12,12,3277,3215
468907.0000,448885.0000,12,12,3277,2592
410601.0000,410653.0000,12,12,3277,2984
396556.0000,406492.0000,12,12,3277,3109
417795.0000,405673.0000,12,12,3277,2911
375971.0000,427549.0000,12,12,3277,3277
414374.0000,439977.0000,12,12,3277,3095
368363.0000,409733.0000,12,12,3277,3271
402081.0000,407514.0000,12,12,3277,3038
399753.0000,404222.0000,12,12,3277,3050
424840.0000,479570.0000,12,12,3277,3177
381863.0000,416651.0000,12,12,3277,3234
394606.0000,401451.0000,12,12,3277,3101
389520.0000,406500.0000,12,12,3277,3168
418140.0000,415328.0000,12,12,3277,2939
387461.0000,394402.0000,12,12,3277,3135
391384.0000,413273.0000,12,12,3277,3178
391439.0000,399819.0000,12,12,3277,3122
365223.0000,422531.0000,12,12,3277,3294
407189.0000,437102.0000,12,12,3277,3150
415933.0000,422485.0000,12,12,3277,2991
402031.0000,426039.0000,12,12,3277,3148
428513.0000,456990.0000,12,12,3277,3016
382396.0000,405483.0000,12,12,3277,3203
368166.0000,429422.0000,12,12,3277,3296
418636.0000,440000.0000,12,12,3277,3034
411674.0000,402377.0000,12,12,3277,2938
424365.0000,371987.0000,12,12,3277,2705
394159.0000,411676.0000,12,12,3277,3153
371548.0000,414612.0000,12,12,3277,3267
460628.0000,434107.0000,12,12,3277,2604
399717.0000,403257.0000,12,12,3277,3040
361875.0000,448199.0000,12,12,3277,3319
393424.0000,399084.0000,12,12,3277,3100
333682.0000,401078.0000,12,12,3277,3321
377870.0000,377550.0000,12,12,3277,3144
405117.0000,364266.0000,12,12,3277,2870
452398.0000,378671.0000,12,12,3277,2427
397889.0000,398501.0000,12,12,3277,3032
424089.0000,352640.0000,12,12,3277,2551
417494.0000,392231.0000,12,12,3277,2877
402851.0000,395579.0000,12,12,3277,2988
376493.0000,366302.0000,12,12,3277,3105
460684.0000,371809.0000,12,12,3277,2364
449571.0000,387141.0000,12,12,3277,2484
405322.0000,414743.0000,12,12,3277,3043
420489.0000,448078.0000,12,12,3277,3068
377975.0000,461076.0000,12,12,3277,3305
492551.0000,434649.0000,12,12,3277,2363
477323.0000,384551.0000,12,12,3277,2309
359740.0000,379592.0000,12,12,3277,3246
429653.0000,438596.0000,12,12,3277,2942
361814.0000,411086.0000,12,12,3277,3287
400660.0000,404811.0000,12,12,3277,3039
410418.0000,409414.0000,12,12,3277,2982
392162.0000,355397.0000,12,12,3277,2912
376145.0000,414107.0000,12,12,3277,3253
371464.0000,328177.0000,12,12,3277,2964
379593.0000,380662.0000,12,12,3277,3140
448231.0000,384406.0000,12,12,3277,2483
404157.0000,406324.0000,12,12,3277,3012
420616.0000,401526.0000,12,12,3277,2886
398985.0000,413427.0000,12,12,3277,3114
400538.0000,407020.0000,12,12,3277,3059
391530.0000,398743.0000,12,12,3277,3115
408182.0000,408351.0000,12,12,3277,2994
435926.0000,408504.0000,12,12,3277,2795
411090.0000,435389.0000,12,12,3277,3110
398311.0000,383357.0000,12,12,3277,2972
409291.0000,431539.0000,12,12,3277,3106
399460.0000,399410.0000,12,12,3277,3017
400473.0000,408327.0000,12,12,3277,3067
399693.0000,395271.0000,12,12,3277,3005
431437.0000,436764.0000,12,12,3277,2925
312123.0000,419763.0000,12,12,3277,3357
411053.0000,432808.0000,12,12,3277,3090
401616.0000,404245.0000,12,12,3277,3022
364455.0000,436191.0000,12,12,3277,3308
407833.0000,402474.0000,12,12,3277,2973
367864.0000,442851.0000,12,12,3277,3307
437870.0000,375761.0000,12,12,3277,2532
308726.0000,371721.0000,12,12,3277,3337
418996.0000,389541.0000,12,12,3277,2861
371498.0000,393120.0000,12,12,3277,3226
407429.0000,399155.0000,12,12,3277,2960
380749.0000,403860.0000,12,12,3277,3207
399997.0000,411205.0000,12,12,3277,3094
377215.0000,418429.0000,12,12,3277,3258
380202.0000,396671.0000,12,12,3277,3194
436034.0000,385951.0000,12,12,3277,2611
395210.0000,357805.0000,12,12,3277,2904
415136.0000,446807.0000,12,12,3277,3121
315013.0000,318367.0000,12,-1,-1,3288
372424.0000,413163.0000,12,12,3277,3263
340966.0000,420480.0000,12,12,3277,3326
354767.0000,417464.0000,12,12,3277,3309
387165.0000,404027.0000,12,12,3277,3175
854654.0000,549222.0000,6,13,936,864
889260.0000,541423.0000,6,13,936,690
870826.0000,524625.0000,6,13,936,714
868025.0000,569296.0000,6,13,936,846
861364.0000,598127.0000,6,13,936,920
825141.0000,535997.0000,6,13,936,933
906640.0000,587296.0000,6,13,936,703
906396.0000,535803.0000,6,13,936,615
887896.0000,558572.0000,6,13,936,715
817776.0000,525600.0000,6,13,936,939
844066.0000,546029.0000,6,13,936,894
848976.0000,558706.0000,6,13,936,902
897131.0000,604582.0000,6,13,936,752
845120.0000,549830.0000,6,13,936,898
872241.0000,556733.0000,6,13,936,758
857818.0000,534525.0000,6,13,936,773
794265.0000,594573.0000,6,13,936,1032
857126.0000,548151.0000,6,13,936,848
842786.0000,614034.0000,6,13,936,968
889975.0000,589361.0000,6,13,936,749
841130.0000,529745.0000,6,13,936,876
813561.0000,583156.0000,6,13,936,990
855603.0000,542414.0000,6,13,936,830
887556.0000,531797.0000,6,13,936,684
837032.0000,509264.0000,6,13,936,852
852037.0000,649724.0000,5,3,1809,984
793791.0000,581315.0000,6,13,936,1015
904450.0000,533427.0000,6,13,936,629
879722.0000,550246.0000,6,13,936,725
839088.0000,528460.0000,6,13,936,883
869369.0000,536868.0000,6,13,936,735
871873.0000,509094.0000,6,13,936,694
900991.0000,497149.0000,6,13,936,340
919544.0000,541255.0000,6,13,936,374
860520.0000,544023.0000,6,13,936,794
863042.0000,557890.0000,6,13,936,834
889805.0000,522039.0000,6,13,936,672
879031.0000,489881.0000,6,13,936,661
852918.0000,552112.0000,6,13,936,873
903840.0000,586229.0000,6,13,936,709
932662.0000,537069.0000,6,13,936,328
908506.0000,549611.0000,6,13,936,665
867533.0000,542290.0000,6,13,936,744
844617.0000,499013.0000,6,13,936,747
862002.0000,534006.0000,6,13,936,750
883981.0000,607581.0000,6,13,936,865
864265.0000,549505.0000,6,13,936,785
883062.0000,547498.0000,6,13,936,711
860870.0000,546516.0000,6,13,936,803
895565.0000,501871.0000,6,13,936,450
843344.0000,604964.0000,6,13,936,961
864059.0000,545894.0000,6,13,936,770
830888.0000,544022.0000,6,13,936,928
858819.0000,544904.0000,6,13,936,816
853562.0000,531620.0000,6,13,936,802
873791.0000,606643.0000,6,13,936,897
859213.0000,538040.0000,6,13,936,779
841843.0000,503359.0000,6,13,936,777
842719.0000,506205.0000,6,13,936,781
847904.0000,574114.0000,6,13,936,923
863859.0000,546898.0000,6,13,936,776
888919.0000,535805.0000,6,13,936,686
855045.0000,547633.0000,6,13,936,858
863102.0000,545783.0000,6,13,936,780
829747.0000,530312.0000,6,13,936,913
850607.0000,565348.0000,6,13,936,903
810277.0000,520837.0000,6,13,936,951
879104.0000,595389.0000,6,13,936,859
840406.0000,538772.0000,6,13,936,895
838367.0000,536676.0000,6,13,936,899
837457.0000,518745.0000,6,13,936,870
861519.0000,531277.0000,6,13,936,746
816056.0000,542574.0000,6,13,936,958
862534.0000,547936.0000,6,13,936,793
808555.0000,600511.0000,6,13,936,1004
862571.0000,550965.0000,6,13,936,809
832010.0000,554080.0000,6,13,936,941
882403.0000,534710.0000,6,13,936,700
840020.0000,568424.0000,6,13,936,938
865030.0000,541150.0000,6,13,936,754
846594.0000,522941.0000,6,13,936,820
890223.0000,556874.0000,6,13,936,707
873136.0000,513309.0000,6,13,936,696
846622.0000,553552.0000,6,13,936,900
905770.0000,531812.0000,6,13,936,581
803216.0000,577565.0000,6,13,936,997
914183.0000,620056.0000,6,13,936,728
877510.0000,555087.0000,6,13,936,736
861193.0000,573954.0000,6,13,936,885
840994.0000,578455.0000,6,13,936,947
875640.0000,561262.0000,6,13,936,751
876782.0000,536438.0000,6,13,936,713
849501.0000,552769.0000,6,13,936,889
866973.0000,550375.0000,6,13,936,769
906382.0000,534459.0000,6,13,936,600
822722.0000,553764.0000,6,13,936,957
861656.0000,545794.0000,6,13,936,789
856991.0000,546255.0000,6,13,936,839
865081.0000,551012.0000,6,13,936,784
895680.0000,609341.0000,6,13,936,772
867801.0000,548156.0000,6,13,936,759
846324.0000,557586.0000,6,13,936,905
840059.0000,534876.0000,6,13,936,892
860473.0000,545982.0000,6,13,936,806
937823.0000,540173.0000,6,13,936,327
886532.0000,500026.0000,6,13,936,644
904133.0000,534915.0000,6,13,936,643
880545.0000,506175.0000,6,13,936,674
833499.0000,504718.0000,6,13,936,857
854979.0000,539793.0000,6,13,936,823
818739.0000,545052.0000,6,13,936,956
825596.0000,639465.0000,5,3,1809,1011
838036.0000,542999.0000,6,13,936,907
846216.0000,528037.0000,6,13,936,854
850790.0000,525740.0000,6,13,936,798
864040.0000,538985.0000,6,13,936,753
869818.0000,543227.0000,6,13,936,740
879309.0000,561548.0000,6,13,936,737
860563.0000,534839.0000,6,13,936,761
846082.0000,541026.0000,6,13,936,878
860151.0000,543055.0000,6,13,936,791
847292.0000,559228.0000,6,13,936,904
838239.0000,576018.0000,6,13,936,950
837307.0000,548214.0000,6,13,936,919
853093.0000,586321.0000,6,13,936,925
884326.0000,479802.0000,6,13,936,455
838978.0000,622330.0000,6,13,936,982
842903.0000,567914.0000,6,13,936,929
832490.0000,450680.0000,6,13,936,716
844948.0000,563321.0000,6,13,936,918
859577.0000,544625.0000,6,13,936,808
908409.0000,591215.0000,6,13,936,704
819843.0000,570485.0000,6,13,936,970
875625.0000,599766.0000,6,13,936,879
887780.0000,536497.0000,6,13,936,689
884613.0000,507507.0000,6,13,936,671
849858.0000,524682.0000,6,13,936,804
846741.0000,539481.0000,6,13,936,872
870630.0000,516603.0000,6,13,936,705
843111.0000,581603.0000,6,13,936,946
869718.0000,536928.0000,6,13,936,734
857648.0000,511640.0000,6,13,936,733
881571.0000,532467.0000,6,13,936,699
860230.0000,528054.0000,6,13,936,745
861966.0000,562885.0000,6,13,936,862
898736.0000,548642.0000,6,13,936,682
961951.0000,577029.0000,6,-1,-1,326
866878.0000,501919.0000,6,13,936,697
874791.0000,559085.0000,6,13,936,748
874239.0000,594786.0000,6,13,936,874
915504.0000,527751.0000,6,13,936,344
758172.0000,608152.0000,6,-1,-1,1250
859515.0000,505303.0000,6,13,936,719
861033.0000,507671.0000,6,13,936,717
837880.0000,444574.0000,6,-1,-1,698
827672.0000,545966.0000,6,13,936,942
869960.0000,562146.0000,6,13,936,787
858151.0000,548242.0000,6,13,936,836
877440.0000,529137.0000,6,13,936,702
821835.0000,564313.0000,6,13,936,962
846371.0000,578530.0000,6,13,936,935
829482.0000,475863.0000,6,13,936,768
860507.0000,526669.0000,6,13,936,742
878696.0000,530134.0000,6,13,936,701
837312.0000,572687.0000,6,13,936,949
886773.0000,509047.0000,6,13,936,669
879805.0000,547494.0000,6,13,936,722
859679.0000,541785.0000,6,13,936,788
910683.0000,612854.0000,6,13,936,727
860863.0000,546060.0000,6,13,936,801
874110.0000,541972.0000,6,13,936,731
790149.0000,565157.0000,6,13,936,1008
873984.0000,580836.0000,6,13,936,844
873742.0000,448214.0000,6,13,936,361
894785.0000,440382.0000,6,-1,-1,325
874312.0000,574582.0000,6,13,936,810
879902.0000,518647.0000,6,13,936,688
851462.0000,526597.0000,6,13,936,795
839012.0000,550376.0000,6,13,936,916
808097.0000,502521.0000,6,13,936,934
879500.0000,590791.0000,6,13,936,837
864721.0000,548447.0000,6,13,936,774
866044.0000,584750.0000,6,13,936,887
876151.0000,582116.0000,6,13,936,827
819250.0000,517655.0000,6,13,936,924
807278.0000,566392.0000,6,13,936,989
872033.0000,558924.0000,6,13,936,762
894268.0000,532597.0000,6,13,936,673
846752.0000,613846.0000,6,13,936,963
850478.0000,566230.0000,6,13,936,906
849777.0000,531138.0000,6,13,936,831
823584.0000,568458.0000,6,13,936,964
823202.0000,619103.0000,6,13,936,998
843715.0000,568319.0000,6,13,936,926
861023.0000,545953.0000,6,13,936,796
889743.0000,560547.0000,6,13,936,710
862785.0000,579661.0000,6,13,936,891
880833.0000,537039.0000,6,13,936,706
854374.0000,550707.0000,6,13,936,867
842616.0000,515205.0000,6,13,936,822
860721.0000,547751.0000,6,13,936,812
831024.0000,505776.0000,6,13,936,869
829240.0000,591428.0000,6,13,936,973
860384.0000,555572.0000,6,13,936,851
853348.0000,525893.0000,6,13,936,775
849118.0000,571562.0000,6,13,936,917
856167.0000,542249.0000,6,13,936,824
853874.0000,560250.0000,6,13,936,886
838808.0000,524944.0000,6,13,936,875
814561.0000,575281.0000,6,13,936,983
773292.0000,531652.0000,6,13,936,1007
891515.0000,520429.0000,6,13,936,670
805884.0000,549492.0000,6,13,936,976
833437.0000,556713.0000,6,13,936,940
843432.0000,490725.0000,6,13,936,739
791355.0000,529644.0000,6,13,936,985
865157.0000,562132.0000,6,13,936,835
920249.0000,551171.0000,6,13,936,457
808777.0000,512952.0000,6,13,936,944
898916.0000,630099.0000,6,13,936,843
863706.0000,491401.0000,6,13,936,693
857231.0000,551055.0000,6,13,936,855
877413.0000,541536.0000,6,13,936,721
838821.0000,563842.0000,6,13,936,936
854037.0000,528890.0000,6,13,936,782
824475.0000,518063.0000,6,13,936,910
857360.0000,562228.0000,6,13,936,877
856437.0000,532452.0000,6,13,936,778
862117.0000,600081.0000,6,13,936,921
839280.0000,539324.0000,6,13,936,901
885379.0000,603686.0000,6,13,936,845
859185.0000,553000.0000,6,13,936,850
865020.0000,550686.0000,6,13,936,783
882007.0000,593653.0000,6,13,936,826
861027.0000,546004.0000,6,13,936,797
846772.0000,509036.0000,6,13,936,764
844627.0000,556401.0000,6,13,936,908
861069.0000,548327.0000,6,13,936,811
854342.0000,541611.0000,6,13,936,842
844086.0000,531300.0000,6,13,936,868
923996.0000,594948.0000,6,13,936,677
832154.0000,559403.0000,6,13,936,945
803202.0000,549001.0000,6,13,936,980
856619.0000,544008.0000,6,13,936,829
897286.0000,558004.0000,6,13,936,692
851216.0000,516166.0000,6,13,936,760
858537.0000,548576.0000,6,13,936,832
828001.0000,524067.0000,6,13,936,909
849327.0000,548496.0000,6,13,936,881
858278.0000,544519.0000,6,13,936,818
793875.0000,473793.0000,6,13,936,932
766617.0000,548142.0000,6,13,936,1043
847728.0000,576707.0000,6,13,936,927
858418.0000,546935.0000,6,13,936,828
816840.0000,539239.0000,6,13,936,952
852687.0000,540692.0000,6,13,936,853
861927.0000,562723.0000,6,13,936,861
892382.0000,513991.0000,6,13,936,655
811745.0000,461099.0000,6,13,936,856
800152.0000,576217.0000,6,13,936,1000
870139.0000,566584.0000,6,13,936,813
859492.0000,572224.0000,6,13,936,888
830226.0000,483466.0000,6,13,936,790
850674.0000,533083.0000,6,13,936,833
834632.0000,541216.0000,6,13,936,914
899052.0000,526048.0000,6,13,936,651
925485.0000,596955.0000,6,13,936,676
893145.0000,551400.0000,6,13,936,695
839493.0000,521150.0000,6,13,936,866
883434.0000,581923.0000,6,13,936,765
873380.0000,495161.0000,6,13,936,678
765011.0000,607246.0000,6,-1,-1,1173
898578.0000,612291.0000,6,13,936,766
906772.0000,510158.0000,6,13,936,343
858325.0000,586062.0000,6,13,936,911
795909.0000,462864.0000,6,-1,-1,912
812634.0000,554848.0000,6,13,936,969
846841.0000,533595.0000,6,13,936,863
810817.0000,509540.0000,6,13,936,937
826192.0000,577784.0000,6,13,936,965
856552.0000,545271.0000,6,13,936,838
848628.0000,503773.0000,6,13,936,743
784291.0000,581417.0000,6,13,936,1039
890613.0000,567037.0000,6,13,936,720
870936.0000,575427.0000,6,13,936,847
851166.0000,532382.0000,6,13,936,825
871544.0000,592403.0000,6,13,936,880
870337.0000,534303.0000,6,13,936,730
819580.0000,545900.0000,6,13,936,954
912649.0000,498734.0000,6,13,936,329
870214.0000,556246.0000,6,13,936,767
853279.0000,560714.0000,6,13,936,890
857319.0000,543529.0000,6,13,936,819
878519.0000,606677.0000,6,13,936,882
858057.0000,542933.0000,6,13,936,814
860375.0000,544804.0000,6,13,936,799
888111.0000,525539.0000,6,13,936,679
892877.0000,544283.0000,6,13,936,687
788776.0000,582930.0000,6,13,936,1030
875311.0000,542259.0000,6,13,936,726
875248.0000,462524.0000,6,13,936,466
835831.0000,555864.0000,6,13,936,931
885828.0000,586348.0000,6,13,936,763
916704.0000,609548.0000,6,13,936,708
893991.0000,544467.0000,6,13,936,683
866352.0000,535933.0000,6,13,936,738
872247.0000,494281.0000,6,13,936,680
832372.0000,600070.0000,6,13,936,975
902302.0000,514170.0000,6,13,936,439
877298.0000,565604.0000,6,13,936,755
873636.0000,510687.0000,6,13,936,691
854818.0000,554389.0000,6,13,936,871
915666.0000,506439.0000,6,13,936,330
905849.0000,524809.0000,6,13,936,485
862062.0000,545736.0000,6,13,936,786
871981.0000,649086.0000,5,3,1809,953
900829.0000,590250.0000,6,13,936,723
859419.0000,546754.0000,6,13,936,817
855983.0000,534803.0000,6,13,936,792
916082.0000,517633.0000,6,13,936,331
874877.0000,535143.0000,6,13,936,718
885963.0000,528959.0000,6,13,936,685
853439.0000,518568.0000,6,13,936,757
855177.0000,626376.0000,6,13,936,960
814249.0000,488483.0000,6,13,936,896
857283.0000,548467.0000,6,13,936,849
865489.0000,548920.0000,6,13,936,771
913686.0000,576892.0000,6,13,936,681
880275.0000,564545.0000,6,13,936,741
861381.0000,546835.0000,6,13,936,800
880958.0000,588608.0000,6,13,936,815
868979.0000,528502.0000,6,13,936,724
872237.0000,555834.0000,6,13,936,756
861868.0000,549168.0000,6,13,936,807
836951.0000,546244.0000,6,13,936,915
836874.0000,555991.0000,6,13,936,930
769546.0000,554722.0000,6,13,936,1044
855074.0000,542557.0000,6,13,936,840
868128.0000,568529.0000,6,13,936,841
878859.0000,540155.0000,6,13,936,712
852267.0000,498220.0000,6,13,936,729
874125.0000,543036.0000,6,13,936,732
846646.0000,548548.0000,6,13,936,893
851517.0000,541076.0000,6,13,936,860
806888.0000,492319.0000,6,13,936,922
831779.0000,577161.0000,6,13,936,959
860259.0000,545444.0000,6,13,936,805
892423.0000,530999.0000,6,13,936,675
838442.0000,506780.0000,6,13,936,821
853291.0000,557685.0000,6,13,936,884
730887.0000,825972.0000,4,14,3171,2173
645233.0000,927201.0000,4,14,3171,3204
645563.0000,819480.0000,4,14,3171,2767
573324.0000,878802.0000,4,-1,-1,3324
693699.0000,822637.0000,4,14,3171,2331
649412.0000,856993.0000,4,14,3171,2888
684558.0000,878573.0000,4,14,3171,2605
656658.0000,854609.0000,4,14,3171,2835
651506.0000,856097.0000,4,14,3171,2876
618405.0000,842859.0000,4,14,3171,3076
667280.0000,765619.0000,4,14,3171,2322
600996.0000,890782.0000,4,14,3171,3295
674463.0000,862486.0000,4,14,3171,2647
676694.0000,851597.0000,4,14,3171,2540
620685.0000,880813.0000,4,14,3171,3210
716590.0000,874975.0000,4,14,3171,2352
721401.0000,951880.0000,4,-1,-1,2607
657094.0000,857640.0000,4,14,3171,2846
644693.0000,867371.0000,4,14,3171,2949
633601.0000,861482.0000,4,14,3171,3011
673646.0000,857346.0000,4,14,3171,2610
657184.0000,855509.0000,4,14,3171,2833
708244.0000,871834.0000,4,14,3171,2390
659081.0000,860560.0000,4,14,3171,2840
657811.0000,885904.0000,4,14,3171,2924
642843.0000,909185.0000,4,14,3171,3170
709303.0000,897538.0000,4,14,3171,2469
610505.0000,851476.0000,4,14,3171,3187
612648.0000,772280.0000,4,-1,-1,2857
673196.0000,812941.0000,4,14,3171,2415
673267.0000,883727.0000,4,14,3171,2810
694451.0000,863981.0000,4,14,3171,2447
678869.0000,902492.0000,4,14,3171,2852
690018.0000,819280.0000,4,14,3171,2340
677983.0000,890077.0000,4,14,3171,2801
639997.0000,865965.0000,4,14,3171,2987
709254.0000,847444.0000,4,14,3171,2314
679799.0000,858680.0000,4,14,3171,2547
664355.0000,831472.0000,4,14,3171,2558
659166.0000,861665.0000,4,14,3171,2844
692386.0000,863386.0000,4,14,3171,2464
688076.0000,833905.0000,4,14,3171,2395
680506.0000,840053.0000,4,14,3171,2467
641840.0000,886745.0000,4,14,3171,3064
673292.0000,857105.0000,4,14,3171,2615
622212.0000,860015.0000,4,14,3171,3131
736557.0000,897961.0000,4,14,3171,2305
668234.0000,886696.0000,4,14,3171,2872
675013.0000,876331.0000,4,14,3171,2758
675902.0000,853961.0000,4,14,3171,2557
695092.0000,820091.0000,4,14,3171,2319
730287.0000,897070.0000,4,14,3171,2336
691716.0000,873426.0000,4,14,3171,2504
722404.0000,952207.0000,4,-1,-1,2595
678606.0000,878004.0000,4,14,3171,2717
664156.0000,846474.0000,4,14,3171,2694
688118.0000,911574.0000,4,14,3171,2803
674492.0000,861230.0000,4,14,3171,2636
675382.0000,836312.0000,4,14,3171,2486
664639.0000,925795.0000,4,14,3171,3019
626334.0000,852383.0000,4,14,3171,3037
669690.0000,842110.0000,4,14,3171,2561
653177.0000,819935.0000,4,14,3171,2645
674265.0000,861435.0000,4,14,3171,2643
677404.0000,883871.0000,4,14,3171,2777
672212.0000,860894.0000,4,14,3171,2683
715956.0000,900724.0000,4,14,3171,2423
674236.0000,877152.0000,4,14,3171,2773
679818.0000,860064.0000,4,14,3171,2552
578509.0000,923881.0000,4,-1,-1,3344
680381.0000,823757.0000,4,14,3171,2405
720629.0000,816515.0000,4,14,3171,2203
640210.0000,902029.0000,4,14,3171,3160
671772.0000,860357.0000,4,14,3171,2685
618009.0000,867493.0000,4,14,3171,3190
672628.0000,882986.0000,4,14,3171,2812
680261.0000,863401.0000,4,14,3171,2564
682100.0000,853708.0000,4,14,3171,2501
681049.0000,846975.0000,4,14,3171,2485
668567.0000,856554.0000,4,14,3171,2706
656957.0000,871011.0000,4,14,3171,2887
662293.0000,872590.0000,4,14,3171,2862
673953.0000,835926.0000,4,14,3171,2494
718544.0000,888401.0000,4,14,3171,2379
648590.0000,917839.0000,4,14,3171,3158
699124.0000,824089.0000,4,14,3171,2307
668367.0000,855686.0000,4,14,3171,2703
675866.0000,868784.0000,4,14,3171,2689
700098.0000,894685.0000,4,14,3171,2526
683156.0000,877209.0000,4,14,3171,2618
661357.0000,801817.0000,4,14,3171,2463
789095.0000,895634.0000,4,-1,-1,2075
673332.0000,857517.0000,4,14,3171,2616
627452.0000,835854.0000,4,14,3171,2962
672059.0000,860501.0000,4,14,3171,2682
665048.0000,854911.0000,4,14,3171,2746
683580.0000,872374.0000,4,14,3171,2577
668839.0000,882598.0000,4,14,3171,2853
682510.0000,905902.0000,4,14,3171,2834
671235.0000,856653.0000,4,14,3171,2654
680228.0000,843225.0000,4,14,3171,2478
662249.0000,918050.0000,4,14,3171,3009
674961.0000,865594.0000,4,14,3171,2674
679211.0000,886670.0000,4,14,3171,2769
676220.0000,858214.0000,4,14,3171,2579
567861.0000,856582.0000,4,-1,-1,3318
668228.0000,858122.0000,4,14,3171,2720
682241.0000,850176.0000,4,14,3171,2487
712262.0000,856869.0000,4,14,3171,2325
671325.0000,856592.0000,4,14,3171,2652
680592.0000,858526.0000,4,14,3171,2536
683098.0000,847245.0000,4,14,3171,2474
646816.0000,829778.0000,4,14,3171,2804
675633.0000,863416.0000,4,14,3171,2635
677551.0000,860007.0000,4,14,3171,2575
683656.0000,842406.0000,4,14,3171,2446
678195.0000,860537.0000,4,14,3171,2572
700747.0000,821557.0000,4,14,3171,2291
679054.0000,898217.0000,4,14,3171,2828
676360.0000,866112.0000,4,14,3171,2646
665308.0000,868551.0000,4,14,3171,2813
665775.0000,845662.0000,4,14,3171,2653
660459.0000,860658.0000,4,14,3171,2822
670119.0000,859029.0000,4,14,3171,2702
672068.0000,874862.0000,4,14,3171,2787
644301.0000,925034.0000,4,14,3171,3202
704574.0000,866263.0000,4,14,3171,2394
665660.0000,828338.0000,4,14,3171,2534
680579.0000,836946.0000,4,14,3171,2449
682053.0000,853410.0000,4,14,3171,2500
672544.0000,859978.0000,4,14,3171,2666
713088.0000,880834.0000,4,14,3171,2387
680969.0000,838864.0000,4,14,3171,2456
674151.0000,853540.0000,4,14,3171,2576
664903.0000,839150.0000,4,14,3171,2602
641902.0000,755287.0000,4,-1,-1,2431
683610.0000,910782.0000,4,14,3171,2848
676962.0000,897430.0000,4,14,3171,2847
594720.0000,848457.0000,4,14,3171,3255
658748.0000,777680.0000,4,14,3171,2398
700341.0000,869730.0000,4,14,3171,2422
640432.0000,837036.0000,4,14,3171,2884
668519.0000,860048.0000,4,14,3171,2729
672668.0000,861428.0000,4,14,3171,2679
638004.0000,837697.0000,4,14,3171,2900
673071.0000,856021.0000,4,14,3171,2608
668772.0000,858570.0000,4,14,3171,2718
636871.0000,929410.0000,4,14,3171,3244
599612.0000,859210.0000,4,14,3171,3257
739318.0000,810528.0000,4,14,3171,2091
654937.0000,781879.0000,4,14,3171,2433
663095.0000,949045.0000,4,14,3171,3167
658734.0000,883214.0000,4,14,3171,2909
647968.0000,877873.0000,4,14,3171,2968
682699.0000,851115.0000,4,14,3171,2488
684739.0000,884934.0000,4,14,3171,2672
667620.0000,855461.0000,4,14,3171,2712
616281.0000,845406.0000,4,14,3171,3117
697161.0000,840318.0000,4,14,3171,2361
679237.0000,862389.0000,4,14,3171,2570
664260.0000,859029.0000,4,14,3171,2785
674121.0000,858589.0000,4,14,3171,2614
700962.0000,927047.0000,4,14,3171,2753
723397.0000,859761.0000,4,14,3171,2275
648230.0000,857418.0000,4,14,3171,2896
677896.0000,867053.0000,4,14,3171,2622
680828.0000,839011.0000,4,14,3171,2457
680757.0000,826912.0000,4,14,3171,2414
673826.0000,880137.0000,4,14,3171,2793
694897.0000,834591.0000,4,14,3171,2359
683585.0000,905984.0000,4,14,3171,2820
671609.0000,815681.0000,4,14,3171,2437
669748.0000,863109.0000,4,14,3171,2735
674659.0000,860894.0000,4,14,3171,2627
659734.0000,844127.0000,4,14,3171,2745
656156.0000,868643.0000,4,14,3171,2885
653258.0000,860766.0000,4,14,3171,2880
684131.0000,898331.0000,4,14,3171,2784
666516.0000,859837.0000,4,14,3171,2760
655237.0000,871554.0000,4,14,3171,2898
653592.0000,959882.0000,4,14,3171,3239
659280.0000,845579.0000,4,14,3171,2762
646422.0000,900526.0000,4,14,3171,3097
627580.0000,840406.0000,4,14,3171,2983
604546.0000,847329.0000,4,14,3171,3205
631316.0000,837043.0000,4,14,3171,2933
705518.0000,925936.0000,4,14,3171,2671
662898.0000,884734.0000,4,14,3171,2889
718088.0000,852181.0000,4,14,3171,2280
666315.0000,872311.0000,4,14,3171,2824
710082.0000,881600.0000,4,14,3171,2402
674433.0000,860605.0000,4,14,3171,2630
685821.0000,816579.0000,4,14,3171,2358
678856.0000,850293.0000,4,14,3171,2510
669427.0000,846395.0000,4,14,3171,2590
687043.0000,806921.0000,4,14,3171,2326
657981.0000,866945.0000,4,14,3171,2873
676480.0000,860779.0000,4,14,3171,2593
704065.0000,832648.0000,4,14,3171,2303
669178.0000,866011.0000,4,14,3171,2766
693783.0000,860206.0000,4,14,3171,2440
683027.0000,876064.0000,4,14,3171,2612
670957.0000,810768.0000,4,14,3171,2421
674134.0000,908464.0000,4,14,3171,2893
637665.0000,858741.0000,4,14,3171,2975
664325.0000,877878.0000,4,14,3171,2869
664025.0000,801796.0000,4,14,3171,2441
672800.0000,874378.0000,4,14,3171,2774
685124.0000,873363.0000,4,14,3171,2567
674496.0000,870664.0000,4,14,3171,2723
684602.0000,823981.0000,4,14,3171,2386
677769.0000,841641.0000,4,14,3171,2490
651576.0000,865180.0000,4,14,3171,2901
650720.0000,817440.0000,4,14,3171,2673
674472.0000,860330.0000,4,14,3171,2623
673028.0000,860593.0000,4,14,3171,2657
683413.0000,861559.0000,4,14,3171,2525
669638.0000,842011.0000,4,14,3171,2562
674365.0000,860819.0000,4,14,3171,2634
687360.0000,862438.0000,4,14,3171,2493
662684.0000,813662.0000,4,14,3171,2495
673242.0000,886958.0000,4,14,3171,2829
674311.0000,859933.0000,4,14,3171,2621
595580.0000,798572.0000,4,-1,-1,3086
636769.0000,854047.0000,4,14,3171,2959
685551.0000,798742.0000,4,14,3171,2312
663945.0000,828490.0000,4,14,3171,2550
717187.0000,883275.0000,4,14,3171,2371
706906.0000,885612.0000,4,14,3171,2436
675988.0000,841317.0000,4,14,3171,2499
671976.0000,864630.0000,4,14,3171,2716
669366.0000,869654.0000,4,14,3171,2790
651216.0000,815098.0000,4,14,3171,2637
676767.0000,832479.0000,4,14,3171,2466
657879.0000,857942.0000,4,14,3171,2838
665828.0000,868934.0000,4,14,3171,2809
674905.0000,876286.0000,4,14,3171,2759
640000.0000,863831.0000,4,14,3171,2978
672818.0000,881943.0000,4,14,3171,2806
634800.0000,823669.0000,4,14,3171,2879
658590.0000,886551.0000,4,14,3171,2919
639463.0000,847461.0000,4,14,3171,2914
625416.0000,868848.0000,4,14,3171,3146
672266.0000,862875.0000,4,14,3171,2697
723173.0000,872525.0000,4,14,3171,2310
688098.0000,908495.0000,4,14,3171,2794
673410.0000,863889.0000,4,14,3171,2688
679788.0000,889464.0000,4,14,3171,2783
615826.0000,863168.0000,4,14,3171,3191
598671.0000,854219.0000,4,14,3171,3249
753254.0000,840123.0000,4,14,3171,2097
669430.0000,905798.0000,4,14,3171,2913
726847.0000,875488.0000,4,14,3171,2299
648443.0000,845340.0000,4,14,3171,2865
674114.0000,970756.0000,4,-1,-1,3165
675551.0000,956849.0000,4,14,3171,3081
677459.0000,896720.0000,4,14,3171,2837
634004.0000,895206.0000,4,14,3171,3181
653745.0000,809028.0000,4,14,3171,2554
682420.0000,846881.0000,4,14,3171,2477
666636.0000,858686.0000,4,14,3171,2752
682481.0000,879399.0000,4,14,3171,2659
656834.0000,885944.0000,4,14,3171,2929
718257.0000,857481.0000,4,14,3171,2297
672598.0000,856928.0000,4,14,3171,2628
693997.0000,774817.0000,4,14,3171,2231
612392.0000,916853.0000,4,14,3171,3301
671444.0000,860206.0000,4,14,3171,2691
671404.0000,857240.0000,4,14,3171,2656
689628.0000,868984.0000,4,14,3171,2503
704570.0000,845515.0000,4,14,3171,2334
652233.0000,886054.0000,4,14,3171,2967
705929.0000,851313.0000,4,14,3171,2341
682315.0000,843851.0000,4,14,3171,2468
667131.0000,849230.0000,4,14,3171,2665
707894.0000,904500.0000,4,14,3171,2498
649345.0000,864613.0000,4,14,3171,2910
629998.0000,877765.0000,4,14,3171,3143
659542.0000,840985.0000,4,14,3171,2722
621278.0000,888326.0000,4,14,3171,3225
682304.0000,876841.0000,4,14,3171,2638
679747.0000,860939.0000,4,14,3171,2555
663049.0000,843538.0000,4,14,3171,2690
672876.0000,844123.0000,4,14,3171,2541
689948.0000,850548.0000,4,14,3171,2430
696257.0000,894819.0000,4,14,3171,2560
629377.0000,853726.0000,4,14,3171,3013
658034.0000,897179.0000,4,14,3171,2965
696808.0000,866039.0000,4,14,3171,2438
699668.0000,863774.0000,4,14,3171,2411
669697.0000,859388.0000,4,14,3171,2710
606506.0000,766728.0000,4,-1,-1,2875
672474.0000,868765.0000,4,14,3171,2740
697011.0000,856357.0000,4,14,3171,2404
708262.0000,945359.0000,4,14,3171,2779
653181.0000,886417.0000,4,14,3171,2958
674521.0000,861127.0000,4,14,3171,2633
729194.0000,856897.0000,4,14,3171,2255
663168.0000,859429.0000,4,14,3171,2796
644843.0000,838626.0000,4,14,3171,2866
672797.0000,843231.0000,4,14,3171,2538
680677.0000,868629.0000,4,14,3171,2587
614497.0000,830844.0000,4,14,3171,3056
646671.0000,857872.0000,4,14,3171,2908
679242.0000,853941.0000,4,14,3171,2529
665697.0000,929571.0000,4,14,3171,3028
749941.0000,916922.0000,4,14,3171,2285
602365.0000,916673.0000,4,14,3171,3313
684537.0000,843821.0000,4,14,3171,2444
694308.0000,904062.0000,4,14,3171,2676
731712.0000,878998.0000,4,14,3171,2279
667713.0000,847241.0000,4,14,3171,2629
730383.0000,879136.0000,4,14,3171,2288
689363.0000,817577.0000,4,14,3171,2338
728743.0000,850843.0000,4,14,3171,2245
683941.0000,915579.0000,4,14,3171,2863
722463.0000,882675.0000,4,14,3171,2337
670519.0000,870010.0000,4,14,3171,2776
683252.0000,858182.0000,4,14,3171,2507
669288.0000,860515.0000,4,14,3171,2725
675357.0000,870850.0000,4,14,3171,2714
673449.0000,860643.0000,4,14,3171,2651
687325.0000,883004.0000,4,14,3171,2599
603472.0000,894573.0000,4,14,3171,3291
669713.0000,851017.0000,4,14,3171,2625
693362.0000,837786.0000,4,14,3171,2378
605535.0000,925341.0000,4,14,3171,3315
687078.0000,791051.0000,4,14,3171,2281
672387.0000,800443.0000,4,14,3171,2388
683048.0000,937776.0000,4,14,3171,2928
713579.0000,879202.0000,4,14,3171,2380
571669.0000,873544.0000,4,-1,-1,3322
695260.0000,824882.0000,4,14,3171,2327
702654.0000,841548.0000,4,14,3171,2333
601619.0000,825604.0000,4,14,3171,3161
564416.0000,878492.0000,4,-1,-1,3336
703773.0000,870419.0000,4,14,3171,2406
674931.0000,870112.0000,4,14,3171,2715
673140.0000,864863.0000,4,14,3171,2701
681053.0000,892766.0000,4,14,3171,2788
683321.0000,873932.0000,4,14,3171,2589
701017.0000,931252.0000,4,14,3171,2780
645677.0000,814395.0000,4,14,3171,2727
677362.0000,853471.0000,4,14,3171,2544
659046.0000,930099.0000,4,14,3171,3116
665426.0000,853940.0000,4,14,3171,2730
691827.0000,863963.0000,4,14,3171,2471
650661.0000,861267.0000,4,14,3171,2891
599647.0000,858702.0000,4,14,3171,3256
684091.0000,842566.0000,4,14,3171,2443
